[{"model": "service_development.voicelabel", "pk": 1, "fields": {"name": "Dutch language", "description": "Nederlandse taal"}}, {"model": "service_development.voicelabel", "pk": 2, "fields": {"name": "General error message", "description": ""}}, {"model": "service_development.voicelabel", "pk": 3, "fields": {"name": "This is the truth", "description": ""}}, {"model": "service_development.voicelabel", "pk": 4, "fields": {"name": "English language", "description": ""}}, {"model": "service_development.voicelabel", "pk": 5, "fields": {"name": "Thank you for using this service", "description": ""}}, {"model": "service_development.voicelabel", "pk": 6, "fields": {"name": "Wow, it must be a really boring guy!", "description": ""}}, {"model": "service_development.voicelabel", "pk": 7, "fields": {"name": "French language", "description": ""}}, {"model": "service_development.voicelabel", "pk": 8, "fields": {"name": "Please select your language", "description": ""}}, {"model": "service_development.voicelabel", "pk": 9, "fields": {"name": "Pre Choice Option", "description": ""}}, {"model": "service_development.voicelabel", "pk": 10, "fields": {"name": "Post Choice Option", "description": ""}}, {"model": "service_development.voicelabel", "pk": 11, "fields": {"name": "One", "description": ""}}, {"model": "service_development.voicelabel", "pk": 12, "fields": {"name": "Two", "description": ""}}, {"model": "service_development.voicelabel", "pk": 13, "fields": {"name": "Three", "description": ""}}, {"model": "service_development.voicelabel", "pk": 14, "fields": {"name": "Four", "description": ""}}, {"model": "service_development.voicelabel", "pk": 15, "fields": {"name": "Five", "description": ""}}, {"model": "service_development.voicelabel", "pk": 16, "fields": {"name": "Six", "description": ""}}, {"model": "service_development.voicelabel", "pk": 17, "fields": {"name": "Seven", "description": ""}}, {"model": "service_development.voicelabel", "pk": 18, "fields": {"name": "Eight", "description": ""}}, {"model": "service_development.voicelabel", "pk": 19, "fields": {"name": "Nine", "description": ""}}, {"model": "service_development.voicelabel", "pk": 20, "fields": {"name": "Zero", "description": ""}}, {"model": "service_development.voicelabel", "pk": 21, "fields": {"name": "Yes", "description": ""}}, {"model": "service_development.voicelabel", "pk": 22, "fields": {"name": "No", "description": ""}}, {"model": "service_development.voicelabel", "pk": 23, "fields": {"name": "Does the king like to drink beer?", "description": ""}}, {"model": "service_development.voicelabel", "pk": 25, "fields": {"name": "Please speak your message", "description": ""}}, {"model": "service_development.voicelabel", "pk": 28, "fields": {"name": "Welcome Message", "description": "Welcome message for the weather service"}}, {"model": "service_development.voicelabel", "pk": 29, "fields": {"name": "Strong Wind", "description": "Strong wind message"}}, {"model": "service_development.voicelabel", "pk": 30, "fields": {"name": "Normal Wind", "description": "Normal wind message"}}, {"model": "service_development.voicelabel", "pk": 31, "fields": {"name": "Forecast Init", "description": "Forecast init label"}}, {"model": "service_development.language", "pk": 1, "fields": {"name": "Nederlands", "code": "nl", "voice_label": 1, "error_message": 2, "select_language": 8, "pre_choice_option": 9, "post_choice_option": 10, "one": 11, "two": 12, "three": 13, "four": 14, "five": 15, "six": 16, "seven": 17, "eight": 18, "nine": 19, "zero": 20}}, {"model": "service_development.language", "pk": 2, "fields": {"name": "English", "code": "en", "voice_label": 4, "error_message": 2, "select_language": 8, "pre_choice_option": 9, "post_choice_option": 10, "one": 11, "two": 12, "three": 13, "four": 14, "five": 15, "six": 16, "seven": 17, "eight": 18, "nine": 19, "zero": 20}}, {"model": "service_development.language", "pk": 3, "fields": {"name": "Francais", "code": "fr", "voice_label": 7, "error_message": 2, "select_language": 8, "pre_choice_option": 9, "post_choice_option": 10, "one": 11, "two": 12, "three": 13, "four": 14, "five": 15, "six": 16, "seven": 17, "eight": 18, "nine": 19, "zero": 20}}, {"model": "service_development.voicefragment", "pk": 1, "fields": {"parent": 6, "language": 2, "audio": "boring_guy_en.wav"}}, {"model": "service_development.voicefragment", "pk": 2, "fields": {"parent": 6, "language": 1, "audio": "boring_guy_nl.wav"}}, {"model": "service_development.voicefragment", "pk": 6, "fields": {"parent": 22, "language": 1, "audio": "no_nl.wav"}}, {"model": "service_development.voicefragment", "pk": 7, "fields": {"parent": 22, "language": 2, "audio": "no_en.wav"}}, {"model": "service_development.voicefragment", "pk": 8, "fields": {"parent": 22, "language": 3, "audio": "no_fr.wav"}}, {"model": "service_development.voicefragment", "pk": 9, "fields": {"parent": 21, "language": 1, "audio": "yes_nl.wav"}}, {"model": "service_development.voicefragment", "pk": 10, "fields": {"parent": 21, "language": 2, "audio": "yes_en.wav"}}, {"model": "service_development.voicefragment", "pk": 11, "fields": {"parent": 21, "language": 3, "audio": "yes_fr.wav"}}, {"model": "service_development.voicefragment", "pk": 12, "fields": {"parent": 20, "language": 1, "audio": "0_nl.wav"}}, {"model": "service_development.voicefragment", "pk": 13, "fields": {"parent": 20, "language": 2, "audio": "0_en.wav"}}, {"model": "service_development.voicefragment", "pk": 14, "fields": {"parent": 20, "language": 3, "audio": "0_fr.wav"}}, {"model": "service_development.voicefragment", "pk": 15, "fields": {"parent": 19, "language": 1, "audio": "9_nl.wav"}}, {"model": "service_development.voicefragment", "pk": 16, "fields": {"parent": 19, "language": 2, "audio": "9_en.wav"}}, {"model": "service_development.voicefragment", "pk": 17, "fields": {"parent": 19, "language": 3, "audio": "9_fr.wav"}}, {"model": "service_development.voicefragment", "pk": 18, "fields": {"parent": 18, "language": 1, "audio": "8_nl.wav"}}, {"model": "service_development.voicefragment", "pk": 19, "fields": {"parent": 18, "language": 2, "audio": "8_en.wav"}}, {"model": "service_development.voicefragment", "pk": 20, "fields": {"parent": 18, "language": 3, "audio": "8_fr.wav"}}, {"model": "service_development.voicefragment", "pk": 21, "fields": {"parent": 17, "language": 1, "audio": "7_nl.wav"}}, {"model": "service_development.voicefragment", "pk": 22, "fields": {"parent": 17, "language": 2, "audio": "7_en.wav"}}, {"model": "service_development.voicefragment", "pk": 23, "fields": {"parent": 17, "language": 3, "audio": "7_fr.wav"}}, {"model": "service_development.voicefragment", "pk": 24, "fields": {"parent": 16, "language": 1, "audio": "6_nl.wav"}}, {"model": "service_development.voicefragment", "pk": 25, "fields": {"parent": 16, "language": 2, "audio": "6_en.wav"}}, {"model": "service_development.voicefragment", "pk": 26, "fields": {"parent": 16, "language": 3, "audio": "6_fr.wav"}}, {"model": "service_development.voicefragment", "pk": 27, "fields": {"parent": 15, "language": 1, "audio": "5_nl.wav"}}, {"model": "service_development.voicefragment", "pk": 28, "fields": {"parent": 15, "language": 2, "audio": "5_en.wav"}}, {"model": "service_development.voicefragment", "pk": 29, "fields": {"parent": 15, "language": 3, "audio": "5_fr.wav"}}, {"model": "service_development.voicefragment", "pk": 30, "fields": {"parent": 14, "language": 1, "audio": "4_nl.wav"}}, {"model": "service_development.voicefragment", "pk": 31, "fields": {"parent": 14, "language": 3, "audio": "4_fr.wav"}}, {"model": "service_development.voicefragment", "pk": 32, "fields": {"parent": 14, "language": 2, "audio": "4_en.wav"}}, {"model": "service_development.voicefragment", "pk": 33, "fields": {"parent": 13, "language": 1, "audio": "3_nl.wav"}}, {"model": "service_development.voicefragment", "pk": 34, "fields": {"parent": 13, "language": 2, "audio": "3_en.wav"}}, {"model": "service_development.voicefragment", "pk": 35, "fields": {"parent": 13, "language": 3, "audio": "3_fr.wav"}}, {"model": "service_development.voicefragment", "pk": 36, "fields": {"parent": 12, "language": 1, "audio": "2_nl.wav"}}, {"model": "service_development.voicefragment", "pk": 37, "fields": {"parent": 12, "language": 2, "audio": "2_en.wav"}}, {"model": "service_development.voicefragment", "pk": 38, "fields": {"parent": 12, "language": 3, "audio": "2_fr.wav"}}, {"model": "service_development.voicefragment", "pk": 39, "fields": {"parent": 11, "language": 1, "audio": "1_nl.wav"}}, {"model": "service_development.voicefragment", "pk": 40, "fields": {"parent": 11, "language": 2, "audio": "1_en.wav"}}, {"model": "service_development.voicefragment", "pk": 41, "fields": {"parent": 11, "language": 3, "audio": "1_fr.wav"}}, {"model": "service_development.voicefragment", "pk": 42, "fields": {"parent": 10, "language": 1, "audio": "post_choice_option_nl.wav"}}, {"model": "service_development.voicefragment", "pk": 43, "fields": {"parent": 10, "language": 2, "audio": "post_choice_option_en.wav"}}, {"model": "service_development.voicefragment", "pk": 44, "fields": {"parent": 10, "language": 3, "audio": "post_choice_option_fr.wav"}}, {"model": "service_development.voicefragment", "pk": 45, "fields": {"parent": 9, "language": 1, "audio": "pre_choice_option_nl.wav"}}, {"model": "service_development.voicefragment", "pk": 46, "fields": {"parent": 9, "language": 2, "audio": "pre_choice_option_en.wav"}}, {"model": "service_development.voicefragment", "pk": 47, "fields": {"parent": 9, "language": 3, "audio": "pre_choice_option_fr.wav"}}, {"model": "service_development.voicefragment", "pk": 48, "fields": {"parent": 8, "language": 1, "audio": "select_language_nl.wav"}}, {"model": "service_development.voicefragment", "pk": 49, "fields": {"parent": 8, "language": 2, "audio": "select_language_en.wav"}}, {"model": "service_development.voicefragment", "pk": 50, "fields": {"parent": 8, "language": 3, "audio": "select_language_fr.wav"}}, {"model": "service_development.voicefragment", "pk": 51, "fields": {"parent": 7, "language": 1, "audio": "french_nl.wav"}}, {"model": "service_development.voicefragment", "pk": 52, "fields": {"parent": 7, "language": 2, "audio": "french_en.wav"}}, {"model": "service_development.voicefragment", "pk": 53, "fields": {"parent": 7, "language": 3, "audio": "french_fr.wav"}}, {"model": "service_development.voicefragment", "pk": 54, "fields": {"parent": 6, "language": 3, "audio": "boring_guy_fr.wav"}}, {"model": "service_development.voicefragment", "pk": 55, "fields": {"parent": 5, "language": 1, "audio": "thank_you_for_using_nl.wav"}}, {"model": "service_development.voicefragment", "pk": 56, "fields": {"parent": 5, "language": 2, "audio": "thank_you_for_using_en.wav"}}, {"model": "service_development.voicefragment", "pk": 57, "fields": {"parent": 5, "language": 3, "audio": "thank_you_for_using_fr.wav"}}, {"model": "service_development.voicefragment", "pk": 58, "fields": {"parent": 4, "language": 1, "audio": "english_nl.wav"}}, {"model": "service_development.voicefragment", "pk": 59, "fields": {"parent": 4, "language": 2, "audio": "english_en.wav"}}, {"model": "service_development.voicefragment", "pk": 60, "fields": {"parent": 4, "language": 3, "audio": "english_fr.wav"}}, {"model": "service_development.voicefragment", "pk": 61, "fields": {"parent": 3, "language": 1, "audio": "truth_nl.wav"}}, {"model": "service_development.voicefragment", "pk": 62, "fields": {"parent": 3, "language": 2, "audio": "truth_en.wav"}}, {"model": "service_development.voicefragment", "pk": 63, "fields": {"parent": 3, "language": 3, "audio": "truth_fr.wav"}}, {"model": "service_development.voicefragment", "pk": 64, "fields": {"parent": 2, "language": 1, "audio": "error_nl.wav"}}, {"model": "service_development.voicefragment", "pk": 65, "fields": {"parent": 2, "language": 2, "audio": "error_en.wav"}}, {"model": "service_development.voicefragment", "pk": 66, "fields": {"parent": 2, "language": 3, "audio": "error_fr.wav"}}, {"model": "service_development.voicefragment", "pk": 67, "fields": {"parent": 1, "language": 1, "audio": "dutch_nl.wav"}}, {"model": "service_development.voicefragment", "pk": 68, "fields": {"parent": 1, "language": 2, "audio": "dutch_en.wav"}}, {"model": "service_development.voicefragment", "pk": 69, "fields": {"parent": 1, "language": 3, "audio": "dutch_fr.wav"}}, {"model": "service_development.voicefragment", "pk": 70, "fields": {"parent": 23, "language": 1, "audio": "king_question_nl.wav"}}, {"model": "service_development.voicefragment", "pk": 71, "fields": {"parent": 23, "language": 2, "audio": "king_question_en.wav"}}, {"model": "service_development.voicefragment", "pk": 72, "fields": {"parent": 23, "language": 3, "audio": "king_question_fr.wav"}}, {"model": "service_development.voicefragment", "pk": 74, "fields": {"parent": 25, "language": 3, "audio": "speakYourMessage.wav"}}, {"model": "service_development.voicefragment", "pk": 79, "fields": {"parent": 28, "language": 2, "audio": "en_weather_welcome_V6q40Le.wav"}}, {"model": "service_development.voicefragment", "pk": 80, "fields": {"parent": 28, "language": 3, "audio": "fr_weather_welcome_gVe7ZM6.wav"}}, {"model": "service_development.voicefragment", "pk": 81, "fields": {"parent": 29, "language": 2, "audio": "en_weather_strong_wind.wav"}}, {"model": "service_development.voicefragment", "pk": 82, "fields": {"parent": 29, "language": 3, "audio": "fr_weather_strong_wind.wav"}}, {"model": "service_development.voicefragment", "pk": 83, "fields": {"parent": 30, "language": 2, "audio": "en_weather_normal_wind.wav"}}, {"model": "service_development.voicefragment", "pk": 84, "fields": {"parent": 30, "language": 3, "audio": "fr_weather_normal_wind.wav"}}, {"model": "service_development.voicefragment", "pk": 85, "fields": {"parent": 31, "language": 2, "audio": "en_weather_init.wav"}}, {"model": "service_development.voicefragment", "pk": 86, "fields": {"parent": 31, "language": 3, "audio": "fr_weather_init.wav"}}, {"model": "service_development.voiceservicesubelement", "pk": 2, "fields": {"service": 1, "creation_date": "2017-04-23T19:30:23.792Z", "modification_date": "2018-02-16T16:42:26.402Z", "name": "Does the king like to drink beer?", "description": "", "voice_label": 23, "is_weather_element": false, "wind_threshold": null, "voice_label_wind_normal": null, "voice_label_wind_strong": null}}, {"model": "service_development.voiceservicesubelement", "pk": 3, "fields": {"service": 1, "creation_date": "2017-04-23T19:32:07.853Z", "modification_date": "2018-01-25T14:35:48.977Z", "name": "Yes", "description": "King <3's BEER", "voice_label": 21, "is_weather_element": false, "wind_threshold": null, "voice_label_wind_normal": null, "voice_label_wind_strong": null}}, {"model": "service_development.voiceservicesubelement", "pk": 4, "fields": {"service": 1, "creation_date": "2017-04-23T19:32:07.854Z", "modification_date": "2018-02-16T16:42:26.405Z", "name": "No", "description": "", "voice_label": 22, "is_weather_element": false, "wind_threshold": null, "voice_label_wind_normal": null, "voice_label_wind_strong": null}}, {"model": "service_development.voiceservicesubelement", "pk": 5, "fields": {"service": 1, "creation_date": "2017-04-23T19:49:50.055Z", "modification_date": "2018-02-16T16:42:51.484Z", "name": "This is the truth", "description": "", "voice_label": 3, "is_weather_element": false, "wind_threshold": null, "voice_label_wind_normal": null, "voice_label_wind_strong": null}}, {"model": "service_development.voiceservicesubelement", "pk": 6, "fields": {"service": 1, "creation_date": "2017-04-23T21:11:06.805Z", "modification_date": "2017-04-23T21:33:29.853Z", "name": "Thank you for using this service", "description": "", "voice_label": 5, "is_weather_element": false, "wind_threshold": null, "voice_label_wind_normal": null, "voice_label_wind_strong": null}}, {"model": "service_development.voiceservicesubelement", "pk": 7, "fields": {"service": 1, "creation_date": "2017-04-23T21:36:55.756Z", "modification_date": "2017-04-23T21:36:55.756Z", "name": "King is boring", "description": "", "voice_label": 6, "is_weather_element": false, "wind_threshold": null, "voice_label_wind_normal": null, "voice_label_wind_strong": null}}, {"model": "service_development.voiceservicesubelement", "pk": 9, "fields": {"service": 4, "creation_date": "2020-04-26T08:35:37.890Z", "modification_date": "2020-04-26T14:37:10.437Z", "name": "Forecast Message", "description": "Weather forecast message", "voice_label": 31, "is_weather_element": true, "wind_threshold": 35, "voice_label_wind_normal": 30, "voice_label_wind_strong": 29}}, {"model": "service_development.voiceserviceelement", "pk": 2, "fields": {}}, {"model": "service_development.voiceserviceelement", "pk": 5, "fields": {}}, {"model": "service_development.voiceserviceelement", "pk": 6, "fields": {}}, {"model": "service_development.voiceserviceelement", "pk": 7, "fields": {}}, {"model": "service_development.voiceserviceelement", "pk": 9, "fields": {}}, {"model": "service_development.voiceservice", "pk": 1, "fields": {"name": "King's truth checker", "description": "Checks the user's knowledge about the king of the Netherlands", "creation_date": "2017-04-23T19:23:52.392Z", "modification_date": "2020-04-20T04:49:59.925Z", "active": false, "_start_element": 2, "registration": "preferred", "registration_language": true, "registration_name": false, "supported_languages": [1, 2, 3]}}, {"model": "service_development.voiceservice", "pk": 4, "fields": {"name": "Weather Location Service", "description": "Weather location service running on Kasadaka", "creation_date": "2020-04-25T07:46:17.550Z", "modification_date": "2020-04-26T08:38:18.587Z", "active": true, "_start_element": 9, "registration": "preferred", "registration_language": true, "registration_name": false, "supported_languages": [2, 3]}}, {"model": "service_development.kasadakauser", "pk": 1, "fields": {"caller_id": "456", "first_name": "Henk", "last_name": "Ernia", "creation_date": "2018-02-02T11:10:27.670Z", "modification_date": "2018-02-12T14:44:24.019Z", "language": 1, "service": 1}}, {"model": "service_development.kasadakauser", "pk": 2, "fields": {"caller_id": "1234", "first_name": "", "last_name": "", "creation_date": "2020-04-20T05:09:32.948Z", "modification_date": "2020-04-20T05:09:32.948Z", "language": 2, "service": 1}}, {"model": "service_development.callsession", "pk": 1, "fields": {"start": "2020-04-20T04:50:19.763Z", "end": null, "user": null, "caller_id": null, "service": 1, "_language": null}}, {"model": "service_development.callsession", "pk": 2, "fields": {"start": "2020-04-20T04:56:28.952Z", "end": "2020-04-20T05:18:39.260Z", "user": 2, "caller_id": "1234", "service": 1, "_language": 2}}, {"model": "service_development.callsession", "pk": 3, "fields": {"start": "2020-04-20T05:13:47.747Z", "end": null, "user": null, "caller_id": null, "service": 1, "_language": null}}, {"model": "service_development.callsession", "pk": 4, "fields": {"start": "2020-04-20T05:14:16.581Z", "end": null, "user": null, "caller_id": null, "service": 1, "_language": null}}, {"model": "service_development.callsession", "pk": 5, "fields": {"start": "2020-04-20T05:14:47.303Z", "end": "2020-04-25T07:53:36.066Z", "user": null, "caller_id": null, "service": 1, "_language": 2}}, {"model": "service_development.callsession", "pk": 6, "fields": {"start": "2020-04-25T07:53:06.603Z", "end": "2020-04-25T07:54:18.421Z", "user": null, "caller_id": null, "service": 4, "_language": 2}}, {"model": "service_development.callsession", "pk": 7, "fields": {"start": "2020-04-25T08:09:44.559Z", "end": "2020-04-25T08:11:19.507Z", "user": null, "caller_id": null, "service": 4, "_language": 2}}, {"model": "service_development.callsession", "pk": 8, "fields": {"start": "2020-04-25T08:12:50.015Z", "end": "2020-04-25T08:13:10.824Z", "user": null, "caller_id": null, "service": 4, "_language": 2}}, {"model": "service_development.callsession", "pk": 9, "fields": {"start": "2020-04-25T11:30:00.320Z", "end": null, "user": null, "caller_id": null, "service": 4, "_language": null}}, {"model": "service_development.callsession", "pk": 10, "fields": {"start": "2020-04-25T11:30:42.948Z", "end": "2020-04-25T11:31:03.922Z", "user": null, "caller_id": null, "service": 4, "_language": 2}}, {"model": "service_development.callsession", "pk": 11, "fields": {"start": "2020-04-26T06:07:32.636Z", "end": "2020-04-26T06:07:53.438Z", "user": null, "caller_id": null, "service": 4, "_language": 2}}, {"model": "service_development.callsession", "pk": 12, "fields": {"start": "2020-04-26T08:36:48.538Z", "end": "2020-04-26T08:37:28.139Z", "user": null, "caller_id": null, "service": 4, "_language": 2}}, {"model": "service_development.callsession", "pk": 13, "fields": {"start": "2020-04-26T08:38:27.832Z", "end": "2020-04-26T08:38:57.424Z", "user": null, "caller_id": null, "service": 4, "_language": 2}}, {"model": "service_development.callsession", "pk": 14, "fields": {"start": "2020-04-26T08:39:14.746Z", "end": "2020-04-26T08:57:21.155Z", "user": null, "caller_id": null, "service": 4, "_language": 2}}, {"model": "service_development.callsession", "pk": 15, "fields": {"start": "2020-04-26T09:37:00.865Z", "end": "2020-04-26T14:36:31.143Z", "user": null, "caller_id": null, "service": 4, "_language": 2}}, {"model": "service_development.callsessionstep", "pk": 1, "fields": {"time": "2020-04-20T05:09:32.901Z", "session": 2, "_visited_element": null, "description": "Language selected, English"}}, {"model": "service_development.callsessionstep", "pk": 2, "fields": {"time": "2020-04-20T05:09:32.959Z", "session": 2, "_visited_element": null, "description": "Registered as user: 1234"}}, {"model": "service_development.callsessionstep", "pk": 3, "fields": {"time": "2020-04-20T05:09:33.016Z", "session": 2, "_visited_element": 2, "description": null}}, {"model": "service_development.callsessionstep", "pk": 4, "fields": {"time": "2020-04-20T05:12:00.123Z", "session": 2, "_visited_element": 5, "description": null}}, {"model": "service_development.callsessionstep", "pk": 5, "fields": {"time": "2020-04-20T05:12:37.152Z", "session": 2, "_visited_element": 6, "description": null}}, {"model": "service_development.callsessionstep", "pk": 6, "fields": {"time": "2020-04-20T05:16:21.852Z", "session": 2, "_visited_element": null, "description": "Language selected, English"}}, {"model": "service_development.callsessionstep", "pk": 7, "fields": {"time": "2020-04-20T05:17:03.133Z", "session": 5, "_visited_element": null, "description": "Language selected, English"}}, {"model": "service_development.callsessionstep", "pk": 8, "fields": {"time": "2020-04-20T05:17:03.192Z", "session": 5, "_visited_element": 2, "description": null}}, {"model": "service_development.callsessionstep", "pk": 9, "fields": {"time": "2020-04-20T05:18:35.220Z", "session": 5, "_visited_element": 7, "description": null}}, {"model": "service_development.callsessionstep", "pk": 10, "fields": {"time": "2020-04-20T05:18:39.271Z", "session": 2, "_visited_element": 6, "description": null}}, {"model": "service_development.callsessionstep", "pk": 11, "fields": {"time": "2020-04-25T07:53:36.025Z", "session": 6, "_visited_element": null, "description": "Language selected, English"}}, {"model": "service_development.callsessionstep", "pk": 12, "fields": {"time": "2020-04-25T07:53:36.069Z", "session": 5, "_visited_element": 2, "description": null}}, {"model": "service_development.callsessionstep", "pk": 13, "fields": {"time": "2020-04-25T07:54:18.430Z", "session": 6, "_visited_element": null, "description": "Language selected, English"}}, {"model": "service_development.callsessionstep", "pk": 14, "fields": {"time": "2020-04-25T08:10:08.600Z", "session": 7, "_visited_element": null, "description": "Language selected, English"}}, {"model": "service_development.callsessionstep", "pk": 15, "fields": {"time": "2020-04-25T08:10:08.687Z", "session": 7, "_visited_element": null, "description": null}}, {"model": "service_development.callsessionstep", "pk": 16, "fields": {"time": "2020-04-25T08:10:26.870Z", "session": 7, "_visited_element": null, "description": "Language selected, English"}}, {"model": "service_development.callsessionstep", "pk": 17, "fields": {"time": "2020-04-25T08:10:26.922Z", "session": 7, "_visited_element": null, "description": null}}, {"model": "service_development.callsessionstep", "pk": 18, "fields": {"time": "2020-04-25T08:11:19.463Z", "session": 7, "_visited_element": null, "description": "Language selected, English"}}, {"model": "service_development.callsessionstep", "pk": 19, "fields": {"time": "2020-04-25T08:11:19.510Z", "session": 7, "_visited_element": null, "description": null}}, {"model": "service_development.callsessionstep", "pk": 20, "fields": {"time": "2020-04-25T08:13:10.782Z", "session": 8, "_visited_element": null, "description": "Language selected, English"}}, {"model": "service_development.callsessionstep", "pk": 21, "fields": {"time": "2020-04-25T08:13:10.827Z", "session": 8, "_visited_element": null, "description": null}}, {"model": "service_development.callsessionstep", "pk": 22, "fields": {"time": "2020-04-25T11:31:03.865Z", "session": 10, "_visited_element": null, "description": "Language selected, English"}}, {"model": "service_development.callsessionstep", "pk": 23, "fields": {"time": "2020-04-25T11:31:03.924Z", "session": 10, "_visited_element": null, "description": null}}, {"model": "service_development.callsessionstep", "pk": 24, "fields": {"time": "2020-04-26T06:07:53.369Z", "session": 11, "_visited_element": null, "description": "Language selected, English"}}, {"model": "service_development.callsessionstep", "pk": 25, "fields": {"time": "2020-04-26T06:07:53.445Z", "session": 11, "_visited_element": null, "description": null}}, {"model": "service_development.callsessionstep", "pk": 26, "fields": {"time": "2020-04-26T08:37:01.756Z", "session": 12, "_visited_element": null, "description": "Language selected, English"}}, {"model": "service_development.callsessionstep", "pk": 27, "fields": {"time": "2020-04-26T08:37:01.953Z", "session": 12, "_visited_element": null, "description": null}}, {"model": "service_development.callsessionstep", "pk": 28, "fields": {"time": "2020-04-26T08:37:25.068Z", "session": 12, "_visited_element": null, "description": "Language selected, English"}}, {"model": "service_development.callsessionstep", "pk": 29, "fields": {"time": "2020-04-26T08:37:25.170Z", "session": 12, "_visited_element": null, "description": null}}, {"model": "service_development.callsessionstep", "pk": 30, "fields": {"time": "2020-04-26T08:37:26.602Z", "session": 12, "_visited_element": null, "description": "Language selected, English"}}, {"model": "service_development.callsessionstep", "pk": 31, "fields": {"time": "2020-04-26T08:37:26.685Z", "session": 12, "_visited_element": null, "description": null}}, {"model": "service_development.callsessionstep", "pk": 32, "fields": {"time": "2020-04-26T08:37:28.066Z", "session": 12, "_visited_element": null, "description": "Language selected, English"}}, {"model": "service_development.callsessionstep", "pk": 33, "fields": {"time": "2020-04-26T08:37:28.150Z", "session": 12, "_visited_element": null, "description": null}}, {"model": "service_development.callsessionstep", "pk": 34, "fields": {"time": "2020-04-26T08:38:38.380Z", "session": 13, "_visited_element": null, "description": "Language selected, Nederlands"}}, {"model": "service_development.callsessionstep", "pk": 35, "fields": {"time": "2020-04-26T08:38:57.275Z", "session": 13, "_visited_element": null, "description": "Language selected, English"}}, {"model": "service_development.callsessionstep", "pk": 36, "fields": {"time": "2020-04-26T08:38:57.426Z", "session": 13, "_visited_element": 9, "description": null}}, {"model": "service_development.callsessionstep", "pk": 37, "fields": {"time": "2020-04-26T08:39:24.381Z", "session": 14, "_visited_element": null, "description": "Language selected, English"}}, {"model": "service_development.callsessionstep", "pk": 38, "fields": {"time": "2020-04-26T08:39:24.462Z", "session": 14, "_visited_element": 9, "description": null}}, {"model": "service_development.callsessionstep", "pk": 39, "fields": {"time": "2020-04-26T08:39:31.505Z", "session": 14, "_visited_element": null, "description": "Language selected, English"}}, {"model": "service_development.callsessionstep", "pk": 40, "fields": {"time": "2020-04-26T08:39:31.571Z", "session": 14, "_visited_element": 9, "description": null}}, {"model": "service_development.callsessionstep", "pk": 41, "fields": {"time": "2020-04-26T08:57:21.010Z", "session": 14, "_visited_element": null, "description": "Language selected, English"}}, {"model": "service_development.callsessionstep", "pk": 42, "fields": {"time": "2020-04-26T08:57:21.159Z", "session": 14, "_visited_element": 9, "description": null}}, {"model": "service_development.callsessionstep", "pk": 43, "fields": {"time": "2020-04-26T09:37:10.020Z", "session": 15, "_visited_element": null, "description": "Language selected, English"}}, {"model": "service_development.callsessionstep", "pk": 44, "fields": {"time": "2020-04-26T09:37:10.353Z", "session": 15, "_visited_element": 9, "description": null}}, {"model": "service_development.callsessionstep", "pk": 45, "fields": {"time": "2020-04-26T09:37:42.539Z", "session": 15, "_visited_element": null, "description": "Language selected, English"}}, {"model": "service_development.callsessionstep", "pk": 46, "fields": {"time": "2020-04-26T09:37:42.682Z", "session": 15, "_visited_element": 9, "description": null}}, {"model": "service_development.callsessionstep", "pk": 47, "fields": {"time": "2020-04-26T09:38:33.953Z", "session": 15, "_visited_element": null, "description": "Language selected, English"}}, {"model": "service_development.callsessionstep", "pk": 48, "fields": {"time": "2020-04-26T09:38:34.180Z", "session": 15, "_visited_element": 9, "description": null}}, {"model": "service_development.callsessionstep", "pk": 49, "fields": {"time": "2020-04-26T09:39:46.724Z", "session": 15, "_visited_element": null, "description": "Language selected, English"}}, {"model": "service_development.callsessionstep", "pk": 50, "fields": {"time": "2020-04-26T09:39:46.870Z", "session": 15, "_visited_element": 9, "description": null}}, {"model": "service_development.callsessionstep", "pk": 51, "fields": {"time": "2020-04-26T09:40:13.695Z", "session": 15, "_visited_element": null, "description": "Language selected, English"}}, {"model": "service_development.callsessionstep", "pk": 52, "fields": {"time": "2020-04-26T09:40:13.893Z", "session": 15, "_visited_element": 9, "description": null}}, {"model": "service_development.callsessionstep", "pk": 53, "fields": {"time": "2020-04-26T09:40:55.311Z", "session": 15, "_visited_element": null, "description": "Language selected, English"}}, {"model": "service_development.callsessionstep", "pk": 54, "fields": {"time": "2020-04-26T09:40:55.457Z", "session": 15, "_visited_element": 9, "description": null}}, {"model": "service_development.callsessionstep", "pk": 55, "fields": {"time": "2020-04-26T09:41:16.246Z", "session": 15, "_visited_element": null, "description": "Language selected, English"}}, {"model": "service_development.callsessionstep", "pk": 56, "fields": {"time": "2020-04-26T09:41:16.580Z", "session": 15, "_visited_element": 9, "description": null}}, {"model": "service_development.callsessionstep", "pk": 57, "fields": {"time": "2020-04-26T09:41:29.467Z", "session": 15, "_visited_element": null, "description": "Language selected, English"}}, {"model": "service_development.callsessionstep", "pk": 58, "fields": {"time": "2020-04-26T09:41:29.605Z", "session": 15, "_visited_element": 9, "description": null}}, {"model": "service_development.callsessionstep", "pk": 59, "fields": {"time": "2020-04-26T09:42:35.940Z", "session": 15, "_visited_element": null, "description": "Language selected, English"}}, {"model": "service_development.callsessionstep", "pk": 60, "fields": {"time": "2020-04-26T09:42:36.074Z", "session": 15, "_visited_element": 9, "description": null}}, {"model": "service_development.callsessionstep", "pk": 61, "fields": {"time": "2020-04-26T09:43:01.189Z", "session": 15, "_visited_element": null, "description": "Language selected, English"}}, {"model": "service_development.callsessionstep", "pk": 62, "fields": {"time": "2020-04-26T09:43:01.719Z", "session": 15, "_visited_element": 9, "description": null}}, {"model": "service_development.callsessionstep", "pk": 63, "fields": {"time": "2020-04-26T09:47:17.978Z", "session": 15, "_visited_element": null, "description": "Language selected, English"}}, {"model": "service_development.callsessionstep", "pk": 64, "fields": {"time": "2020-04-26T09:47:18.174Z", "session": 15, "_visited_element": 9, "description": null}}, {"model": "service_development.callsessionstep", "pk": 65, "fields": {"time": "2020-04-26T09:47:49.180Z", "session": 15, "_visited_element": null, "description": "Language selected, English"}}, {"model": "service_development.callsessionstep", "pk": 66, "fields": {"time": "2020-04-26T09:47:49.282Z", "session": 15, "_visited_element": 9, "description": null}}, {"model": "service_development.callsessionstep", "pk": 67, "fields": {"time": "2020-04-26T09:48:13.039Z", "session": 15, "_visited_element": null, "description": "Language selected, English"}}, {"model": "service_development.callsessionstep", "pk": 68, "fields": {"time": "2020-04-26T09:48:13.249Z", "session": 15, "_visited_element": 9, "description": null}}, {"model": "service_development.callsessionstep", "pk": 69, "fields": {"time": "2020-04-26T09:50:50.961Z", "session": 15, "_visited_element": null, "description": "Language selected, English"}}, {"model": "service_development.callsessionstep", "pk": 70, "fields": {"time": "2020-04-26T09:50:51.237Z", "session": 15, "_visited_element": 9, "description": null}}, {"model": "service_development.callsessionstep", "pk": 71, "fields": {"time": "2020-04-26T09:51:50.184Z", "session": 15, "_visited_element": null, "description": "Language selected, English"}}, {"model": "service_development.callsessionstep", "pk": 72, "fields": {"time": "2020-04-26T09:51:50.465Z", "session": 15, "_visited_element": 9, "description": null}}, {"model": "service_development.callsessionstep", "pk": 73, "fields": {"time": "2020-04-26T09:52:04.339Z", "session": 15, "_visited_element": null, "description": "Language selected, English"}}, {"model": "service_development.callsessionstep", "pk": 74, "fields": {"time": "2020-04-26T09:52:04.607Z", "session": 15, "_visited_element": 9, "description": null}}, {"model": "service_development.callsessionstep", "pk": 75, "fields": {"time": "2020-04-26T14:23:02.770Z", "session": 15, "_visited_element": null, "description": "Language selected, English"}}, {"model": "service_development.callsessionstep", "pk": 76, "fields": {"time": "2020-04-26T14:23:02.838Z", "session": 15, "_visited_element": 9, "description": null}}, {"model": "service_development.callsessionstep", "pk": 77, "fields": {"time": "2020-04-26T14:33:58.578Z", "session": 15, "_visited_element": null, "description": "Language selected, English"}}, {"model": "service_development.callsessionstep", "pk": 78, "fields": {"time": "2020-04-26T14:33:58.723Z", "session": 15, "_visited_element": 9, "description": null}}, {"model": "service_development.callsessionstep", "pk": 79, "fields": {"time": "2020-04-26T14:34:43.686Z", "session": 15, "_visited_element": null, "description": "Language selected, English"}}, {"model": "service_development.callsessionstep", "pk": 80, "fields": {"time": "2020-04-26T14:34:43.817Z", "session": 15, "_visited_element": 9, "description": null}}, {"model": "service_development.callsessionstep", "pk": 81, "fields": {"time": "2020-04-26T14:35:11.768Z", "session": 15, "_visited_element": null, "description": "Language selected, English"}}, {"model": "service_development.callsessionstep", "pk": 82, "fields": {"time": "2020-04-26T14:35:11.875Z", "session": 15, "_visited_element": 9, "description": null}}, {"model": "service_development.callsessionstep", "pk": 83, "fields": {"time": "2020-04-26T14:35:56.152Z", "session": 15, "_visited_element": null, "description": "Language selected, English"}}, {"model": "service_development.callsessionstep", "pk": 84, "fields": {"time": "2020-04-26T14:35:56.287Z", "session": 15, "_visited_element": 9, "description": null}}, {"model": "service_development.callsessionstep", "pk": 85, "fields": {"time": "2020-04-26T14:36:30.955Z", "session": 15, "_visited_element": null, "description": "Language selected, English"}}, {"model": "service_development.callsessionstep", "pk": 86, "fields": {"time": "2020-04-26T14:36:31.174Z", "session": 15, "_visited_element": 9, "description": null}}, {"model": "service_development.choice", "pk": 2, "fields": {}}, {"model": "service_development.choiceoption", "pk": 3, "fields": {"parent": 2, "_redirect": 5}}, {"model": "service_development.choiceoption", "pk": 4, "fields": {"parent": 2, "_redirect": 7}}, {"model": "service_development.messagepresentation", "pk": 5, "fields": {"final_element": false, "_redirect": 6}}, {"model": "service_development.messagepresentation", "pk": 6, "fields": {"final_element": true, "_redirect": null}}, {"model": "service_development.messagepresentation", "pk": 7, "fields": {"final_element": false, "_redirect": 6}}, {"model": "service_development.messagepresentation", "pk": 9, "fields": {"final_element": true, "_redirect": null}}, {"model": "contenttypes.contenttype", "pk": 1, "fields": {"app_label": "service_development", "model": "callsession"}}, {"model": "contenttypes.contenttype", "pk": 2, "fields": {"app_label": "service_development", "model": "language"}}, {"model": "contenttypes.contenttype", "pk": 3, "fields": {"app_label": "service_development", "model": "voicelabel"}}, {"model": "contenttypes.contenttype", "pk": 4, "fields": {"app_label": "service_development", "model": "voiceservice"}}, {"model": "contenttypes.contenttype", "pk": 5, "fields": {"app_label": "service_development", "model": "voiceservicesubelement"}}, {"model": "contenttypes.contenttype", "pk": 6, "fields": {"app_label": "service_development", "model": "voiceserviceelement"}}, {"model": "contenttypes.contenttype", "pk": 7, "fields": {"app_label": "service_development", "model": "voicefragment"}}, {"model": "contenttypes.contenttype", "pk": 8, "fields": {"app_label": "service_development", "model": "userinputcategory"}}, {"model": "contenttypes.contenttype", "pk": 9, "fields": {"app_label": "service_development", "model": "spokenuserinput"}}, {"model": "contenttypes.contenttype", "pk": 10, "fields": {"app_label": "service_development", "model": "kasadakauser"}}, {"model": "contenttypes.contenttype", "pk": 11, "fields": {"app_label": "service_development", "model": "choice"}}, {"model": "contenttypes.contenttype", "pk": 12, "fields": {"app_label": "service_development", "model": "callsessionstep"}}, {"model": "contenttypes.contenttype", "pk": 13, "fields": {"app_label": "service_development", "model": "record"}}, {"model": "contenttypes.contenttype", "pk": 14, "fields": {"app_label": "service_development", "model": "messagepresentation"}}, {"model": "contenttypes.contenttype", "pk": 15, "fields": {"app_label": "service_development", "model": "choiceoption"}}, {"model": "contenttypes.contenttype", "pk": 16, "fields": {"app_label": "admin", "model": "logentry"}}, {"model": "contenttypes.contenttype", "pk": 17, "fields": {"app_label": "auth", "model": "permission"}}, {"model": "contenttypes.contenttype", "pk": 18, "fields": {"app_label": "auth", "model": "group"}}, {"model": "contenttypes.contenttype", "pk": 19, "fields": {"app_label": "auth", "model": "user"}}, {"model": "contenttypes.contenttype", "pk": 20, "fields": {"app_label": "contenttypes", "model": "contenttype"}}, {"model": "contenttypes.contenttype", "pk": 21, "fields": {"app_label": "sessions", "model": "session"}}, {"model": "contenttypes.contenttype", "pk": 22, "fields": {"app_label": "service_development", "model": "weatherpresentation"}}, {"model": "sessions.session", "pk": "d1glc91cxmw4h6cqatypa5m1np0ssnz2", "fields": {"session_data": "NGI5YmVjMjJmYjc5MzEzYjUxNTI2OWVlMzc0NWI4Nzk3M2I4OWY2NDp7Il9hdXRoX3VzZXJfaWQiOiIxIiwiX2F1dGhfdXNlcl9iYWNrZW5kIjoiZGphbmdvLmNvbnRyaWIuYXV0aC5iYWNrZW5kcy5Nb2RlbEJhY2tlbmQiLCJfYXV0aF91c2VyX2hhc2giOiI1ZjE1YTQ4NTMyYmUzZDM2YjNmZGU1ZjFhMTQwNGVjNDNiZGFhMjVmIn0=", "expire_date": "2020-05-09T06:09:47.406Z"}}, {"model": "sessions.session", "pk": "mlfmyf8feerbmv37rogc410u2mkw2ce0", "fields": {"session_data": "NGI5YmVjMjJmYjc5MzEzYjUxNTI2OWVlMzc0NWI4Nzk3M2I4OWY2NDp7Il9hdXRoX3VzZXJfaWQiOiIxIiwiX2F1dGhfdXNlcl9iYWNrZW5kIjoiZGphbmdvLmNvbnRyaWIuYXV0aC5iYWNrZW5kcy5Nb2RlbEJhY2tlbmQiLCJfYXV0aF91c2VyX2hhc2giOiI1ZjE1YTQ4NTMyYmUzZDM2YjNmZGU1ZjFhMTQwNGVjNDNiZGFhMjVmIn0=", "expire_date": "2020-05-04T04:40:15.770Z"}}, {"model": "sessions.session", "pk": "tgk1efjv0b21zu8sb3parkdwwaraeaan", "fields": {"session_data": "NGI5YmVjMjJmYjc5MzEzYjUxNTI2OWVlMzc0NWI4Nzk3M2I4OWY2NDp7Il9hdXRoX3VzZXJfaWQiOiIxIiwiX2F1dGhfdXNlcl9iYWNrZW5kIjoiZGphbmdvLmNvbnRyaWIuYXV0aC5iYWNrZW5kcy5Nb2RlbEJhY2tlbmQiLCJfYXV0aF91c2VyX2hhc2giOiI1ZjE1YTQ4NTMyYmUzZDM2YjNmZGU1ZjFhMTQwNGVjNDNiZGFhMjVmIn0=", "expire_date": "2020-04-29T12:34:43.599Z"}}, {"model": "auth.permission", "pk": 1, "fields": {"name": "Can add Call Session", "content_type": 1, "codename": "add_callsession"}}, {"model": "auth.permission", "pk": 2, "fields": {"name": "Can change Call Session", "content_type": 1, "codename": "change_callsession"}}, {"model": "auth.permission", "pk": 3, "fields": {"name": "Can delete Call Session", "content_type": 1, "codename": "delete_callsession"}}, {"model": "auth.permission", "pk": 4, "fields": {"name": "Can view Call Session", "content_type": 1, "codename": "view_callsession"}}, {"model": "auth.permission", "pk": 5, "fields": {"name": "Can add Language", "content_type": 2, "codename": "add_language"}}, {"model": "auth.permission", "pk": 6, "fields": {"name": "Can change Language", "content_type": 2, "codename": "change_language"}}, {"model": "auth.permission", "pk": 7, "fields": {"name": "Can delete Language", "content_type": 2, "codename": "delete_language"}}, {"model": "auth.permission", "pk": 8, "fields": {"name": "Can view Language", "content_type": 2, "codename": "view_language"}}, {"model": "auth.permission", "pk": 9, "fields": {"name": "Can add Voice Label", "content_type": 3, "codename": "add_voicelabel"}}, {"model": "auth.permission", "pk": 10, "fields": {"name": "Can change Voice Label", "content_type": 3, "codename": "change_voicelabel"}}, {"model": "auth.permission", "pk": 11, "fields": {"name": "Can delete Voice Label", "content_type": 3, "codename": "delete_voicelabel"}}, {"model": "auth.permission", "pk": 12, "fields": {"name": "Can view Voice Label", "content_type": 3, "codename": "view_voicelabel"}}, {"model": "auth.permission", "pk": 13, "fields": {"name": "Can add Voice Service", "content_type": 4, "codename": "add_voiceservice"}}, {"model": "auth.permission", "pk": 14, "fields": {"name": "Can change Voice Service", "content_type": 4, "codename": "change_voiceservice"}}, {"model": "auth.permission", "pk": 15, "fields": {"name": "Can delete Voice Service", "content_type": 4, "codename": "delete_voiceservice"}}, {"model": "auth.permission", "pk": 16, "fields": {"name": "Can view Voice Service", "content_type": 4, "codename": "view_voiceservice"}}, {"model": "auth.permission", "pk": 17, "fields": {"name": "Can add Voice Service Sub-Element", "content_type": 5, "codename": "add_voiceservicesubelement"}}, {"model": "auth.permission", "pk": 18, "fields": {"name": "Can change Voice Service Sub-Element", "content_type": 5, "codename": "change_voiceservicesubelement"}}, {"model": "auth.permission", "pk": 19, "fields": {"name": "Can delete Voice Service Sub-Element", "content_type": 5, "codename": "delete_voiceservicesubelement"}}, {"model": "auth.permission", "pk": 20, "fields": {"name": "Can view Voice Service Sub-Element", "content_type": 5, "codename": "view_voiceservicesubelement"}}, {"model": "auth.permission", "pk": 21, "fields": {"name": "Can add Voice Service Element", "content_type": 6, "codename": "add_voiceserviceelement"}}, {"model": "auth.permission", "pk": 22, "fields": {"name": "Can change Voice Service Element", "content_type": 6, "codename": "change_voiceserviceelement"}}, {"model": "auth.permission", "pk": 23, "fields": {"name": "Can delete Voice Service Element", "content_type": 6, "codename": "delete_voiceserviceelement"}}, {"model": "auth.permission", "pk": 24, "fields": {"name": "Can view Voice Service Element", "content_type": 6, "codename": "view_voiceserviceelement"}}, {"model": "auth.permission", "pk": 25, "fields": {"name": "Can add Voice Fragment", "content_type": 7, "codename": "add_voicefragment"}}, {"model": "auth.permission", "pk": 26, "fields": {"name": "Can change Voice Fragment", "content_type": 7, "codename": "change_voicefragment"}}, {"model": "auth.permission", "pk": 27, "fields": {"name": "Can delete Voice Fragment", "content_type": 7, "codename": "delete_voicefragment"}}, {"model": "auth.permission", "pk": 28, "fields": {"name": "Can view Voice Fragment", "content_type": 7, "codename": "view_voicefragment"}}, {"model": "auth.permission", "pk": 29, "fields": {"name": "Can add User Input Category", "content_type": 8, "codename": "add_userinputcategory"}}, {"model": "auth.permission", "pk": 30, "fields": {"name": "Can change User Input Category", "content_type": 8, "codename": "change_userinputcategory"}}, {"model": "auth.permission", "pk": 31, "fields": {"name": "Can delete User Input Category", "content_type": 8, "codename": "delete_userinputcategory"}}, {"model": "auth.permission", "pk": 32, "fields": {"name": "Can view User Input Category", "content_type": 8, "codename": "view_userinputcategory"}}, {"model": "auth.permission", "pk": 33, "fields": {"name": "Can add Spoken User Input", "content_type": 9, "codename": "add_spokenuserinput"}}, {"model": "auth.permission", "pk": 34, "fields": {"name": "Can change Spoken User Input", "content_type": 9, "codename": "change_spokenuserinput"}}, {"model": "auth.permission", "pk": 35, "fields": {"name": "Can delete Spoken User Input", "content_type": 9, "codename": "delete_spokenuserinput"}}, {"model": "auth.permission", "pk": 36, "fields": {"name": "Can view Spoken User Input", "content_type": 9, "codename": "view_spokenuserinput"}}, {"model": "auth.permission", "pk": 37, "fields": {"name": "Can add KasaDaka User", "content_type": 10, "codename": "add_kasadakauser"}}, {"model": "auth.permission", "pk": 38, "fields": {"name": "Can change KasaDaka User", "content_type": 10, "codename": "change_kasadakauser"}}, {"model": "auth.permission", "pk": 39, "fields": {"name": "Can delete KasaDaka User", "content_type": 10, "codename": "delete_kasadakauser"}}, {"model": "auth.permission", "pk": 40, "fields": {"name": "Can view KasaDaka User", "content_type": 10, "codename": "view_kasadakauser"}}, {"model": "auth.permission", "pk": 41, "fields": {"name": "Can add Choice Element", "content_type": 11, "codename": "add_choice"}}, {"model": "auth.permission", "pk": 42, "fields": {"name": "Can change Choice Element", "content_type": 11, "codename": "change_choice"}}, {"model": "auth.permission", "pk": 43, "fields": {"name": "Can delete Choice Element", "content_type": 11, "codename": "delete_choice"}}, {"model": "auth.permission", "pk": 44, "fields": {"name": "Can view Choice Element", "content_type": 11, "codename": "view_choice"}}, {"model": "auth.permission", "pk": 45, "fields": {"name": "Can add Call Session Step", "content_type": 12, "codename": "add_callsessionstep"}}, {"model": "auth.permission", "pk": 46, "fields": {"name": "Can change Call Session Step", "content_type": 12, "codename": "change_callsessionstep"}}, {"model": "auth.permission", "pk": 47, "fields": {"name": "Can delete Call Session Step", "content_type": 12, "codename": "delete_callsessionstep"}}, {"model": "auth.permission", "pk": 48, "fields": {"name": "Can view Call Session Step", "content_type": 12, "codename": "view_callsessionstep"}}, {"model": "auth.permission", "pk": 49, "fields": {"name": "Can add Spoken Input Element", "content_type": 13, "codename": "add_record"}}, {"model": "auth.permission", "pk": 50, "fields": {"name": "Can change Spoken Input Element", "content_type": 13, "codename": "change_record"}}, {"model": "auth.permission", "pk": 51, "fields": {"name": "Can delete Spoken Input Element", "content_type": 13, "codename": "delete_record"}}, {"model": "auth.permission", "pk": 52, "fields": {"name": "Can view Spoken Input Element", "content_type": 13, "codename": "view_record"}}, {"model": "auth.permission", "pk": 53, "fields": {"name": "Can add Message Presentation Element", "content_type": 14, "codename": "add_messagepresentation"}}, {"model": "auth.permission", "pk": 54, "fields": {"name": "Can change Message Presentation Element", "content_type": 14, "codename": "change_messagepresentation"}}, {"model": "auth.permission", "pk": 55, "fields": {"name": "Can delete Message Presentation Element", "content_type": 14, "codename": "delete_messagepresentation"}}, {"model": "auth.permission", "pk": 56, "fields": {"name": "Can view Message Presentation Element", "content_type": 14, "codename": "view_messagepresentation"}}, {"model": "auth.permission", "pk": 57, "fields": {"name": "Can add Voice Service", "content_type": 15, "codename": "add_choiceoption"}}, {"model": "auth.permission", "pk": 58, "fields": {"name": "Can change Voice Service", "content_type": 15, "codename": "change_choiceoption"}}, {"model": "auth.permission", "pk": 59, "fields": {"name": "Can delete Voice Service", "content_type": 15, "codename": "delete_choiceoption"}}, {"model": "auth.permission", "pk": 60, "fields": {"name": "Can view Voice Service", "content_type": 15, "codename": "view_choiceoption"}}, {"model": "auth.permission", "pk": 61, "fields": {"name": "Can add log entry", "content_type": 16, "codename": "add_logentry"}}, {"model": "auth.permission", "pk": 62, "fields": {"name": "Can change log entry", "content_type": 16, "codename": "change_logentry"}}, {"model": "auth.permission", "pk": 63, "fields": {"name": "Can delete log entry", "content_type": 16, "codename": "delete_logentry"}}, {"model": "auth.permission", "pk": 64, "fields": {"name": "Can view log entry", "content_type": 16, "codename": "view_logentry"}}, {"model": "auth.permission", "pk": 65, "fields": {"name": "Can add permission", "content_type": 17, "codename": "add_permission"}}, {"model": "auth.permission", "pk": 66, "fields": {"name": "Can change permission", "content_type": 17, "codename": "change_permission"}}, {"model": "auth.permission", "pk": 67, "fields": {"name": "Can delete permission", "content_type": 17, "codename": "delete_permission"}}, {"model": "auth.permission", "pk": 68, "fields": {"name": "Can view permission", "content_type": 17, "codename": "view_permission"}}, {"model": "auth.permission", "pk": 69, "fields": {"name": "Can add group", "content_type": 18, "codename": "add_group"}}, {"model": "auth.permission", "pk": 70, "fields": {"name": "Can change group", "content_type": 18, "codename": "change_group"}}, {"model": "auth.permission", "pk": 71, "fields": {"name": "Can delete group", "content_type": 18, "codename": "delete_group"}}, {"model": "auth.permission", "pk": 72, "fields": {"name": "Can view group", "content_type": 18, "codename": "view_group"}}, {"model": "auth.permission", "pk": 73, "fields": {"name": "Can add user", "content_type": 19, "codename": "add_user"}}, {"model": "auth.permission", "pk": 74, "fields": {"name": "Can change user", "content_type": 19, "codename": "change_user"}}, {"model": "auth.permission", "pk": 75, "fields": {"name": "Can delete user", "content_type": 19, "codename": "delete_user"}}, {"model": "auth.permission", "pk": 76, "fields": {"name": "Can view user", "content_type": 19, "codename": "view_user"}}, {"model": "auth.permission", "pk": 77, "fields": {"name": "Can add content type", "content_type": 20, "codename": "add_contenttype"}}, {"model": "auth.permission", "pk": 78, "fields": {"name": "Can change content type", "content_type": 20, "codename": "change_contenttype"}}, {"model": "auth.permission", "pk": 79, "fields": {"name": "Can delete content type", "content_type": 20, "codename": "delete_contenttype"}}, {"model": "auth.permission", "pk": 80, "fields": {"name": "Can view content type", "content_type": 20, "codename": "view_contenttype"}}, {"model": "auth.permission", "pk": 81, "fields": {"name": "Can add session", "content_type": 21, "codename": "add_session"}}, {"model": "auth.permission", "pk": 82, "fields": {"name": "Can change session", "content_type": 21, "codename": "change_session"}}, {"model": "auth.permission", "pk": 83, "fields": {"name": "Can delete session", "content_type": 21, "codename": "delete_session"}}, {"model": "auth.permission", "pk": 84, "fields": {"name": "Can view session", "content_type": 21, "codename": "view_session"}}, {"model": "auth.permission", "pk": 85, "fields": {"name": "Can add Weather Presentation Element", "content_type": 22, "codename": "add_weatherpresentation"}}, {"model": "auth.permission", "pk": 86, "fields": {"name": "Can change Weather Presentation Element", "content_type": 22, "codename": "change_weatherpresentation"}}, {"model": "auth.permission", "pk": 87, "fields": {"name": "Can delete Weather Presentation Element", "content_type": 22, "codename": "delete_weatherpresentation"}}, {"model": "auth.permission", "pk": 88, "fields": {"name": "Can view Weather Presentation Element", "content_type": 22, "codename": "view_weatherpresentation"}}, {"model": "auth.user", "pk": 1, "fields": {"password": "pbkdf2_sha256$180000$8BYtkRWGY8iC$so4hzhFnSi7Kgzbo6SBTsFEBNhAachiEuxD9QVVdpgA=", "last_login": "2020-04-25T06:09:47.403Z", "is_superuser": true, "username": "ict4d", "first_name": "", "last_name": "", "email": "rcdwhites@gmail.com", "is_staff": true, "is_active": true, "date_joined": "2020-04-15T12:33:44.146Z", "groups": [], "user_permissions": []}}, {"model": "admin.logentry", "pk": 1, "fields": {"action_time": "2020-04-20T04:49:59.929Z", "user": 1, "content_type": 4, "object_id": "1", "object_repr": "Voice Service: King's truth checker", "action_flag": 2, "change_message": "[]"}}, {"model": "admin.logentry", "pk": 2, "fields": {"action_time": "2020-04-20T05:01:00.920Z", "user": 1, "content_type": 4, "object_id": "2", "object_repr": "Voice Service: Weather Forecast", "action_flag": 1, "change_message": "[{\"added\": {}}]"}}, {"model": "admin.logentry", "pk": 3, "fields": {"action_time": "2020-04-20T09:06:42.635Z", "user": 1, "content_type": 4, "object_id": "2", "object_repr": "Voice Service: Weather Forecast", "action_flag": 3, "change_message": ""}}, {"model": "admin.logentry", "pk": 4, "fields": {"action_time": "2020-04-20T09:07:53.469Z", "user": 1, "content_type": 4, "object_id": "3", "object_repr": "Voice Service: GPS Weather Forecast", "action_flag": 1, "change_message": "[{\"added\": {}}]"}}, {"model": "admin.logentry", "pk": 5, "fields": {"action_time": "2020-04-20T09:07:58.043Z", "user": 1, "content_type": 4, "object_id": "3", "object_repr": "Voice Service: GPS Weather Forecast", "action_flag": 2, "change_message": "[]"}}, {"model": "admin.logentry", "pk": 6, "fields": {"action_time": "2020-04-25T06:10:06.857Z", "user": 1, "content_type": 4, "object_id": "3", "object_repr": "Voice Service: GPS Weather Forecast", "action_flag": 3, "change_message": ""}}, {"model": "admin.logentry", "pk": 7, "fields": {"action_time": "2020-04-25T07:46:17.560Z", "user": 1, "content_type": 4, "object_id": "4", "object_repr": "Voice Service: Weather Location Service", "action_flag": 1, "change_message": "[{\"added\": {}}]"}}, {"model": "admin.logentry", "pk": 8, "fields": {"action_time": "2020-04-25T08:01:05.533Z", "user": 1, "content_type": 3, "object_id": "26", "object_repr": "Voice Label: Welcome Message", "action_flag": 1, "change_message": "[{\"added\": {}}, {\"added\": {\"name\": \"Voice Fragment\", \"object\": \"Voice Fragment: (English) Welcome Message\"}}, {\"added\": {\"name\": \"Voice Fragment\", \"object\": \"Voice Fragment: (Francais) Welcome Message\"}}]"}}, {"model": "admin.logentry", "pk": 9, "fields": {"action_time": "2020-04-25T08:02:00.685Z", "user": 1, "content_type": 4, "object_id": "4", "object_repr": "Voice Service: Weather Location Service", "action_flag": 2, "change_message": "[]"}}, {"model": "admin.logentry", "pk": 10, "fields": {"action_time": "2020-04-25T08:02:16.326Z", "user": 1, "content_type": 3, "object_id": "26", "object_repr": "Voice Label: Welcome Message", "action_flag": 2, "change_message": "[]"}}, {"model": "admin.logentry", "pk": 11, "fields": {"action_time": "2020-04-25T08:02:34.822Z", "user": 1, "content_type": 4, "object_id": "4", "object_repr": "Voice Service: Weather Location Service", "action_flag": 2, "change_message": "[]"}}, {"model": "admin.logentry", "pk": 12, "fields": {"action_time": "2020-04-25T08:04:39.215Z", "user": 1, "content_type": 3, "object_id": "26", "object_repr": "Voice Label: Welcome Message", "action_flag": 2, "change_message": "[]"}}, {"model": "admin.logentry", "pk": 13, "fields": {"action_time": "2020-04-25T08:05:02.443Z", "user": 1, "content_type": 3, "object_id": "26", "object_repr": "Voice Label: Welcome Message", "action_flag": 3, "change_message": ""}}, {"model": "admin.logentry", "pk": 14, "fields": {"action_time": "2020-04-25T08:06:11.667Z", "user": 1, "content_type": 3, "object_id": "27", "object_repr": "Voice Label: Welcome Message", "action_flag": 1, "change_message": "[{\"added\": {}}, {\"added\": {\"name\": \"Voice Fragment\", \"object\": \"Voice Fragment: (English) Welcome Message\"}}, {\"added\": {\"name\": \"Voice Fragment\", \"object\": \"Voice Fragment: (Francais) Welcome Message\"}}]"}}, {"model": "admin.logentry", "pk": 15, "fields": {"action_time": "2020-04-25T08:07:04.835Z", "user": 1, "content_type": 3, "object_id": "27", "object_repr": "Voice Label: Welcome Message", "action_flag": 3, "change_message": ""}}, {"model": "admin.logentry", "pk": 16, "fields": {"action_time": "2020-04-25T08:09:14.805Z", "user": 1, "content_type": 3, "object_id": "28", "object_repr": "Voice Label: Welcome Message", "action_flag": 1, "change_message": "[{\"added\": {}}, {\"added\": {\"name\": \"Voice Fragment\", \"object\": \"Voice Fragment: (English) Welcome Message\"}}, {\"added\": {\"name\": \"Voice Fragment\", \"object\": \"Voice Fragment: (Francais) Welcome Message\"}}]"}}, {"model": "admin.logentry", "pk": 17, "fields": {"action_time": "2020-04-25T08:09:24.160Z", "user": 1, "content_type": 14, "object_id": "8", "object_repr": "Message: Welcome Message", "action_flag": 1, "change_message": "[{\"added\": {}}]"}}, {"model": "admin.logentry", "pk": 18, "fields": {"action_time": "2020-04-25T08:09:35.992Z", "user": 1, "content_type": 4, "object_id": "4", "object_repr": "Voice Service: Weather Location Service", "action_flag": 2, "change_message": "[{\"changed\": {\"fields\": [\"Starting element\"]}}]"}}, {"model": "admin.logentry", "pk": 19, "fields": {"action_time": "2020-04-25T08:12:22.893Z", "user": 1, "content_type": 14, "object_id": "8", "object_repr": "Message: Welcome Message", "action_flag": 2, "change_message": "[]"}}, {"model": "admin.logentry", "pk": 20, "fields": {"action_time": "2020-04-25T08:12:39.898Z", "user": 1, "content_type": 3, "object_id": "28", "object_repr": "Voice Label: Welcome Message", "action_flag": 2, "change_message": "[]"}}, {"model": "admin.logentry", "pk": 21, "fields": {"action_time": "2020-04-25T11:26:02.363Z", "user": 1, "content_type": 4, "object_id": "4", "object_repr": "Voice Service: Weather Location Service", "action_flag": 2, "change_message": "[]"}}, {"model": "admin.logentry", "pk": 22, "fields": {"action_time": "2020-04-25T15:37:11.653Z", "user": 1, "content_type": 3, "object_id": "29", "object_repr": "Voice Label: Strong Wind", "action_flag": 1, "change_message": "[{\"added\": {}}, {\"added\": {\"name\": \"Voice Fragment\", \"object\": \"Voice Fragment: (English) Strong Wind\"}}, {\"added\": {\"name\": \"Voice Fragment\", \"object\": \"Voice Fragment: (Francais) Strong Wind\"}}]"}}, {"model": "admin.logentry", "pk": 23, "fields": {"action_time": "2020-04-25T15:37:39.796Z", "user": 1, "content_type": 3, "object_id": "30", "object_repr": "Voice Label: Normal Wind", "action_flag": 1, "change_message": "[{\"added\": {}}, {\"added\": {\"name\": \"Voice Fragment\", \"object\": \"Voice Fragment: (English) Normal Wind\"}}, {\"added\": {\"name\": \"Voice Fragment\", \"object\": \"Voice Fragment: (Francais) Normal Wind\"}}]"}}, {"model": "admin.logentry", "pk": 24, "fields": {"action_time": "2020-04-25T15:38:45.131Z", "user": 1, "content_type": 14, "object_id": "8", "object_repr": "Message: Welcome Message", "action_flag": 2, "change_message": "[]"}}, {"model": "admin.logentry", "pk": 25, "fields": {"action_time": "2020-04-26T08:35:37.895Z", "user": 1, "content_type": 14, "object_id": "9", "object_repr": "Message: Forecast Message", "action_flag": 1, "change_message": "[{\"added\": {}}]"}}, {"model": "admin.logentry", "pk": 26, "fields": {"action_time": "2020-04-26T08:35:49.103Z", "user": 1, "content_type": 14, "object_id": "8", "object_repr": "Message: Welcome Message", "action_flag": 2, "change_message": "[{\"changed\": {\"fields\": [\"Redirect element\"]}}]"}}, {"model": "admin.logentry", "pk": 27, "fields": {"action_time": "2020-04-26T08:36:17.803Z", "user": 1, "content_type": 14, "object_id": "9", "object_repr": "Message: Forecast Message", "action_flag": 2, "change_message": "[{\"changed\": {\"fields\": [\"Voice label\"]}}]"}}, {"model": "admin.logentry", "pk": 28, "fields": {"action_time": "2020-04-26T08:38:02.739Z", "user": 1, "content_type": 14, "object_id": "8", "object_repr": "Message: Welcome Message", "action_flag": 3, "change_message": ""}}, {"model": "admin.logentry", "pk": 29, "fields": {"action_time": "2020-04-26T08:38:18.593Z", "user": 1, "content_type": 4, "object_id": "4", "object_repr": "Voice Service: Weather Location Service", "action_flag": 2, "change_message": "[{\"changed\": {\"fields\": [\"Starting element\"]}}]"}}, {"model": "admin.logentry", "pk": 30, "fields": {"action_time": "2020-04-26T08:56:59.515Z", "user": 1, "content_type": 3, "object_id": "31", "object_repr": "Voice Label: Forecast Init", "action_flag": 1, "change_message": "[{\"added\": {}}, {\"added\": {\"name\": \"Voice Fragment\", \"object\": \"Voice Fragment: (English) Forecast Init\"}}, {\"added\": {\"name\": \"Voice Fragment\", \"object\": \"Voice Fragment: (Francais) Forecast Init\"}}]"}}, {"model": "admin.logentry", "pk": 31, "fields": {"action_time": "2020-04-26T08:57:14.527Z", "user": 1, "content_type": 14, "object_id": "9", "object_repr": "Message: Forecast Message", "action_flag": 2, "change_message": "[{\"changed\": {\"fields\": [\"Voice label\"]}}]"}}, {"model": "admin.logentry", "pk": 32, "fields": {"action_time": "2020-04-26T14:36:26.567Z", "user": 1, "content_type": 14, "object_id": "9", "object_repr": "Message: Forecast Message", "action_flag": 2, "change_message": "[{\"changed\": {\"fields\": [\"Wind Threshold (km/h)\"]}}]"}}, {"model": "admin.logentry", "pk": 33, "fields": {"action_time": "2020-04-26T14:36:44.980Z", "user": 1, "content_type": 14, "object_id": "9", "object_repr": "Message: Forecast Message", "action_flag": 2, "change_message": "[{\"changed\": {\"fields\": [\"Wind Threshold (km/h)\"]}}]"}}, {"model": "admin.logentry", "pk": 34, "fields": {"action_time": "2020-04-26T14:37:10.441Z", "user": 1, "content_type": 14, "object_id": "9", "object_repr": "Message: Forecast Message", "action_flag": 2, "change_message": "[]"}}]