[
{
  "model": "service_development.voicelabel",
  "pk": 1,
  "fields": {
    "name": "Dutch language",
    "description": "Nederlandse taal"
  }
},
{
  "model": "service_development.voicelabel",
  "pk": 2,
  "fields": {
    "name": "General error message",
    "description": ""
  }
},
{
  "model": "service_development.voicelabel",
  "pk": 3,
  "fields": {
    "name": "This is the truth",
    "description": ""
  }
},
{
  "model": "service_development.voicelabel",
  "pk": 4,
  "fields": {
    "name": "English language",
    "description": ""
  }
},
{
  "model": "service_development.voicelabel",
  "pk": 5,
  "fields": {
    "name": "Thank you for using this service",
    "description": ""
  }
},
{
  "model": "service_development.voicelabel",
  "pk": 6,
  "fields": {
    "name": "Wow, it must be a really boring guy!",
    "description": ""
  }
},
{
  "model": "service_development.voicelabel",
  "pk": 7,
  "fields": {
    "name": "French language",
    "description": ""
  }
},
{
  "model": "service_development.voicelabel",
  "pk": 8,
  "fields": {
    "name": "Please select your language",
    "description": ""
  }
},
{
  "model": "service_development.voicelabel",
  "pk": 9,
  "fields": {
    "name": "Pre Choice Option",
    "description": ""
  }
},
{
  "model": "service_development.voicelabel",
  "pk": 10,
  "fields": {
    "name": "Post Choice Option",
    "description": ""
  }
},
{
  "model": "service_development.voicelabel",
  "pk": 11,
  "fields": {
    "name": "One",
    "description": ""
  }
},
{
  "model": "service_development.voicelabel",
  "pk": 12,
  "fields": {
    "name": "Two",
    "description": ""
  }
},
{
  "model": "service_development.voicelabel",
  "pk": 13,
  "fields": {
    "name": "Three",
    "description": ""
  }
},
{
  "model": "service_development.voicelabel",
  "pk": 14,
  "fields": {
    "name": "Four",
    "description": ""
  }
},
{
  "model": "service_development.voicelabel",
  "pk": 15,
  "fields": {
    "name": "Five",
    "description": ""
  }
},
{
  "model": "service_development.voicelabel",
  "pk": 16,
  "fields": {
    "name": "Six",
    "description": ""
  }
},
{
  "model": "service_development.voicelabel",
  "pk": 17,
  "fields": {
    "name": "Seven",
    "description": ""
  }
},
{
  "model": "service_development.voicelabel",
  "pk": 18,
  "fields": {
    "name": "Eight",
    "description": ""
  }
},
{
  "model": "service_development.voicelabel",
  "pk": 19,
  "fields": {
    "name": "Nine",
    "description": ""
  }
},
{
  "model": "service_development.voicelabel",
  "pk": 20,
  "fields": {
    "name": "Zero",
    "description": ""
  }
},
{
  "model": "service_development.voicelabel",
  "pk": 21,
  "fields": {
    "name": "Yes",
    "description": ""
  }
},
{
  "model": "service_development.voicelabel",
  "pk": 22,
  "fields": {
    "name": "No",
    "description": ""
  }
},
{
  "model": "service_development.voicelabel",
  "pk": 23,
  "fields": {
    "name": "Does the king like to drink beer?",
    "description": ""
  }
},
{
  "model": "service_development.voicelabel",
  "pk": 25,
  "fields": {
    "name": "Please speak your message",
    "description": ""
  }
},
{
  "model": "service_development.voicelabel",
  "pk": 26,
  "fields": {
    "name": "Choose Action",
    "description": null
  }
},
{
  "model": "service_development.voicelabel",
  "pk": 27,
  "fields": {
    "name": "Update",
    "description": null
  }
},
{
  "model": "service_development.voicelabel",
  "pk": 28,
  "fields": {
    "name": "Create",
    "description": null
  }
},
{
  "model": "service_development.voicelabel",
  "pk": 30,
  "fields": {
    "name": "Select Seed (Create)",
    "description": null
  }
},
{
  "model": "service_development.voicelabel",
  "pk": 31,
  "fields": {
    "name": "Select Seed (Update)",
    "description": null
  }
},
{
  "model": "service_development.voicelabel",
  "pk": 32,
  "fields": {
    "name": "No Seeds",
    "description": null
  }
},
{
  "model": "service_development.voicelabel",
  "pk": 33,
  "fields": {
    "name": "Quantity",
    "description": null
  }
},
{
  "model": "service_development.voicelabel",
  "pk": 34,
  "fields": {
    "name": "Perform Another Action",
    "description": null
  }
},
{
  "model": "service_development.voicelabel",
  "pk": 35,
  "fields": {
    "name": "Check Created Advertisement",
    "description": null
  }
},
{
  "model": "service_development.voicelabel",
  "pk": 36,
  "fields": {
    "name": "Greeting",
    "description": null
  }
},
{
  "model": "service_development.language",
  "pk": 2,
  "fields": {
    "name": "English",
    "code": "en",
    "voice_label": 4,
    "error_message": 2,
    "select_language": 8,
    "pre_choice_option": 9,
    "post_choice_option": 10,
    "one": 11,
    "two": 12,
    "three": 13,
    "four": 14,
    "five": 15,
    "six": 16,
    "seven": 17,
    "eight": 18,
    "nine": 19,
    "zero": 20
  }
},
{
  "model": "service_development.language",
  "pk": 3,
  "fields": {
    "name": "Francais",
    "code": "fr",
    "voice_label": 7,
    "error_message": 2,
    "select_language": 8,
    "greeting": 36,
    "pre_choice_option": 9,
    "post_choice_option": 10,
    "one": 11,
    "two": 12,
    "three": 13,
    "four": 14,
    "five": 15,
    "six": 16,
    "seven": 17,
    "eight": 18,
    "nine": 19,
    "zero": 20
  }
},
{
  "model": "service_development.voicefragment",
  "pk": 1,
  "fields": {
    "parent": 6,
    "language": 2,
    "audio": "boring_guy_en.wav"
  }
},
{
  "model": "service_development.voicefragment",
  "pk": 7,
  "fields": {
    "parent": 22,
    "language": 2,
    "audio": "no_en.wav"
  }
},
{
  "model": "service_development.voicefragment",
  "pk": 8,
  "fields": {
    "parent": 22,
    "language": 3,
    "audio": "no_fr.wav"
  }
},
{
  "model": "service_development.voicefragment",
  "pk": 10,
  "fields": {
    "parent": 21,
    "language": 2,
    "audio": "yes_en.wav"
  }
},
{
  "model": "service_development.voicefragment",
  "pk": 11,
  "fields": {
    "parent": 21,
    "language": 3,
    "audio": "yes_fr.wav"
  }
},
{
  "model": "service_development.voicefragment",
  "pk": 13,
  "fields": {
    "parent": 20,
    "language": 2,
    "audio": "0_en.wav"
  }
},
{
  "model": "service_development.voicefragment",
  "pk": 14,
  "fields": {
    "parent": 20,
    "language": 3,
    "audio": "0_fr.wav"
  }
},
{
  "model": "service_development.voicefragment",
  "pk": 16,
  "fields": {
    "parent": 19,
    "language": 2,
    "audio": "9_fr.wav"
  }
},
{
  "model": "service_development.voicefragment",
  "pk": 17,
  "fields": {
    "parent": 19,
    "language": 3,
    "audio": "9_en.wav"
  }
},
{
  "model": "service_development.voicefragment",
  "pk": 19,
  "fields": {
    "parent": 18,
    "language": 2,
    "audio": "8_en.wav"
  }
},
{
  "model": "service_development.voicefragment",
  "pk": 20,
  "fields": {
    "parent": 18,
    "language": 3,
    "audio": "8_fr.wav"
  }
},
{
  "model": "service_development.voicefragment",
  "pk": 22,
  "fields": {
    "parent": 17,
    "language": 2,
    "audio": "7_en.wav"
  }
},
{
  "model": "service_development.voicefragment",
  "pk": 23,
  "fields": {
    "parent": 17,
    "language": 3,
    "audio": "7_fr.wav"
  }
},
{
  "model": "service_development.voicefragment",
  "pk": 25,
  "fields": {
    "parent": 16,
    "language": 2,
    "audio": "6_en.wav"
  }
},
{
  "model": "service_development.voicefragment",
  "pk": 26,
  "fields": {
    "parent": 16,
    "language": 3,
    "audio": "6_fr.wav"
  }
},
{
  "model": "service_development.voicefragment",
  "pk": 28,
  "fields": {
    "parent": 15,
    "language": 2,
    "audio": "5_en.wav"
  }
},
{
  "model": "service_development.voicefragment",
  "pk": 29,
  "fields": {
    "parent": 15,
    "language": 3,
    "audio": "5_fr.wav"
  }
},
{
  "model": "service_development.voicefragment",
  "pk": 31,
  "fields": {
    "parent": 14,
    "language": 2,
    "audio": "4_fr.wav"
  }
},
{
  "model": "service_development.voicefragment",
  "pk": 32,
  "fields": {
    "parent": 14,
    "language": 3,
    "audio": "4_en.wav"
  }
},
{
  "model": "service_development.voicefragment",
  "pk": 34,
  "fields": {
    "parent": 13,
    "language": 2,
    "audio": "3_en.wav"
  }
},
{
  "model": "service_development.voicefragment",
  "pk": 35,
  "fields": {
    "parent": 13,
    "language": 3,
    "audio": "3_fr.wav"
  }
},
{
  "model": "service_development.voicefragment",
  "pk": 37,
  "fields": {
    "parent": 12,
    "language": 2,
    "audio": "2_en.wav"
  }
},
{
  "model": "service_development.voicefragment",
  "pk": 38,
  "fields": {
    "parent": 12,
    "language": 3,
    "audio": "2_fr.wav"
  }
},
{
  "model": "service_development.voicefragment",
  "pk": 40,
  "fields": {
    "parent": 11,
    "language": 2,
    "audio": "1_en.wav"
  }
},
{
  "model": "service_development.voicefragment",
  "pk": 41,
  "fields": {
    "parent": 11,
    "language": 3,
    "audio": "1_fr.wav"
  }
},
{
  "model": "service_development.voicefragment",
  "pk": 43,
  "fields": {
    "parent": 10,
    "language": 2,
    "audio": "post_choice_option_en.wav"
  }
},
{
  "model": "service_development.voicefragment",
  "pk": 44,
  "fields": {
    "parent": 10,
    "language": 3,
    "audio": "post_choice_option_fr.wav"
  }
},
{
  "model": "service_development.voicefragment",
  "pk": 46,
  "fields": {
    "parent": 9,
    "language": 2,
    "audio": "pre_choice_option_en.wav"
  }
},
{
  "model": "service_development.voicefragment",
  "pk": 47,
  "fields": {
    "parent": 9,
    "language": 3,
    "audio": "pre_choice_option_fr.wav"
  }
},
{
  "model": "service_development.voicefragment",
  "pk": 49,
  "fields": {
    "parent": 8,
    "language": 2,
    "audio": "select_language_en.wav"
  }
},
{
  "model": "service_development.voicefragment",
  "pk": 50,
  "fields": {
    "parent": 8,
    "language": 3,
    "audio": "select_language_fr.wav"
  }
},
{
  "model": "service_development.voicefragment",
  "pk": 52,
  "fields": {
    "parent": 7,
    "language": 2,
    "audio": "french_en.wav"
  }
},
{
  "model": "service_development.voicefragment",
  "pk": 53,
  "fields": {
    "parent": 7,
    "language": 3,
    "audio": "french_fr.wav"
  }
},
{
  "model": "service_development.voicefragment",
  "pk": 54,
  "fields": {
    "parent": 6,
    "language": 3,
    "audio": "boring_guy_fr.wav"
  }
},
{
  "model": "service_development.voicefragment",
  "pk": 56,
  "fields": {
    "parent": 5,
    "language": 2,
    "audio": "thank_you_for_using_en.wav"
  }
},
{
  "model": "service_development.voicefragment",
  "pk": 57,
  "fields": {
    "parent": 5,
    "language": 3,
    "audio": "thank_you_for_using_fr.wav"
  }
},
{
  "model": "service_development.voicefragment",
  "pk": 59,
  "fields": {
    "parent": 4,
    "language": 2,
    "audio": "english_en.wav"
  }
},
{
  "model": "service_development.voicefragment",
  "pk": 60,
  "fields": {
    "parent": 4,
    "language": 3,
    "audio": "english_fr.wav"
  }
},
{
  "model": "service_development.voicefragment",
  "pk": 62,
  "fields": {
    "parent": 3,
    "language": 2,
    "audio": "truth_en.wav"
  }
},
{
  "model": "service_development.voicefragment",
  "pk": 63,
  "fields": {
    "parent": 3,
    "language": 3,
    "audio": "truth_fr.wav"
  }
},
{
  "model": "service_development.voicefragment",
  "pk": 65,
  "fields": {
    "parent": 2,
    "language": 2,
    "audio": "error_en.wav"
  }
},
{
  "model": "service_development.voicefragment",
  "pk": 66,
  "fields": {
    "parent": 2,
    "language": 3,
    "audio": "error_fr.wav"
  }
},
{
  "model": "service_development.voicefragment",
  "pk": 68,
  "fields": {
    "parent": 1,
    "language": 2,
    "audio": "dutch_en.wav"
  }
},
{
  "model": "service_development.voicefragment",
  "pk": 69,
  "fields": {
    "parent": 1,
    "language": 3,
    "audio": "dutch_fr.wav"
  }
},
{
  "model": "service_development.voicefragment",
  "pk": 71,
  "fields": {
    "parent": 23,
    "language": 2,
    "audio": "king_question_en.wav"
  }
},
{
  "model": "service_development.voicefragment",
  "pk": 72,
  "fields": {
    "parent": 23,
    "language": 3,
    "audio": "king_question_fr.wav"
  }
},
{
  "model": "service_development.voicefragment",
  "pk": 74,
  "fields": {
    "parent": 25,
    "language": 3,
    "audio": "speakYourMessage.wav"
  }
},
{
  "model": "service_development.voicefragment",
  "pk": 75,
  "fields": {
    "parent": 26,
    "language": 2,
    "audio": "en_what_would_you_like_to_do.wav"
  }
},
{
  "model": "service_development.voicefragment",
  "pk": 76,
  "fields": {
    "parent": 26,
    "language": 3,
    "audio": "fr_what_would_you_like_to_do.wav"
  }
},
{
  "model": "service_development.voicefragment",
  "pk": 77,
  "fields": {
    "parent": 27,
    "language": 2,
    "audio": "en_update_advertisement.wav"
  }
},
{
  "model": "service_development.voicefragment",
  "pk": 78,
  "fields": {
    "parent": 27,
    "language": 3,
    "audio": "fr_update_advertisement.wav"
  }
},
{
  "model": "service_development.voicefragment",
  "pk": 79,
  "fields": {
    "parent": 28,
    "language": 2,
    "audio": "en_create_advertisement.wav"
  }
},
{
  "model": "service_development.voicefragment",
  "pk": 80,
  "fields": {
    "parent": 28,
    "language": 3,
    "audio": "fr_create_advertisement.wav"
  }
},
{
  "model": "service_development.voicefragment",
  "pk": 83,
  "fields": {
    "parent": 30,
    "language": 2,
    "audio": "en_what_product_do_you_want_to_advertise.wav"
  }
},
{
  "model": "service_development.voicefragment",
  "pk": 84,
  "fields": {
    "parent": 30,
    "language": 3,
    "audio": "fr_what_product_do_you_want_to_advertise.wav"
  }
},
{
  "model": "service_development.voicefragment",
  "pk": 85,
  "fields": {
    "parent": 31,
    "language": 2,
    "audio": "en_what_do_you_want_to_change.wav"
  }
},
{
  "model": "service_development.voicefragment",
  "pk": 86,
  "fields": {
    "parent": 31,
    "language": 3,
    "audio": "fr_what_do_you_want_to_change.wav"
  }
},
{
  "model": "service_development.voicefragment",
  "pk": 87,
  "fields": {
    "parent": 32,
    "language": 2,
    "audio": "en_you__have_no_advertisements.wav"
  }
},
{
  "model": "service_development.voicefragment",
  "pk": 88,
  "fields": {
    "parent": 32,
    "language": 3,
    "audio": "fr_you__have_no_advertisements.wav"
  }
},
{
  "model": "service_development.voicefragment",
  "pk": 89,
  "fields": {
    "parent": 33,
    "language": 2,
    "audio": "en_enter_the_quantity_and_wait_for_the_next_question.wav"
  }
},
{
  "model": "service_development.voicefragment",
  "pk": 90,
  "fields": {
    "parent": 33,
    "language": 3,
    "audio": "fr_enter_the_quantity_and_wait_for_the_next_question.wav"
  }
},
{
  "model": "service_development.voicefragment",
  "pk": 91,
  "fields": {
    "parent": 34,
    "language": 2,
    "audio": "en_do_you_want_to_perform_another_action.wav"
  }
},
{
  "model": "service_development.voicefragment",
  "pk": 92,
  "fields": {
    "parent": 34,
    "language": 3,
    "audio": "fr_do_you_want_to_perform_another_action.wav"
  }
},
{
  "model": "service_development.voicefragment",
  "pk": 93,
  "fields": {
    "parent": 35,
    "language": 2,
    "audio": "fr_you_have_created_an_advertisement_is_this_correct.wav"
  }
},
{
  "model": "service_development.voicefragment",
  "pk": 94,
  "fields": {
    "parent": 35,
    "language": 3,
    "audio": "fr_you_have_created_an_advertisement_is_this_correct_jqIYQzr.wav"
  }
},
{
  "model": "service_development.voicefragment",
  "pk": 95,
  "fields": {
    "parent": 36,
    "language": 2,
    "audio": "en_hello.wav"
  }
},
{
  "model": "service_development.voicefragment",
  "pk": 96,
  "fields": {
    "parent": 36,
    "language": 3,
    "audio": "fr_hello.wav"
  }
},
{
  "model": "service_development.voiceservicesubelement",
  "pk": 2,
  "fields": {
    "service": 1,
    "creation_date": "2017-04-23T19:30:23.792Z",
    "modification_date": "2019-05-21T20:59:32.394Z",
    "name": "Choose Action",
    "description": "",
    "voice_label": 26
  }
},
{
  "model": "service_development.voiceservicesubelement",
  "pk": 3,
  "fields": {
    "service": 1,
    "creation_date": "2017-04-23T19:32:07.853Z",
    "modification_date": "2019-05-21T16:26:26.053Z",
    "name": "Update",
    "description": "Update an existing advertisement",
    "voice_label": 27
  }
},
{
  "model": "service_development.voiceservicesubelement",
  "pk": 4,
  "fields": {
    "service": 1,
    "creation_date": "2017-04-23T19:32:07.854Z",
    "modification_date": "2019-05-21T14:25:55.266Z",
    "name": "Create",
    "description": "Creates a new advertisement",
    "voice_label": 28
  }
},
{
  "model": "service_development.voiceservicesubelement",
  "pk": 6,
  "fields": {
    "service": 1,
    "creation_date": "2017-04-23T21:11:06.805Z",
    "modification_date": "2017-04-23T21:33:29.853Z",
    "name": "Thank you for using this service",
    "description": "",
    "voice_label": 5
  }
},
{
  "model": "service_development.voiceservicesubelement",
  "pk": 8,
  "fields": {
    "service": 1,
    "creation_date": "2019-05-21T08:45:39.234Z",
    "modification_date": "2019-05-21T15:13:45.982Z",
    "name": "Choose Seed (Create)",
    "description": "Choose the seed to create/update/delete",
    "voice_label": 30
  }
},
{
  "model": "service_development.voiceservicesubelement",
  "pk": 9,
  "fields": {
    "service": 1,
    "creation_date": "2019-05-21T12:53:03.174Z",
    "modification_date": "2019-05-21T15:14:01.742Z",
    "name": "Quantity (Create)",
    "description": "Add quantity",
    "voice_label": 33
  }
},
{
  "model": "service_development.voiceservicesubelement",
  "pk": 10,
  "fields": {
    "service": 1,
    "creation_date": "2019-05-21T14:25:55.268Z",
    "modification_date": "2019-05-21T16:26:26.055Z",
    "name": "Remove",
    "description": "Removes an existing advertisement",
    "voice_label": null
  }
},
{
  "model": "service_development.voiceservicesubelement",
  "pk": 11,
  "fields": {
    "service": 1,
    "creation_date": "2019-05-21T14:37:11.384Z",
    "modification_date": "2019-05-21T14:44:04.875Z",
    "name": "Choose Seed (Update)",
    "description": "",
    "voice_label": 31
  }
},
{
  "model": "service_development.voiceservicesubelement",
  "pk": 12,
  "fields": {
    "service": 1,
    "creation_date": "2019-05-21T14:40:15.940Z",
    "modification_date": "2019-05-21T15:13:37.967Z",
    "name": "Choose Seed (Remove)",
    "description": "",
    "voice_label": null
  }
},
{
  "model": "service_development.voiceservicesubelement",
  "pk": 13,
  "fields": {
    "service": 1,
    "creation_date": "2019-05-21T14:43:02.142Z",
    "modification_date": "2019-05-21T21:00:43.314Z",
    "name": "Quantity (Update)",
    "description": "",
    "voice_label": 33
  }
},
{
  "model": "service_development.voiceservicesubelement",
  "pk": 14,
  "fields": {
    "service": 1,
    "creation_date": "2019-05-21T15:07:22.067Z",
    "modification_date": "2019-05-21T20:58:30.335Z",
    "name": "Check Remove",
    "description": "",
    "voice_label": null
  }
},
{
  "model": "service_development.voiceservicesubelement",
  "pk": 15,
  "fields": {
    "service": 1,
    "creation_date": "2019-05-21T15:07:22.071Z",
    "modification_date": "2019-05-21T15:18:01.331Z",
    "name": "Yes",
    "description": "",
    "voice_label": 21
  }
},
{
  "model": "service_development.voiceservicesubelement",
  "pk": 16,
  "fields": {
    "service": 1,
    "creation_date": "2019-05-21T15:07:22.073Z",
    "modification_date": "2019-05-21T15:18:01.333Z",
    "name": "No",
    "description": "",
    "voice_label": 22
  }
},
{
  "model": "service_development.voiceservicesubelement",
  "pk": 17,
  "fields": {
    "service": 1,
    "creation_date": "2019-05-21T15:08:19.304Z",
    "modification_date": "2019-05-21T15:16:15.873Z",
    "name": "Cancel",
    "description": "",
    "voice_label": null
  }
},
{
  "model": "service_development.voiceservicesubelement",
  "pk": 18,
  "fields": {
    "service": 1,
    "creation_date": "2019-05-21T15:10:27.901Z",
    "modification_date": "2019-05-21T20:58:05.316Z",
    "name": "Check Create",
    "description": "",
    "voice_label": 35
  }
},
{
  "model": "service_development.voiceservicesubelement",
  "pk": 19,
  "fields": {
    "service": 1,
    "creation_date": "2019-05-21T15:10:27.904Z",
    "modification_date": "2019-05-21T15:17:49.739Z",
    "name": "Yes",
    "description": "",
    "voice_label": 21
  }
},
{
  "model": "service_development.voiceservicesubelement",
  "pk": 20,
  "fields": {
    "service": 1,
    "creation_date": "2019-05-21T15:10:27.906Z",
    "modification_date": "2019-05-21T15:17:49.740Z",
    "name": "No",
    "description": "",
    "voice_label": 22
  }
},
{
  "model": "service_development.voiceservicesubelement",
  "pk": 21,
  "fields": {
    "service": 1,
    "creation_date": "2019-05-21T15:10:27.908Z",
    "modification_date": "2019-05-21T20:58:05.322Z",
    "name": "Cancel",
    "description": "",
    "voice_label": null
  }
},
{
  "model": "service_development.voiceservicesubelement",
  "pk": 22,
  "fields": {
    "service": 1,
    "creation_date": "2019-05-21T15:15:04.495Z",
    "modification_date": "2019-05-21T20:56:26.528Z",
    "name": "Perform another action",
    "description": "",
    "voice_label": 34
  }
},
{
  "model": "service_development.voiceservicesubelement",
  "pk": 23,
  "fields": {
    "service": 1,
    "creation_date": "2019-05-21T15:15:04.498Z",
    "modification_date": "2019-05-21T15:18:14.746Z",
    "name": "Yes",
    "description": "",
    "voice_label": 21
  }
},
{
  "model": "service_development.voiceservicesubelement",
  "pk": 24,
  "fields": {
    "service": 1,
    "creation_date": "2019-05-21T15:15:04.500Z",
    "modification_date": "2019-05-21T15:18:14.748Z",
    "name": "No",
    "description": "",
    "voice_label": 22
  }
},
{
  "model": "service_development.voiceserviceelement",
  "pk": 2,
  "fields": {}
},
{
  "model": "service_development.voiceserviceelement",
  "pk": 6,
  "fields": {}
},
{
  "model": "service_development.voiceserviceelement",
  "pk": 8,
  "fields": {}
},
{
  "model": "service_development.voiceserviceelement",
  "pk": 9,
  "fields": {}
},
{
  "model": "service_development.voiceserviceelement",
  "pk": 11,
  "fields": {}
},
{
  "model": "service_development.voiceserviceelement",
  "pk": 12,
  "fields": {}
},
{
  "model": "service_development.voiceserviceelement",
  "pk": 13,
  "fields": {}
},
{
  "model": "service_development.voiceserviceelement",
  "pk": 14,
  "fields": {}
},
{
  "model": "service_development.voiceserviceelement",
  "pk": 18,
  "fields": {}
},
{
  "model": "service_development.voiceserviceelement",
  "pk": 22,
  "fields": {}
},
{
  "model": "service_development.voiceservice",
  "pk": 1,
  "fields": {
    "name": "Advertisements",
    "description": "Creates/Updates/Removes advertisements",
    "creation_date": "2017-04-23T19:23:52.392Z",
    "modification_date": "2019-05-21T14:21:01.943Z",
    "active": true,
    "_start_element": 2,
    "registration": "preferred",
    "registration_language": false,
    "registration_name": false,
    "supported_languages": [
      2,
      3
    ]
  }
},
{
  "model": "service_development.farmer",
  "pk": 1,
  "fields": {
    "caller_id": "456",
    "first_name": "Henk",
    "last_name": "Ernia",
    "creation_date": "2018-02-02T11:10:27.670Z",
    "modification_date": "2018-02-12T14:44:24.019Z",
    "language": null,
    "commune": "",
    "village": "",
    "service": 1
  }
},
{
  "model": "service_development.farmer",
  "pk": 2,
  "fields": {
    "caller_id": "123",
    "first_name": "",
    "last_name": "",
    "creation_date": "2019-05-21T13:44:07.394Z",
    "modification_date": "2019-05-21T13:44:07.394Z",
    "language": null,
    "commune": "1",
    "village": "1",
    "service": 1
  }
},
{
  "model": "service_development.farmer",
  "pk": 3,
  "fields": {
    "caller_id": "122",
    "first_name": "",
    "last_name": "",
    "creation_date": "2019-05-21T13:45:24.121Z",
    "modification_date": "2019-05-21T13:45:24.121Z",
    "language": null,
    "commune": "1",
    "village": "1",
    "service": 1
  }
},
{
  "model": "service_development.commune",
  "pk": 1,
  "fields": {
    "name": "a",
    "voice_label": 2
  }
},
{
  "model": "service_development.village",
  "pk": 1,
  "fields": {
    "name": "a",
    "voice_label": 2
  }
},
{
  "model": "service_development.seed",
  "pk": 1,
  "fields": {
    "name": "Rice",
    "voice_label": null
  }
},
{
  "model": "service_development.seed",
  "pk": 2,
  "fields": {
    "name": "Sorghum",
    "voice_label": null
  }
},
{
  "model": "service_development.seed",
  "pk": 3,
  "fields": {
    "name": "Maize",
    "voice_label": null
  }
},
{
  "model": "service_development.advertisement",
  "pk": 77,
  "fields": {
    "farmer": 1,
    "seed": 3,
    "quantity": null,
    "pub_date": "2019-05-21T16:45:13.652Z"
  }
},
{
  "model": "service_development.callsession",
  "pk": 1,
  "fields": {
    "start": "2019-05-21T08:47:49.716Z",
    "end": "2019-05-21T08:47:49.773Z",
    "farmer": 1,
    "caller_id": "456",
    "service": 1,
    "advertisement": null,
    "_language": null,
    "replay_action_create": [],
    "replay_action_update": [],
    "replay_action_remove": []
  }
},
{
  "model": "service_development.callsession",
  "pk": 2,
  "fields": {
    "start": "2019-05-21T08:56:07.728Z",
    "end": "2019-05-21T08:56:07.798Z",
    "farmer": 1,
    "caller_id": "456",
    "service": 1,
    "advertisement": null,
    "_language": null,
    "replay_action_create": [],
    "replay_action_update": [],
    "replay_action_remove": []
  }
},
{
  "model": "service_development.callsession",
  "pk": 3,
  "fields": {
    "start": "2019-05-21T08:56:42.433Z",
    "end": "2019-05-21T08:56:42.496Z",
    "farmer": 1,
    "caller_id": "456",
    "service": 1,
    "advertisement": null,
    "_language": null,
    "replay_action_create": [],
    "replay_action_update": [],
    "replay_action_remove": []
  }
},
{
  "model": "service_development.callsession",
  "pk": 4,
  "fields": {
    "start": "2019-05-21T08:58:47.104Z",
    "end": "2019-05-21T08:58:47.178Z",
    "farmer": 1,
    "caller_id": "456",
    "service": 1,
    "advertisement": null,
    "_language": null,
    "replay_action_create": [],
    "replay_action_update": [],
    "replay_action_remove": []
  }
},
{
  "model": "service_development.callsession",
  "pk": 5,
  "fields": {
    "start": "2019-05-21T09:00:38.052Z",
    "end": "2019-05-21T09:00:38.131Z",
    "farmer": 1,
    "caller_id": "456",
    "service": 1,
    "advertisement": null,
    "_language": null,
    "replay_action_create": [],
    "replay_action_update": [],
    "replay_action_remove": []
  }
},
{
  "model": "service_development.callsession",
  "pk": 6,
  "fields": {
    "start": "2019-05-21T09:01:56.159Z",
    "end": "2019-05-21T09:01:56.228Z",
    "farmer": 1,
    "caller_id": "456",
    "service": 1,
    "advertisement": null,
    "_language": null,
    "replay_action_create": [],
    "replay_action_update": [],
    "replay_action_remove": []
  }
},
{
  "model": "service_development.callsession",
  "pk": 7,
  "fields": {
    "start": "2019-05-21T09:02:28.196Z",
    "end": "2019-05-21T09:02:28.281Z",
    "farmer": 1,
    "caller_id": "456",
    "service": 1,
    "advertisement": null,
    "_language": null,
    "replay_action_create": [],
    "replay_action_update": [],
    "replay_action_remove": []
  }
},
{
  "model": "service_development.callsession",
  "pk": 8,
  "fields": {
    "start": "2019-05-21T09:25:50.624Z",
    "end": "2019-05-21T09:25:50.709Z",
    "farmer": 1,
    "caller_id": "456",
    "service": 1,
    "advertisement": null,
    "_language": null,
    "replay_action_create": [],
    "replay_action_update": [],
    "replay_action_remove": []
  }
},
{
  "model": "service_development.callsession",
  "pk": 9,
  "fields": {
    "start": "2019-05-21T09:26:25.472Z",
    "end": "2019-05-21T09:26:25.544Z",
    "farmer": 1,
    "caller_id": "456",
    "service": 1,
    "advertisement": null,
    "_language": null,
    "replay_action_create": [],
    "replay_action_update": [],
    "replay_action_remove": []
  }
},
{
  "model": "service_development.callsession",
  "pk": 10,
  "fields": {
    "start": "2019-05-21T09:28:12.715Z",
    "end": "2019-05-21T09:28:12.795Z",
    "farmer": 1,
    "caller_id": "456",
    "service": 1,
    "advertisement": null,
    "_language": null,
    "replay_action_create": [],
    "replay_action_update": [],
    "replay_action_remove": []
  }
},
{
  "model": "service_development.callsession",
  "pk": 11,
  "fields": {
    "start": "2019-05-21T09:28:53.634Z",
    "end": "2019-05-21T09:28:53.707Z",
    "farmer": 1,
    "caller_id": "456",
    "service": 1,
    "advertisement": null,
    "_language": null,
    "replay_action_create": [],
    "replay_action_update": [],
    "replay_action_remove": []
  }
},
{
  "model": "service_development.callsession",
  "pk": 12,
  "fields": {
    "start": "2019-05-21T09:34:53.639Z",
    "end": "2019-05-21T09:34:53.731Z",
    "farmer": 1,
    "caller_id": "456",
    "service": 1,
    "advertisement": null,
    "_language": null,
    "replay_action_create": [],
    "replay_action_update": [],
    "replay_action_remove": []
  }
},
{
  "model": "service_development.callsession",
  "pk": 13,
  "fields": {
    "start": "2019-05-21T09:36:19.395Z",
    "end": "2019-05-21T09:36:19.465Z",
    "farmer": 1,
    "caller_id": "456",
    "service": 1,
    "advertisement": null,
    "_language": null,
    "replay_action_create": [],
    "replay_action_update": [],
    "replay_action_remove": []
  }
},
{
  "model": "service_development.callsession",
  "pk": 14,
  "fields": {
    "start": "2019-05-21T09:42:05.284Z",
    "end": "2019-05-21T09:42:05.376Z",
    "farmer": 1,
    "caller_id": "456",
    "service": 1,
    "advertisement": null,
    "_language": null,
    "replay_action_create": [],
    "replay_action_update": [],
    "replay_action_remove": []
  }
},
{
  "model": "service_development.callsession",
  "pk": 15,
  "fields": {
    "start": "2019-05-21T09:43:06.921Z",
    "end": "2019-05-21T09:43:06.998Z",
    "farmer": 1,
    "caller_id": "456",
    "service": 1,
    "advertisement": null,
    "_language": null,
    "replay_action_create": [],
    "replay_action_update": [],
    "replay_action_remove": []
  }
},
{
  "model": "service_development.callsession",
  "pk": 16,
  "fields": {
    "start": "2019-05-21T09:43:53.596Z",
    "end": "2019-05-21T09:43:53.678Z",
    "farmer": 1,
    "caller_id": "456",
    "service": 1,
    "advertisement": null,
    "_language": null,
    "replay_action_create": [],
    "replay_action_update": [],
    "replay_action_remove": []
  }
},
{
  "model": "service_development.callsession",
  "pk": 17,
  "fields": {
    "start": "2019-05-21T09:46:40.165Z",
    "end": "2019-05-21T09:46:40.255Z",
    "farmer": 1,
    "caller_id": "456",
    "service": 1,
    "advertisement": null,
    "_language": null,
    "replay_action_create": [],
    "replay_action_update": [],
    "replay_action_remove": []
  }
},
{
  "model": "service_development.callsession",
  "pk": 18,
  "fields": {
    "start": "2019-05-21T09:49:39.437Z",
    "end": "2019-05-21T09:49:39.520Z",
    "farmer": 1,
    "caller_id": "456",
    "service": 1,
    "advertisement": null,
    "_language": null,
    "replay_action_create": [],
    "replay_action_update": [],
    "replay_action_remove": []
  }
},
{
  "model": "service_development.callsession",
  "pk": 19,
  "fields": {
    "start": "2019-05-21T09:50:03.070Z",
    "end": "2019-05-21T09:50:03.138Z",
    "farmer": 1,
    "caller_id": "456",
    "service": 1,
    "advertisement": null,
    "_language": null,
    "replay_action_create": [],
    "replay_action_update": [],
    "replay_action_remove": []
  }
},
{
  "model": "service_development.callsession",
  "pk": 20,
  "fields": {
    "start": "2019-05-21T09:51:04.620Z",
    "end": "2019-05-21T09:51:04.759Z",
    "farmer": 1,
    "caller_id": "456",
    "service": 1,
    "advertisement": null,
    "_language": null,
    "replay_action_create": [],
    "replay_action_update": [],
    "replay_action_remove": []
  }
},
{
  "model": "service_development.callsession",
  "pk": 21,
  "fields": {
    "start": "2019-05-21T09:51:32.057Z",
    "end": "2019-05-21T09:51:32.136Z",
    "farmer": 1,
    "caller_id": "456",
    "service": 1,
    "advertisement": null,
    "_language": null,
    "replay_action_create": [],
    "replay_action_update": [],
    "replay_action_remove": []
  }
},
{
  "model": "service_development.callsession",
  "pk": 22,
  "fields": {
    "start": "2019-05-21T09:54:24.154Z",
    "end": "2019-05-21T09:54:24.233Z",
    "farmer": 1,
    "caller_id": "456",
    "service": 1,
    "advertisement": null,
    "_language": null,
    "replay_action_create": [],
    "replay_action_update": [],
    "replay_action_remove": []
  }
},
{
  "model": "service_development.callsession",
  "pk": 23,
  "fields": {
    "start": "2019-05-21T09:55:01.138Z",
    "end": "2019-05-21T09:55:01.211Z",
    "farmer": 1,
    "caller_id": "456",
    "service": 1,
    "advertisement": null,
    "_language": null,
    "replay_action_create": [],
    "replay_action_update": [],
    "replay_action_remove": []
  }
},
{
  "model": "service_development.callsession",
  "pk": 24,
  "fields": {
    "start": "2019-05-21T09:56:15.462Z",
    "end": "2019-05-21T09:56:15.539Z",
    "farmer": 1,
    "caller_id": "456",
    "service": 1,
    "advertisement": null,
    "_language": null,
    "replay_action_create": [],
    "replay_action_update": [],
    "replay_action_remove": []
  }
},
{
  "model": "service_development.callsession",
  "pk": 25,
  "fields": {
    "start": "2019-05-21T09:59:59.689Z",
    "end": "2019-05-21T09:59:59.762Z",
    "farmer": 1,
    "caller_id": "456",
    "service": 1,
    "advertisement": null,
    "_language": null,
    "replay_action_create": [],
    "replay_action_update": [],
    "replay_action_remove": []
  }
},
{
  "model": "service_development.callsession",
  "pk": 26,
  "fields": {
    "start": "2019-05-21T10:02:32.500Z",
    "end": "2019-05-21T10:02:32.588Z",
    "farmer": 1,
    "caller_id": "456",
    "service": 1,
    "advertisement": null,
    "_language": null,
    "replay_action_create": [],
    "replay_action_update": [],
    "replay_action_remove": []
  }
},
{
  "model": "service_development.callsession",
  "pk": 27,
  "fields": {
    "start": "2019-05-21T10:02:59.760Z",
    "end": "2019-05-21T10:02:59.857Z",
    "farmer": 1,
    "caller_id": "456",
    "service": 1,
    "advertisement": null,
    "_language": null,
    "replay_action_create": [],
    "replay_action_update": [],
    "replay_action_remove": []
  }
},
{
  "model": "service_development.callsession",
  "pk": 28,
  "fields": {
    "start": "2019-05-21T10:03:27.470Z",
    "end": "2019-05-21T10:03:27.627Z",
    "farmer": 1,
    "caller_id": "456",
    "service": 1,
    "advertisement": null,
    "_language": null,
    "replay_action_create": [],
    "replay_action_update": [],
    "replay_action_remove": []
  }
},
{
  "model": "service_development.callsession",
  "pk": 29,
  "fields": {
    "start": "2019-05-21T10:05:28.128Z",
    "end": "2019-05-21T10:05:28.222Z",
    "farmer": 1,
    "caller_id": "456",
    "service": 1,
    "advertisement": null,
    "_language": null,
    "replay_action_create": [],
    "replay_action_update": [],
    "replay_action_remove": []
  }
},
{
  "model": "service_development.callsession",
  "pk": 30,
  "fields": {
    "start": "2019-05-21T10:05:47.150Z",
    "end": "2019-05-21T10:05:47.213Z",
    "farmer": 1,
    "caller_id": "456",
    "service": 1,
    "advertisement": null,
    "_language": null,
    "replay_action_create": [],
    "replay_action_update": [],
    "replay_action_remove": []
  }
},
{
  "model": "service_development.callsession",
  "pk": 31,
  "fields": {
    "start": "2019-05-21T10:06:47.615Z",
    "end": "2019-05-21T10:06:47.693Z",
    "farmer": 1,
    "caller_id": "456",
    "service": 1,
    "advertisement": null,
    "_language": null,
    "replay_action_create": [],
    "replay_action_update": [],
    "replay_action_remove": []
  }
},
{
  "model": "service_development.callsession",
  "pk": 32,
  "fields": {
    "start": "2019-05-21T10:07:47.943Z",
    "end": "2019-05-21T10:07:48.000Z",
    "farmer": 1,
    "caller_id": "456",
    "service": 1,
    "advertisement": null,
    "_language": null,
    "replay_action_create": [],
    "replay_action_update": [],
    "replay_action_remove": []
  }
},
{
  "model": "service_development.callsession",
  "pk": 33,
  "fields": {
    "start": "2019-05-21T10:09:03.635Z",
    "end": "2019-05-21T10:09:03.708Z",
    "farmer": 1,
    "caller_id": "456",
    "service": 1,
    "advertisement": null,
    "_language": null,
    "replay_action_create": [],
    "replay_action_update": [],
    "replay_action_remove": []
  }
},
{
  "model": "service_development.callsession",
  "pk": 34,
  "fields": {
    "start": "2019-05-21T10:09:52.594Z",
    "end": "2019-05-21T10:09:52.672Z",
    "farmer": 1,
    "caller_id": "456",
    "service": 1,
    "advertisement": null,
    "_language": null,
    "replay_action_create": [],
    "replay_action_update": [],
    "replay_action_remove": []
  }
},
{
  "model": "service_development.callsession",
  "pk": 35,
  "fields": {
    "start": "2019-05-21T10:10:33.548Z",
    "end": "2019-05-21T10:10:33.637Z",
    "farmer": 1,
    "caller_id": "456",
    "service": 1,
    "advertisement": null,
    "_language": null,
    "replay_action_create": [],
    "replay_action_update": [],
    "replay_action_remove": []
  }
},
{
  "model": "service_development.callsession",
  "pk": 36,
  "fields": {
    "start": "2019-05-21T10:12:05.276Z",
    "end": "2019-05-21T10:12:05.347Z",
    "farmer": 1,
    "caller_id": "456",
    "service": 1,
    "advertisement": null,
    "_language": null,
    "replay_action_create": [],
    "replay_action_update": [],
    "replay_action_remove": []
  }
},
{
  "model": "service_development.callsession",
  "pk": 37,
  "fields": {
    "start": "2019-05-21T10:14:01.766Z",
    "end": null,
    "farmer": null,
    "caller_id": "12",
    "service": 1,
    "advertisement": null,
    "_language": null,
    "replay_action_create": [],
    "replay_action_update": [],
    "replay_action_remove": []
  }
},
{
  "model": "service_development.callsession",
  "pk": 38,
  "fields": {
    "start": "2019-05-21T10:18:57.952Z",
    "end": null,
    "farmer": null,
    "caller_id": "12",
    "service": 1,
    "advertisement": null,
    "_language": null,
    "replay_action_create": [],
    "replay_action_update": [],
    "replay_action_remove": []
  }
},
{
  "model": "service_development.callsession",
  "pk": 39,
  "fields": {
    "start": "2019-05-21T10:19:53.145Z",
    "end": null,
    "farmer": null,
    "caller_id": "12",
    "service": 1,
    "advertisement": null,
    "_language": null,
    "replay_action_create": [],
    "replay_action_update": [],
    "replay_action_remove": []
  }
},
{
  "model": "service_development.callsession",
  "pk": 40,
  "fields": {
    "start": "2019-05-21T10:19:53.896Z",
    "end": null,
    "farmer": null,
    "caller_id": "12",
    "service": 1,
    "advertisement": null,
    "_language": null,
    "replay_action_create": [],
    "replay_action_update": [],
    "replay_action_remove": []
  }
},
{
  "model": "service_development.callsession",
  "pk": 41,
  "fields": {
    "start": "2019-05-21T10:20:00.970Z",
    "end": "2019-05-21T10:20:01.039Z",
    "farmer": 1,
    "caller_id": "456",
    "service": 1,
    "advertisement": null,
    "_language": null,
    "replay_action_create": [],
    "replay_action_update": [],
    "replay_action_remove": []
  }
},
{
  "model": "service_development.callsession",
  "pk": 42,
  "fields": {
    "start": "2019-05-21T10:26:51.120Z",
    "end": "2019-05-21T10:26:51.204Z",
    "farmer": 1,
    "caller_id": "456",
    "service": 1,
    "advertisement": null,
    "_language": null,
    "replay_action_create": [],
    "replay_action_update": [],
    "replay_action_remove": []
  }
},
{
  "model": "service_development.callsession",
  "pk": 43,
  "fields": {
    "start": "2019-05-21T10:27:51.406Z",
    "end": "2019-05-21T10:27:51.480Z",
    "farmer": 1,
    "caller_id": "456",
    "service": 1,
    "advertisement": null,
    "_language": null,
    "replay_action_create": [],
    "replay_action_update": [],
    "replay_action_remove": []
  }
},
{
  "model": "service_development.callsession",
  "pk": 44,
  "fields": {
    "start": "2019-05-21T10:29:49.259Z",
    "end": "2019-05-21T10:29:49.327Z",
    "farmer": 1,
    "caller_id": "456",
    "service": 1,
    "advertisement": null,
    "_language": null,
    "replay_action_create": [],
    "replay_action_update": [],
    "replay_action_remove": []
  }
},
{
  "model": "service_development.callsession",
  "pk": 45,
  "fields": {
    "start": "2019-05-21T10:29:55.467Z",
    "end": "2019-05-21T10:29:55.556Z",
    "farmer": 1,
    "caller_id": "456",
    "service": 1,
    "advertisement": null,
    "_language": null,
    "replay_action_create": [],
    "replay_action_update": [],
    "replay_action_remove": []
  }
},
{
  "model": "service_development.callsession",
  "pk": 46,
  "fields": {
    "start": "2019-05-21T10:30:33.605Z",
    "end": "2019-05-21T10:30:33.688Z",
    "farmer": 1,
    "caller_id": "456",
    "service": 1,
    "advertisement": null,
    "_language": null,
    "replay_action_create": [],
    "replay_action_update": [],
    "replay_action_remove": []
  }
},
{
  "model": "service_development.callsession",
  "pk": 47,
  "fields": {
    "start": "2019-05-21T10:42:46.610Z",
    "end": "2019-05-21T10:42:46.735Z",
    "farmer": 1,
    "caller_id": "456",
    "service": 1,
    "advertisement": null,
    "_language": null,
    "replay_action_create": [],
    "replay_action_update": [],
    "replay_action_remove": []
  }
},
{
  "model": "service_development.callsession",
  "pk": 48,
  "fields": {
    "start": "2019-05-21T11:06:36.150Z",
    "end": "2019-05-21T11:06:36.235Z",
    "farmer": 1,
    "caller_id": "456",
    "service": 1,
    "advertisement": null,
    "_language": null,
    "replay_action_create": [],
    "replay_action_update": [],
    "replay_action_remove": []
  }
},
{
  "model": "service_development.callsession",
  "pk": 49,
  "fields": {
    "start": "2019-05-21T11:07:18.116Z",
    "end": "2019-05-21T11:07:18.178Z",
    "farmer": 1,
    "caller_id": "456",
    "service": 1,
    "advertisement": null,
    "_language": null,
    "replay_action_create": [],
    "replay_action_update": [],
    "replay_action_remove": []
  }
},
{
  "model": "service_development.callsession",
  "pk": 50,
  "fields": {
    "start": "2019-05-21T11:09:59.323Z",
    "end": "2019-05-21T11:09:59.399Z",
    "farmer": 1,
    "caller_id": "456",
    "service": 1,
    "advertisement": null,
    "_language": null,
    "replay_action_create": [],
    "replay_action_update": [],
    "replay_action_remove": []
  }
},
{
  "model": "service_development.callsession",
  "pk": 51,
  "fields": {
    "start": "2019-05-21T11:10:31.626Z",
    "end": "2019-05-21T11:10:31.737Z",
    "farmer": 1,
    "caller_id": "456",
    "service": 1,
    "advertisement": null,
    "_language": null,
    "replay_action_create": [],
    "replay_action_update": [],
    "replay_action_remove": []
  }
},
{
  "model": "service_development.callsession",
  "pk": 52,
  "fields": {
    "start": "2019-05-21T11:11:05.995Z",
    "end": "2019-05-21T11:11:06.073Z",
    "farmer": 1,
    "caller_id": "456",
    "service": 1,
    "advertisement": null,
    "_language": null,
    "replay_action_create": [],
    "replay_action_update": [],
    "replay_action_remove": []
  }
},
{
  "model": "service_development.callsession",
  "pk": 53,
  "fields": {
    "start": "2019-05-21T11:12:09.019Z",
    "end": "2019-05-21T11:12:09.102Z",
    "farmer": 1,
    "caller_id": "456",
    "service": 1,
    "advertisement": null,
    "_language": null,
    "replay_action_create": [],
    "replay_action_update": [],
    "replay_action_remove": []
  }
},
{
  "model": "service_development.callsession",
  "pk": 54,
  "fields": {
    "start": "2019-05-21T11:13:26.884Z",
    "end": "2019-05-21T11:13:26.984Z",
    "farmer": 1,
    "caller_id": "456",
    "service": 1,
    "advertisement": null,
    "_language": null,
    "replay_action_create": [],
    "replay_action_update": [],
    "replay_action_remove": []
  }
},
{
  "model": "service_development.callsession",
  "pk": 55,
  "fields": {
    "start": "2019-05-21T11:15:27.011Z",
    "end": "2019-05-21T11:15:27.091Z",
    "farmer": 1,
    "caller_id": "456",
    "service": 1,
    "advertisement": null,
    "_language": null,
    "replay_action_create": [],
    "replay_action_update": [],
    "replay_action_remove": []
  }
},
{
  "model": "service_development.callsession",
  "pk": 56,
  "fields": {
    "start": "2019-05-21T11:19:40.597Z",
    "end": "2019-05-21T11:19:40.680Z",
    "farmer": 1,
    "caller_id": "456",
    "service": 1,
    "advertisement": null,
    "_language": null,
    "replay_action_create": [],
    "replay_action_update": [],
    "replay_action_remove": []
  }
},
{
  "model": "service_development.callsession",
  "pk": 57,
  "fields": {
    "start": "2019-05-21T11:20:04.288Z",
    "end": "2019-05-21T11:20:04.361Z",
    "farmer": 1,
    "caller_id": "456",
    "service": 1,
    "advertisement": null,
    "_language": null,
    "replay_action_create": [],
    "replay_action_update": [],
    "replay_action_remove": []
  }
},
{
  "model": "service_development.callsession",
  "pk": 58,
  "fields": {
    "start": "2019-05-21T11:20:26.323Z",
    "end": "2019-05-21T11:20:26.395Z",
    "farmer": 1,
    "caller_id": "456",
    "service": 1,
    "advertisement": null,
    "_language": null,
    "replay_action_create": [],
    "replay_action_update": [],
    "replay_action_remove": []
  }
},
{
  "model": "service_development.callsession",
  "pk": 59,
  "fields": {
    "start": "2019-05-21T11:21:00.646Z",
    "end": "2019-05-21T11:21:00.732Z",
    "farmer": 1,
    "caller_id": "456",
    "service": 1,
    "advertisement": null,
    "_language": null,
    "replay_action_create": [],
    "replay_action_update": [],
    "replay_action_remove": []
  }
},
{
  "model": "service_development.callsession",
  "pk": 60,
  "fields": {
    "start": "2019-05-21T11:21:34.705Z",
    "end": "2019-05-21T11:21:34.786Z",
    "farmer": 1,
    "caller_id": "456",
    "service": 1,
    "advertisement": null,
    "_language": null,
    "replay_action_create": [],
    "replay_action_update": [],
    "replay_action_remove": []
  }
},
{
  "model": "service_development.callsession",
  "pk": 61,
  "fields": {
    "start": "2019-05-21T11:21:56.839Z",
    "end": "2019-05-21T11:21:56.912Z",
    "farmer": 1,
    "caller_id": "456",
    "service": 1,
    "advertisement": null,
    "_language": null,
    "replay_action_create": [],
    "replay_action_update": [],
    "replay_action_remove": []
  }
},
{
  "model": "service_development.callsession",
  "pk": 62,
  "fields": {
    "start": "2019-05-21T11:22:32.163Z",
    "end": "2019-05-21T11:22:32.253Z",
    "farmer": 1,
    "caller_id": "456",
    "service": 1,
    "advertisement": null,
    "_language": null,
    "replay_action_create": [],
    "replay_action_update": [],
    "replay_action_remove": []
  }
},
{
  "model": "service_development.callsession",
  "pk": 63,
  "fields": {
    "start": "2019-05-21T11:23:34.980Z",
    "end": "2019-05-21T11:23:35.132Z",
    "farmer": 1,
    "caller_id": "456",
    "service": 1,
    "advertisement": null,
    "_language": null,
    "replay_action_create": [],
    "replay_action_update": [],
    "replay_action_remove": []
  }
},
{
  "model": "service_development.callsession",
  "pk": 64,
  "fields": {
    "start": "2019-05-21T11:38:59.203Z",
    "end": "2019-05-21T11:38:59.276Z",
    "farmer": 1,
    "caller_id": "456",
    "service": 1,
    "advertisement": null,
    "_language": null,
    "replay_action_create": [],
    "replay_action_update": [],
    "replay_action_remove": []
  }
},
{
  "model": "service_development.callsession",
  "pk": 65,
  "fields": {
    "start": "2019-05-21T11:40:04.419Z",
    "end": "2019-05-21T11:40:04.486Z",
    "farmer": 1,
    "caller_id": "456",
    "service": 1,
    "advertisement": null,
    "_language": null,
    "replay_action_create": [],
    "replay_action_update": [],
    "replay_action_remove": []
  }
},
{
  "model": "service_development.callsession",
  "pk": 66,
  "fields": {
    "start": "2019-05-21T11:40:25.184Z",
    "end": "2019-05-21T11:40:25.241Z",
    "farmer": 1,
    "caller_id": "456",
    "service": 1,
    "advertisement": null,
    "_language": null,
    "replay_action_create": [],
    "replay_action_update": [],
    "replay_action_remove": []
  }
},
{
  "model": "service_development.callsession",
  "pk": 67,
  "fields": {
    "start": "2019-05-21T11:40:58.248Z",
    "end": "2019-05-21T11:40:58.323Z",
    "farmer": 1,
    "caller_id": "456",
    "service": 1,
    "advertisement": null,
    "_language": null,
    "replay_action_create": [],
    "replay_action_update": [],
    "replay_action_remove": []
  }
},
{
  "model": "service_development.callsession",
  "pk": 68,
  "fields": {
    "start": "2019-05-21T11:41:27.227Z",
    "end": "2019-05-21T11:41:27.287Z",
    "farmer": 1,
    "caller_id": "456",
    "service": 1,
    "advertisement": null,
    "_language": null,
    "replay_action_create": [],
    "replay_action_update": [],
    "replay_action_remove": []
  }
},
{
  "model": "service_development.callsession",
  "pk": 69,
  "fields": {
    "start": "2019-05-21T11:42:04.101Z",
    "end": "2019-05-21T11:42:04.173Z",
    "farmer": 1,
    "caller_id": "456",
    "service": 1,
    "advertisement": null,
    "_language": null,
    "replay_action_create": [],
    "replay_action_update": [],
    "replay_action_remove": []
  }
},
{
  "model": "service_development.callsession",
  "pk": 70,
  "fields": {
    "start": "2019-05-21T11:51:47.504Z",
    "end": "2019-05-21T11:51:47.573Z",
    "farmer": 1,
    "caller_id": "456",
    "service": 1,
    "advertisement": null,
    "_language": null,
    "replay_action_create": [],
    "replay_action_update": [],
    "replay_action_remove": []
  }
},
{
  "model": "service_development.callsession",
  "pk": 71,
  "fields": {
    "start": "2019-05-21T11:52:49.570Z",
    "end": "2019-05-21T11:52:49.646Z",
    "farmer": 1,
    "caller_id": "456",
    "service": 1,
    "advertisement": null,
    "_language": null,
    "replay_action_create": [],
    "replay_action_update": [],
    "replay_action_remove": []
  }
},
{
  "model": "service_development.callsession",
  "pk": 72,
  "fields": {
    "start": "2019-05-21T12:13:29.421Z",
    "end": "2019-05-21T12:52:28.080Z",
    "farmer": 1,
    "caller_id": "456",
    "service": 1,
    "advertisement": null,
    "_language": null,
    "replay_action_create": [],
    "replay_action_update": [],
    "replay_action_remove": []
  }
},
{
  "model": "service_development.callsession",
  "pk": 73,
  "fields": {
    "start": "2019-05-21T12:53:25.186Z",
    "end": "2019-05-21T12:53:25.230Z",
    "farmer": 1,
    "caller_id": "456",
    "service": 1,
    "advertisement": null,
    "_language": null,
    "replay_action_create": [],
    "replay_action_update": [],
    "replay_action_remove": []
  }
},
{
  "model": "service_development.callsession",
  "pk": 74,
  "fields": {
    "start": "2019-05-21T12:58:17.766Z",
    "end": "2019-05-21T13:46:10.856Z",
    "farmer": 1,
    "caller_id": "456",
    "service": 1,
    "advertisement": null,
    "_language": null,
    "replay_action_create": [],
    "replay_action_update": [],
    "replay_action_remove": []
  }
},
{
  "model": "service_development.callsession",
  "pk": 75,
  "fields": {
    "start": "2019-05-21T13:12:08.073Z",
    "end": "2019-05-21T13:12:08.129Z",
    "farmer": 1,
    "caller_id": "456",
    "service": 1,
    "advertisement": null,
    "_language": null,
    "replay_action_create": [],
    "replay_action_update": [],
    "replay_action_remove": []
  }
},
{
  "model": "service_development.callsession",
  "pk": 76,
  "fields": {
    "start": "2019-05-21T13:12:30.253Z",
    "end": "2019-05-21T13:12:30.293Z",
    "farmer": 1,
    "caller_id": "456",
    "service": 1,
    "advertisement": null,
    "_language": null,
    "replay_action_create": [],
    "replay_action_update": [],
    "replay_action_remove": []
  }
},
{
  "model": "service_development.callsession",
  "pk": 77,
  "fields": {
    "start": "2019-05-21T13:14:55.324Z",
    "end": "2019-05-21T13:14:55.395Z",
    "farmer": 1,
    "caller_id": "456",
    "service": 1,
    "advertisement": null,
    "_language": null,
    "replay_action_create": [],
    "replay_action_update": [],
    "replay_action_remove": []
  }
},
{
  "model": "service_development.callsession",
  "pk": 78,
  "fields": {
    "start": "2019-05-21T13:16:21.852Z",
    "end": "2019-05-21T13:16:21.915Z",
    "farmer": 1,
    "caller_id": "456",
    "service": 1,
    "advertisement": null,
    "_language": null,
    "replay_action_create": [],
    "replay_action_update": [],
    "replay_action_remove": []
  }
},
{
  "model": "service_development.callsession",
  "pk": 79,
  "fields": {
    "start": "2019-05-21T13:17:31.992Z",
    "end": "2019-05-21T13:17:32.053Z",
    "farmer": 1,
    "caller_id": "456",
    "service": 1,
    "advertisement": null,
    "_language": null,
    "replay_action_create": [],
    "replay_action_update": [],
    "replay_action_remove": []
  }
},
{
  "model": "service_development.callsession",
  "pk": 80,
  "fields": {
    "start": "2019-05-21T13:19:08.363Z",
    "end": "2019-05-21T13:19:08.429Z",
    "farmer": 1,
    "caller_id": "456",
    "service": 1,
    "advertisement": null,
    "_language": null,
    "replay_action_create": [],
    "replay_action_update": [],
    "replay_action_remove": []
  }
},
{
  "model": "service_development.callsession",
  "pk": 81,
  "fields": {
    "start": "2019-05-21T13:19:30.677Z",
    "end": "2019-05-21T13:19:30.744Z",
    "farmer": 1,
    "caller_id": "456",
    "service": 1,
    "advertisement": null,
    "_language": null,
    "replay_action_create": [],
    "replay_action_update": [],
    "replay_action_remove": []
  }
},
{
  "model": "service_development.callsession",
  "pk": 82,
  "fields": {
    "start": "2019-05-21T13:20:16.889Z",
    "end": "2019-05-21T13:20:16.954Z",
    "farmer": 1,
    "caller_id": "456",
    "service": 1,
    "advertisement": null,
    "_language": null,
    "replay_action_create": [],
    "replay_action_update": [],
    "replay_action_remove": []
  }
},
{
  "model": "service_development.callsession",
  "pk": 83,
  "fields": {
    "start": "2019-05-21T13:20:43.244Z",
    "end": "2019-05-21T13:20:43.311Z",
    "farmer": 1,
    "caller_id": "456",
    "service": 1,
    "advertisement": null,
    "_language": null,
    "replay_action_create": [],
    "replay_action_update": [],
    "replay_action_remove": []
  }
},
{
  "model": "service_development.callsession",
  "pk": 84,
  "fields": {
    "start": "2019-05-21T13:21:45.117Z",
    "end": "2019-05-21T13:21:45.184Z",
    "farmer": 1,
    "caller_id": "456",
    "service": 1,
    "advertisement": null,
    "_language": null,
    "replay_action_create": [],
    "replay_action_update": [],
    "replay_action_remove": []
  }
},
{
  "model": "service_development.callsession",
  "pk": 85,
  "fields": {
    "start": "2019-05-21T13:22:12.031Z",
    "end": "2019-05-21T13:22:12.093Z",
    "farmer": 1,
    "caller_id": "456",
    "service": 1,
    "advertisement": null,
    "_language": null,
    "replay_action_create": [],
    "replay_action_update": [],
    "replay_action_remove": []
  }
},
{
  "model": "service_development.callsession",
  "pk": 86,
  "fields": {
    "start": "2019-05-21T13:22:38.510Z",
    "end": "2019-05-21T13:22:38.575Z",
    "farmer": 1,
    "caller_id": "456",
    "service": 1,
    "advertisement": null,
    "_language": null,
    "replay_action_create": [],
    "replay_action_update": [],
    "replay_action_remove": []
  }
},
{
  "model": "service_development.callsession",
  "pk": 87,
  "fields": {
    "start": "2019-05-21T13:23:02.152Z",
    "end": "2019-05-21T13:23:02.217Z",
    "farmer": 1,
    "caller_id": "456",
    "service": 1,
    "advertisement": null,
    "_language": null,
    "replay_action_create": [],
    "replay_action_update": [],
    "replay_action_remove": []
  }
},
{
  "model": "service_development.callsession",
  "pk": 88,
  "fields": {
    "start": "2019-05-21T13:23:36.961Z",
    "end": "2019-05-21T13:23:37.015Z",
    "farmer": 1,
    "caller_id": "456",
    "service": 1,
    "advertisement": null,
    "_language": null,
    "replay_action_create": [],
    "replay_action_update": [],
    "replay_action_remove": []
  }
},
{
  "model": "service_development.callsession",
  "pk": 89,
  "fields": {
    "start": "2019-05-21T13:24:07.669Z",
    "end": "2019-05-21T13:24:07.737Z",
    "farmer": 1,
    "caller_id": "456",
    "service": 1,
    "advertisement": null,
    "_language": null,
    "replay_action_create": [],
    "replay_action_update": [],
    "replay_action_remove": []
  }
},
{
  "model": "service_development.callsession",
  "pk": 90,
  "fields": {
    "start": "2019-05-21T13:25:19.523Z",
    "end": "2019-05-21T13:25:19.592Z",
    "farmer": 1,
    "caller_id": "456",
    "service": 1,
    "advertisement": null,
    "_language": null,
    "replay_action_create": [],
    "replay_action_update": [],
    "replay_action_remove": []
  }
},
{
  "model": "service_development.callsession",
  "pk": 91,
  "fields": {
    "start": "2019-05-21T13:25:40.261Z",
    "end": "2019-05-21T13:25:40.333Z",
    "farmer": 1,
    "caller_id": "456",
    "service": 1,
    "advertisement": null,
    "_language": null,
    "replay_action_create": [],
    "replay_action_update": [],
    "replay_action_remove": []
  }
},
{
  "model": "service_development.callsession",
  "pk": 92,
  "fields": {
    "start": "2019-05-21T13:26:17.512Z",
    "end": "2019-05-21T13:26:17.577Z",
    "farmer": 1,
    "caller_id": "456",
    "service": 1,
    "advertisement": null,
    "_language": null,
    "replay_action_create": [],
    "replay_action_update": [],
    "replay_action_remove": []
  }
},
{
  "model": "service_development.callsession",
  "pk": 93,
  "fields": {
    "start": "2019-05-21T13:26:43.486Z",
    "end": "2019-05-21T13:26:43.552Z",
    "farmer": 1,
    "caller_id": "456",
    "service": 1,
    "advertisement": null,
    "_language": null,
    "replay_action_create": [],
    "replay_action_update": [],
    "replay_action_remove": []
  }
},
{
  "model": "service_development.callsession",
  "pk": 94,
  "fields": {
    "start": "2019-05-21T13:42:19.481Z",
    "end": "2019-05-21T13:42:19.528Z",
    "farmer": 1,
    "caller_id": "456",
    "service": 1,
    "advertisement": null,
    "_language": null,
    "replay_action_create": [],
    "replay_action_update": [],
    "replay_action_remove": []
  }
},
{
  "model": "service_development.callsession",
  "pk": 95,
  "fields": {
    "start": "2019-05-21T13:42:28.891Z",
    "end": "2019-05-21T13:42:28.945Z",
    "farmer": 1,
    "caller_id": "456",
    "service": 1,
    "advertisement": null,
    "_language": null,
    "replay_action_create": [],
    "replay_action_update": [],
    "replay_action_remove": []
  }
},
{
  "model": "service_development.callsession",
  "pk": 96,
  "fields": {
    "start": "2019-05-21T13:42:57.624Z",
    "end": "2019-05-21T13:42:57.666Z",
    "farmer": 1,
    "caller_id": "456",
    "service": 1,
    "advertisement": null,
    "_language": null,
    "replay_action_create": [],
    "replay_action_update": [],
    "replay_action_remove": []
  }
},
{
  "model": "service_development.callsession",
  "pk": 97,
  "fields": {
    "start": "2019-05-21T13:43:06.317Z",
    "end": "2019-05-21T13:44:07.467Z",
    "farmer": 2,
    "caller_id": "123",
    "service": 1,
    "advertisement": null,
    "_language": 2,
    "replay_action_create": [],
    "replay_action_update": [],
    "replay_action_remove": []
  }
},
{
  "model": "service_development.callsession",
  "pk": 98,
  "fields": {
    "start": "2019-05-21T13:44:57.778Z",
    "end": "2019-05-21T13:45:24.194Z",
    "farmer": 3,
    "caller_id": "122",
    "service": 1,
    "advertisement": null,
    "_language": 2,
    "replay_action_create": [],
    "replay_action_update": [],
    "replay_action_remove": []
  }
},
{
  "model": "service_development.callsession",
  "pk": 99,
  "fields": {
    "start": "2019-05-21T13:45:50.367Z",
    "end": "2019-05-21T13:45:50.419Z",
    "farmer": 1,
    "caller_id": "456",
    "service": 1,
    "advertisement": null,
    "_language": null,
    "replay_action_create": [],
    "replay_action_update": [],
    "replay_action_remove": []
  }
},
{
  "model": "service_development.callsession",
  "pk": 100,
  "fields": {
    "start": "2019-05-21T13:46:59.655Z",
    "end": "2019-05-21T13:46:59.717Z",
    "farmer": 1,
    "caller_id": "456",
    "service": 1,
    "advertisement": null,
    "_language": null,
    "replay_action_create": [],
    "replay_action_update": [],
    "replay_action_remove": []
  }
},
{
  "model": "service_development.callsession",
  "pk": 101,
  "fields": {
    "start": "2019-05-21T13:47:23.598Z",
    "end": "2019-05-21T13:47:23.665Z",
    "farmer": 1,
    "caller_id": "456",
    "service": 1,
    "advertisement": null,
    "_language": null,
    "replay_action_create": [],
    "replay_action_update": [],
    "replay_action_remove": []
  }
},
{
  "model": "service_development.callsession",
  "pk": 102,
  "fields": {
    "start": "2019-05-21T13:47:39.951Z",
    "end": "2019-05-21T13:47:40.016Z",
    "farmer": 1,
    "caller_id": "456",
    "service": 1,
    "advertisement": null,
    "_language": null,
    "replay_action_create": [],
    "replay_action_update": [],
    "replay_action_remove": []
  }
},
{
  "model": "service_development.callsession",
  "pk": 103,
  "fields": {
    "start": "2019-05-21T13:48:14.092Z",
    "end": "2019-05-21T13:48:14.155Z",
    "farmer": 1,
    "caller_id": "456",
    "service": 1,
    "advertisement": null,
    "_language": null,
    "replay_action_create": [],
    "replay_action_update": [],
    "replay_action_remove": []
  }
},
{
  "model": "service_development.callsession",
  "pk": 104,
  "fields": {
    "start": "2019-05-21T13:49:19.233Z",
    "end": "2019-05-21T13:49:19.297Z",
    "farmer": 1,
    "caller_id": "456",
    "service": 1,
    "advertisement": null,
    "_language": null,
    "replay_action_create": [],
    "replay_action_update": [],
    "replay_action_remove": []
  }
},
{
  "model": "service_development.callsession",
  "pk": 105,
  "fields": {
    "start": "2019-05-21T13:53:00.095Z",
    "end": "2019-05-21T13:53:00.159Z",
    "farmer": 1,
    "caller_id": "456",
    "service": 1,
    "advertisement": null,
    "_language": null,
    "replay_action_create": [],
    "replay_action_update": [],
    "replay_action_remove": []
  }
},
{
  "model": "service_development.callsession",
  "pk": 106,
  "fields": {
    "start": "2019-05-21T13:58:32.247Z",
    "end": "2019-05-21T13:58:32.300Z",
    "farmer": 1,
    "caller_id": "456",
    "service": 1,
    "advertisement": null,
    "_language": null,
    "replay_action_create": [],
    "replay_action_update": [],
    "replay_action_remove": []
  }
},
{
  "model": "service_development.callsession",
  "pk": 107,
  "fields": {
    "start": "2019-05-21T14:00:23.998Z",
    "end": "2019-05-21T14:00:24.098Z",
    "farmer": 1,
    "caller_id": "456",
    "service": 1,
    "advertisement": null,
    "_language": null,
    "replay_action_create": [],
    "replay_action_update": [],
    "replay_action_remove": []
  }
},
{
  "model": "service_development.callsession",
  "pk": 108,
  "fields": {
    "start": "2019-05-21T14:03:36.790Z",
    "end": "2019-05-21T14:03:36.851Z",
    "farmer": 1,
    "caller_id": "456",
    "service": 1,
    "advertisement": null,
    "_language": null,
    "replay_action_create": [],
    "replay_action_update": [],
    "replay_action_remove": []
  }
},
{
  "model": "service_development.callsession",
  "pk": 109,
  "fields": {
    "start": "2019-05-21T14:04:44.546Z",
    "end": "2019-05-21T14:04:44.616Z",
    "farmer": 1,
    "caller_id": "456",
    "service": 1,
    "advertisement": null,
    "_language": null,
    "replay_action_create": [],
    "replay_action_update": [],
    "replay_action_remove": []
  }
},
{
  "model": "service_development.callsession",
  "pk": 110,
  "fields": {
    "start": "2019-05-21T14:06:12.664Z",
    "end": "2019-05-21T14:06:12.727Z",
    "farmer": 1,
    "caller_id": "456",
    "service": 1,
    "advertisement": null,
    "_language": null,
    "replay_action_create": [],
    "replay_action_update": [],
    "replay_action_remove": []
  }
},
{
  "model": "service_development.callsession",
  "pk": 111,
  "fields": {
    "start": "2019-05-21T14:06:14.061Z",
    "end": "2019-05-21T14:06:14.114Z",
    "farmer": 1,
    "caller_id": "456",
    "service": 1,
    "advertisement": null,
    "_language": null,
    "replay_action_create": [],
    "replay_action_update": [],
    "replay_action_remove": []
  }
},
{
  "model": "service_development.callsession",
  "pk": 112,
  "fields": {
    "start": "2019-05-21T14:06:14.718Z",
    "end": "2019-05-21T14:06:14.783Z",
    "farmer": 1,
    "caller_id": "456",
    "service": 1,
    "advertisement": null,
    "_language": null,
    "replay_action_create": [],
    "replay_action_update": [],
    "replay_action_remove": []
  }
},
{
  "model": "service_development.callsession",
  "pk": 113,
  "fields": {
    "start": "2019-05-21T14:06:38.175Z",
    "end": "2019-05-21T14:06:38.236Z",
    "farmer": 1,
    "caller_id": "456",
    "service": 1,
    "advertisement": null,
    "_language": null,
    "replay_action_create": [],
    "replay_action_update": [],
    "replay_action_remove": []
  }
},
{
  "model": "service_development.callsession",
  "pk": 114,
  "fields": {
    "start": "2019-05-21T14:06:39.552Z",
    "end": "2019-05-21T14:06:39.614Z",
    "farmer": 1,
    "caller_id": "456",
    "service": 1,
    "advertisement": null,
    "_language": null,
    "replay_action_create": [],
    "replay_action_update": [],
    "replay_action_remove": []
  }
},
{
  "model": "service_development.callsession",
  "pk": 115,
  "fields": {
    "start": "2019-05-21T14:07:41.846Z",
    "end": "2019-05-21T14:07:41.915Z",
    "farmer": 1,
    "caller_id": "456",
    "service": 1,
    "advertisement": null,
    "_language": null,
    "replay_action_create": [],
    "replay_action_update": [],
    "replay_action_remove": []
  }
},
{
  "model": "service_development.callsession",
  "pk": 116,
  "fields": {
    "start": "2019-05-21T14:07:42.648Z",
    "end": "2019-05-21T14:07:42.698Z",
    "farmer": 1,
    "caller_id": "456",
    "service": 1,
    "advertisement": null,
    "_language": null,
    "replay_action_create": [],
    "replay_action_update": [],
    "replay_action_remove": []
  }
},
{
  "model": "service_development.callsession",
  "pk": 117,
  "fields": {
    "start": "2019-05-21T14:07:42.865Z",
    "end": "2019-05-21T14:07:42.917Z",
    "farmer": 1,
    "caller_id": "456",
    "service": 1,
    "advertisement": null,
    "_language": null,
    "replay_action_create": [],
    "replay_action_update": [],
    "replay_action_remove": []
  }
},
{
  "model": "service_development.callsession",
  "pk": 118,
  "fields": {
    "start": "2019-05-21T14:07:43.283Z",
    "end": "2019-05-21T14:07:43.335Z",
    "farmer": 1,
    "caller_id": "456",
    "service": 1,
    "advertisement": null,
    "_language": null,
    "replay_action_create": [],
    "replay_action_update": [],
    "replay_action_remove": []
  }
},
{
  "model": "service_development.callsession",
  "pk": 119,
  "fields": {
    "start": "2019-05-21T14:11:24.092Z",
    "end": "2019-05-21T14:11:24.160Z",
    "farmer": 1,
    "caller_id": "456",
    "service": 1,
    "advertisement": null,
    "_language": null,
    "replay_action_create": [],
    "replay_action_update": [],
    "replay_action_remove": []
  }
},
{
  "model": "service_development.callsession",
  "pk": 120,
  "fields": {
    "start": "2019-05-21T14:12:07.065Z",
    "end": "2019-05-21T14:12:07.143Z",
    "farmer": 1,
    "caller_id": "456",
    "service": 1,
    "advertisement": null,
    "_language": null,
    "replay_action_create": [],
    "replay_action_update": [],
    "replay_action_remove": []
  }
},
{
  "model": "service_development.callsession",
  "pk": 121,
  "fields": {
    "start": "2019-05-21T14:13:31.525Z",
    "end": "2019-05-21T14:13:31.595Z",
    "farmer": 1,
    "caller_id": "456",
    "service": 1,
    "advertisement": null,
    "_language": null,
    "replay_action_create": [],
    "replay_action_update": [],
    "replay_action_remove": []
  }
},
{
  "model": "service_development.callsession",
  "pk": 122,
  "fields": {
    "start": "2019-05-21T14:13:32.879Z",
    "end": "2019-05-21T14:13:32.943Z",
    "farmer": 1,
    "caller_id": "456",
    "service": 1,
    "advertisement": null,
    "_language": null,
    "replay_action_create": [],
    "replay_action_update": [],
    "replay_action_remove": []
  }
},
{
  "model": "service_development.callsession",
  "pk": 123,
  "fields": {
    "start": "2019-05-21T14:14:11.333Z",
    "end": "2019-05-21T14:14:11.395Z",
    "farmer": 1,
    "caller_id": "456",
    "service": 1,
    "advertisement": null,
    "_language": null,
    "replay_action_create": [],
    "replay_action_update": [],
    "replay_action_remove": []
  }
},
{
  "model": "service_development.callsession",
  "pk": 124,
  "fields": {
    "start": "2019-05-21T14:17:37.327Z",
    "end": "2019-05-21T14:17:37.387Z",
    "farmer": 1,
    "caller_id": "456",
    "service": 1,
    "advertisement": null,
    "_language": null,
    "replay_action_create": [],
    "replay_action_update": [],
    "replay_action_remove": []
  }
},
{
  "model": "service_development.callsession",
  "pk": 125,
  "fields": {
    "start": "2019-05-21T14:18:01.670Z",
    "end": "2019-05-21T14:18:01.745Z",
    "farmer": 1,
    "caller_id": "456",
    "service": 1,
    "advertisement": null,
    "_language": null,
    "replay_action_create": [],
    "replay_action_update": [],
    "replay_action_remove": []
  }
},
{
  "model": "service_development.callsession",
  "pk": 126,
  "fields": {
    "start": "2019-05-21T15:24:08.006Z",
    "end": "2019-05-21T16:12:33.258Z",
    "farmer": 1,
    "caller_id": "456",
    "service": 1,
    "advertisement": null,
    "_language": 2,
    "replay_action_create": [],
    "replay_action_update": [],
    "replay_action_remove": []
  }
},
{
  "model": "service_development.callsession",
  "pk": 127,
  "fields": {
    "start": "2019-05-21T16:13:02.109Z",
    "end": "2019-05-21T16:46:55.012Z",
    "farmer": 1,
    "caller_id": "456",
    "service": 1,
    "advertisement": 77,
    "_language": 2,
    "replay_action_create": [],
    "replay_action_update": [],
    "replay_action_remove": []
  }
},
{
  "model": "service_development.callsession",
  "pk": 128,
  "fields": {
    "start": "2019-05-21T16:47:22.973Z",
    "end": "2019-05-21T17:02:28.023Z",
    "farmer": 1,
    "caller_id": "456",
    "service": 1,
    "advertisement": null,
    "_language": 2,
    "replay_action_create": [],
    "replay_action_update": [],
    "replay_action_remove": []
  }
},
{
  "model": "service_development.callsessionstep",
  "pk": 1,
  "fields": {
    "time": "2019-05-21T08:47:49.793Z",
    "session": 1,
    "_visited_element": 8,
    "description": null
  }
},
{
  "model": "service_development.callsessionstep",
  "pk": 2,
  "fields": {
    "time": "2019-05-21T08:56:07.800Z",
    "session": 2,
    "_visited_element": 8,
    "description": null
  }
},
{
  "model": "service_development.callsessionstep",
  "pk": 3,
  "fields": {
    "time": "2019-05-21T08:56:42.499Z",
    "session": 3,
    "_visited_element": 8,
    "description": null
  }
},
{
  "model": "service_development.callsessionstep",
  "pk": 4,
  "fields": {
    "time": "2019-05-21T08:58:47.182Z",
    "session": 4,
    "_visited_element": 8,
    "description": null
  }
},
{
  "model": "service_development.callsessionstep",
  "pk": 5,
  "fields": {
    "time": "2019-05-21T09:00:38.133Z",
    "session": 5,
    "_visited_element": 8,
    "description": null
  }
},
{
  "model": "service_development.callsessionstep",
  "pk": 6,
  "fields": {
    "time": "2019-05-21T09:01:56.231Z",
    "session": 6,
    "_visited_element": 8,
    "description": null
  }
},
{
  "model": "service_development.callsessionstep",
  "pk": 7,
  "fields": {
    "time": "2019-05-21T09:02:28.284Z",
    "session": 7,
    "_visited_element": 8,
    "description": null
  }
},
{
  "model": "service_development.callsessionstep",
  "pk": 8,
  "fields": {
    "time": "2019-05-21T09:25:50.711Z",
    "session": 8,
    "_visited_element": 8,
    "description": null
  }
},
{
  "model": "service_development.callsessionstep",
  "pk": 9,
  "fields": {
    "time": "2019-05-21T09:26:25.547Z",
    "session": 9,
    "_visited_element": 8,
    "description": null
  }
},
{
  "model": "service_development.callsessionstep",
  "pk": 10,
  "fields": {
    "time": "2019-05-21T09:28:12.798Z",
    "session": 10,
    "_visited_element": 8,
    "description": null
  }
},
{
  "model": "service_development.callsessionstep",
  "pk": 11,
  "fields": {
    "time": "2019-05-21T09:28:53.710Z",
    "session": 11,
    "_visited_element": 8,
    "description": null
  }
},
{
  "model": "service_development.callsessionstep",
  "pk": 12,
  "fields": {
    "time": "2019-05-21T09:34:53.734Z",
    "session": 12,
    "_visited_element": 8,
    "description": null
  }
},
{
  "model": "service_development.callsessionstep",
  "pk": 13,
  "fields": {
    "time": "2019-05-21T09:36:19.468Z",
    "session": 13,
    "_visited_element": 8,
    "description": null
  }
},
{
  "model": "service_development.callsessionstep",
  "pk": 14,
  "fields": {
    "time": "2019-05-21T09:42:05.379Z",
    "session": 14,
    "_visited_element": 8,
    "description": null
  }
},
{
  "model": "service_development.callsessionstep",
  "pk": 15,
  "fields": {
    "time": "2019-05-21T09:43:07.001Z",
    "session": 15,
    "_visited_element": 8,
    "description": null
  }
},
{
  "model": "service_development.callsessionstep",
  "pk": 16,
  "fields": {
    "time": "2019-05-21T09:43:53.681Z",
    "session": 16,
    "_visited_element": 8,
    "description": null
  }
},
{
  "model": "service_development.callsessionstep",
  "pk": 17,
  "fields": {
    "time": "2019-05-21T09:46:40.258Z",
    "session": 17,
    "_visited_element": 8,
    "description": null
  }
},
{
  "model": "service_development.callsessionstep",
  "pk": 18,
  "fields": {
    "time": "2019-05-21T09:49:39.522Z",
    "session": 18,
    "_visited_element": 8,
    "description": null
  }
},
{
  "model": "service_development.callsessionstep",
  "pk": 19,
  "fields": {
    "time": "2019-05-21T09:50:03.140Z",
    "session": 19,
    "_visited_element": 8,
    "description": null
  }
},
{
  "model": "service_development.callsessionstep",
  "pk": 20,
  "fields": {
    "time": "2019-05-21T09:51:04.763Z",
    "session": 20,
    "_visited_element": 8,
    "description": null
  }
},
{
  "model": "service_development.callsessionstep",
  "pk": 21,
  "fields": {
    "time": "2019-05-21T09:51:32.138Z",
    "session": 21,
    "_visited_element": 8,
    "description": null
  }
},
{
  "model": "service_development.callsessionstep",
  "pk": 22,
  "fields": {
    "time": "2019-05-21T09:54:24.236Z",
    "session": 22,
    "_visited_element": 8,
    "description": null
  }
},
{
  "model": "service_development.callsessionstep",
  "pk": 23,
  "fields": {
    "time": "2019-05-21T09:55:01.213Z",
    "session": 23,
    "_visited_element": 8,
    "description": null
  }
},
{
  "model": "service_development.callsessionstep",
  "pk": 24,
  "fields": {
    "time": "2019-05-21T09:56:15.542Z",
    "session": 24,
    "_visited_element": 8,
    "description": null
  }
},
{
  "model": "service_development.callsessionstep",
  "pk": 25,
  "fields": {
    "time": "2019-05-21T09:59:59.766Z",
    "session": 25,
    "_visited_element": 8,
    "description": null
  }
},
{
  "model": "service_development.callsessionstep",
  "pk": 26,
  "fields": {
    "time": "2019-05-21T10:02:32.591Z",
    "session": 26,
    "_visited_element": 8,
    "description": null
  }
},
{
  "model": "service_development.callsessionstep",
  "pk": 27,
  "fields": {
    "time": "2019-05-21T10:02:59.860Z",
    "session": 27,
    "_visited_element": 8,
    "description": null
  }
},
{
  "model": "service_development.callsessionstep",
  "pk": 28,
  "fields": {
    "time": "2019-05-21T10:03:27.636Z",
    "session": 28,
    "_visited_element": 8,
    "description": null
  }
},
{
  "model": "service_development.callsessionstep",
  "pk": 29,
  "fields": {
    "time": "2019-05-21T10:05:28.224Z",
    "session": 29,
    "_visited_element": 8,
    "description": null
  }
},
{
  "model": "service_development.callsessionstep",
  "pk": 30,
  "fields": {
    "time": "2019-05-21T10:05:47.216Z",
    "session": 30,
    "_visited_element": 8,
    "description": null
  }
},
{
  "model": "service_development.callsessionstep",
  "pk": 31,
  "fields": {
    "time": "2019-05-21T10:06:47.698Z",
    "session": 31,
    "_visited_element": 8,
    "description": null
  }
},
{
  "model": "service_development.callsessionstep",
  "pk": 32,
  "fields": {
    "time": "2019-05-21T10:07:48.004Z",
    "session": 32,
    "_visited_element": 8,
    "description": null
  }
},
{
  "model": "service_development.callsessionstep",
  "pk": 33,
  "fields": {
    "time": "2019-05-21T10:09:03.711Z",
    "session": 33,
    "_visited_element": 8,
    "description": null
  }
},
{
  "model": "service_development.callsessionstep",
  "pk": 34,
  "fields": {
    "time": "2019-05-21T10:09:52.676Z",
    "session": 34,
    "_visited_element": 8,
    "description": null
  }
},
{
  "model": "service_development.callsessionstep",
  "pk": 35,
  "fields": {
    "time": "2019-05-21T10:10:33.641Z",
    "session": 35,
    "_visited_element": 8,
    "description": null
  }
},
{
  "model": "service_development.callsessionstep",
  "pk": 36,
  "fields": {
    "time": "2019-05-21T10:12:05.349Z",
    "session": 36,
    "_visited_element": 8,
    "description": null
  }
},
{
  "model": "service_development.callsessionstep",
  "pk": 37,
  "fields": {
    "time": "2019-05-21T10:20:01.043Z",
    "session": 41,
    "_visited_element": 8,
    "description": null
  }
},
{
  "model": "service_development.callsessionstep",
  "pk": 38,
  "fields": {
    "time": "2019-05-21T10:26:51.207Z",
    "session": 42,
    "_visited_element": 8,
    "description": null
  }
},
{
  "model": "service_development.callsessionstep",
  "pk": 39,
  "fields": {
    "time": "2019-05-21T10:27:51.484Z",
    "session": 43,
    "_visited_element": 8,
    "description": null
  }
},
{
  "model": "service_development.callsessionstep",
  "pk": 40,
  "fields": {
    "time": "2019-05-21T10:29:49.331Z",
    "session": 44,
    "_visited_element": 8,
    "description": null
  }
},
{
  "model": "service_development.callsessionstep",
  "pk": 41,
  "fields": {
    "time": "2019-05-21T10:29:55.561Z",
    "session": 45,
    "_visited_element": 8,
    "description": null
  }
},
{
  "model": "service_development.callsessionstep",
  "pk": 42,
  "fields": {
    "time": "2019-05-21T10:30:33.691Z",
    "session": 46,
    "_visited_element": 8,
    "description": null
  }
},
{
  "model": "service_development.callsessionstep",
  "pk": 43,
  "fields": {
    "time": "2019-05-21T10:42:46.739Z",
    "session": 47,
    "_visited_element": 8,
    "description": null
  }
},
{
  "model": "service_development.callsessionstep",
  "pk": 44,
  "fields": {
    "time": "2019-05-21T11:06:36.238Z",
    "session": 48,
    "_visited_element": 8,
    "description": null
  }
},
{
  "model": "service_development.callsessionstep",
  "pk": 45,
  "fields": {
    "time": "2019-05-21T11:07:18.181Z",
    "session": 49,
    "_visited_element": 8,
    "description": null
  }
},
{
  "model": "service_development.callsessionstep",
  "pk": 46,
  "fields": {
    "time": "2019-05-21T11:09:59.402Z",
    "session": 50,
    "_visited_element": 8,
    "description": null
  }
},
{
  "model": "service_development.callsessionstep",
  "pk": 47,
  "fields": {
    "time": "2019-05-21T11:10:31.741Z",
    "session": 51,
    "_visited_element": 8,
    "description": null
  }
},
{
  "model": "service_development.callsessionstep",
  "pk": 48,
  "fields": {
    "time": "2019-05-21T11:11:06.076Z",
    "session": 52,
    "_visited_element": 8,
    "description": null
  }
},
{
  "model": "service_development.callsessionstep",
  "pk": 49,
  "fields": {
    "time": "2019-05-21T11:12:09.105Z",
    "session": 53,
    "_visited_element": 8,
    "description": null
  }
},
{
  "model": "service_development.callsessionstep",
  "pk": 50,
  "fields": {
    "time": "2019-05-21T11:13:26.989Z",
    "session": 54,
    "_visited_element": 8,
    "description": null
  }
},
{
  "model": "service_development.callsessionstep",
  "pk": 51,
  "fields": {
    "time": "2019-05-21T11:15:27.093Z",
    "session": 55,
    "_visited_element": 8,
    "description": null
  }
},
{
  "model": "service_development.callsessionstep",
  "pk": 52,
  "fields": {
    "time": "2019-05-21T11:19:40.684Z",
    "session": 56,
    "_visited_element": 8,
    "description": null
  }
},
{
  "model": "service_development.callsessionstep",
  "pk": 53,
  "fields": {
    "time": "2019-05-21T11:20:04.364Z",
    "session": 57,
    "_visited_element": 8,
    "description": null
  }
},
{
  "model": "service_development.callsessionstep",
  "pk": 54,
  "fields": {
    "time": "2019-05-21T11:20:26.397Z",
    "session": 58,
    "_visited_element": 8,
    "description": null
  }
},
{
  "model": "service_development.callsessionstep",
  "pk": 55,
  "fields": {
    "time": "2019-05-21T11:21:00.735Z",
    "session": 59,
    "_visited_element": 8,
    "description": null
  }
},
{
  "model": "service_development.callsessionstep",
  "pk": 56,
  "fields": {
    "time": "2019-05-21T11:21:34.789Z",
    "session": 60,
    "_visited_element": 8,
    "description": null
  }
},
{
  "model": "service_development.callsessionstep",
  "pk": 57,
  "fields": {
    "time": "2019-05-21T11:21:56.915Z",
    "session": 61,
    "_visited_element": 8,
    "description": null
  }
},
{
  "model": "service_development.callsessionstep",
  "pk": 58,
  "fields": {
    "time": "2019-05-21T11:22:32.257Z",
    "session": 62,
    "_visited_element": 8,
    "description": null
  }
},
{
  "model": "service_development.callsessionstep",
  "pk": 59,
  "fields": {
    "time": "2019-05-21T11:23:35.137Z",
    "session": 63,
    "_visited_element": 8,
    "description": null
  }
},
{
  "model": "service_development.callsessionstep",
  "pk": 60,
  "fields": {
    "time": "2019-05-21T11:38:59.278Z",
    "session": 64,
    "_visited_element": 8,
    "description": null
  }
},
{
  "model": "service_development.callsessionstep",
  "pk": 61,
  "fields": {
    "time": "2019-05-21T11:40:04.490Z",
    "session": 65,
    "_visited_element": 8,
    "description": null
  }
},
{
  "model": "service_development.callsessionstep",
  "pk": 62,
  "fields": {
    "time": "2019-05-21T11:40:25.245Z",
    "session": 66,
    "_visited_element": 8,
    "description": null
  }
},
{
  "model": "service_development.callsessionstep",
  "pk": 63,
  "fields": {
    "time": "2019-05-21T11:40:58.325Z",
    "session": 67,
    "_visited_element": 8,
    "description": null
  }
},
{
  "model": "service_development.callsessionstep",
  "pk": 64,
  "fields": {
    "time": "2019-05-21T11:41:27.290Z",
    "session": 68,
    "_visited_element": 8,
    "description": null
  }
},
{
  "model": "service_development.callsessionstep",
  "pk": 65,
  "fields": {
    "time": "2019-05-21T11:42:04.176Z",
    "session": 69,
    "_visited_element": 8,
    "description": null
  }
},
{
  "model": "service_development.callsessionstep",
  "pk": 66,
  "fields": {
    "time": "2019-05-21T11:51:47.576Z",
    "session": 70,
    "_visited_element": 8,
    "description": null
  }
},
{
  "model": "service_development.callsessionstep",
  "pk": 67,
  "fields": {
    "time": "2019-05-21T11:52:49.648Z",
    "session": 71,
    "_visited_element": 8,
    "description": null
  }
},
{
  "model": "service_development.callsessionstep",
  "pk": 68,
  "fields": {
    "time": "2019-05-21T12:13:29.500Z",
    "session": 72,
    "_visited_element": 8,
    "description": null
  }
},
{
  "model": "service_development.callsessionstep",
  "pk": 69,
  "fields": {
    "time": "2019-05-21T12:18:14.972Z",
    "session": 72,
    "_visited_element": 8,
    "description": null
  }
},
{
  "model": "service_development.callsessionstep",
  "pk": 70,
  "fields": {
    "time": "2019-05-21T12:18:15.044Z",
    "session": 72,
    "_visited_element": 2,
    "description": null
  }
},
{
  "model": "service_development.callsessionstep",
  "pk": 71,
  "fields": {
    "time": "2019-05-21T12:18:47.339Z",
    "session": 72,
    "_visited_element": 8,
    "description": null
  }
},
{
  "model": "service_development.callsessionstep",
  "pk": 72,
  "fields": {
    "time": "2019-05-21T12:18:47.383Z",
    "session": 72,
    "_visited_element": 2,
    "description": null
  }
},
{
  "model": "service_development.callsessionstep",
  "pk": 73,
  "fields": {
    "time": "2019-05-21T12:19:08.677Z",
    "session": 72,
    "_visited_element": 8,
    "description": null
  }
},
{
  "model": "service_development.callsessionstep",
  "pk": 74,
  "fields": {
    "time": "2019-05-21T12:20:31.985Z",
    "session": 72,
    "_visited_element": 8,
    "description": null
  }
},
{
  "model": "service_development.callsessionstep",
  "pk": 75,
  "fields": {
    "time": "2019-05-21T12:21:05.010Z",
    "session": 72,
    "_visited_element": 8,
    "description": null
  }
},
{
  "model": "service_development.callsessionstep",
  "pk": 76,
  "fields": {
    "time": "2019-05-21T12:21:05.053Z",
    "session": 72,
    "_visited_element": 2,
    "description": null
  }
},
{
  "model": "service_development.callsessionstep",
  "pk": 77,
  "fields": {
    "time": "2019-05-21T12:21:37.580Z",
    "session": 72,
    "_visited_element": 8,
    "description": null
  }
},
{
  "model": "service_development.callsessionstep",
  "pk": 78,
  "fields": {
    "time": "2019-05-21T12:22:18.690Z",
    "session": 72,
    "_visited_element": 8,
    "description": null
  }
},
{
  "model": "service_development.callsessionstep",
  "pk": 79,
  "fields": {
    "time": "2019-05-21T12:22:18.731Z",
    "session": 72,
    "_visited_element": 2,
    "description": null
  }
},
{
  "model": "service_development.callsessionstep",
  "pk": 80,
  "fields": {
    "time": "2019-05-21T12:23:57.533Z",
    "session": 72,
    "_visited_element": 8,
    "description": null
  }
},
{
  "model": "service_development.callsessionstep",
  "pk": 81,
  "fields": {
    "time": "2019-05-21T12:23:59.191Z",
    "session": 72,
    "_visited_element": 8,
    "description": null
  }
},
{
  "model": "service_development.callsessionstep",
  "pk": 82,
  "fields": {
    "time": "2019-05-21T12:24:19.982Z",
    "session": 72,
    "_visited_element": 8,
    "description": null
  }
},
{
  "model": "service_development.callsessionstep",
  "pk": 83,
  "fields": {
    "time": "2019-05-21T12:24:20.019Z",
    "session": 72,
    "_visited_element": 2,
    "description": null
  }
},
{
  "model": "service_development.callsessionstep",
  "pk": 84,
  "fields": {
    "time": "2019-05-21T12:25:13.636Z",
    "session": 72,
    "_visited_element": 8,
    "description": null
  }
},
{
  "model": "service_development.callsessionstep",
  "pk": 85,
  "fields": {
    "time": "2019-05-21T12:25:13.673Z",
    "session": 72,
    "_visited_element": 2,
    "description": null
  }
},
{
  "model": "service_development.callsessionstep",
  "pk": 86,
  "fields": {
    "time": "2019-05-21T12:25:33.138Z",
    "session": 72,
    "_visited_element": 8,
    "description": null
  }
},
{
  "model": "service_development.callsessionstep",
  "pk": 87,
  "fields": {
    "time": "2019-05-21T12:25:47.074Z",
    "session": 72,
    "_visited_element": 8,
    "description": null
  }
},
{
  "model": "service_development.callsessionstep",
  "pk": 88,
  "fields": {
    "time": "2019-05-21T12:25:47.106Z",
    "session": 72,
    "_visited_element": 2,
    "description": null
  }
},
{
  "model": "service_development.callsessionstep",
  "pk": 89,
  "fields": {
    "time": "2019-05-21T12:26:15.092Z",
    "session": 72,
    "_visited_element": 8,
    "description": null
  }
},
{
  "model": "service_development.callsessionstep",
  "pk": 90,
  "fields": {
    "time": "2019-05-21T12:26:15.135Z",
    "session": 72,
    "_visited_element": 2,
    "description": null
  }
},
{
  "model": "service_development.callsessionstep",
  "pk": 91,
  "fields": {
    "time": "2019-05-21T12:26:29.959Z",
    "session": 72,
    "_visited_element": 8,
    "description": null
  }
},
{
  "model": "service_development.callsessionstep",
  "pk": 92,
  "fields": {
    "time": "2019-05-21T12:26:30.013Z",
    "session": 72,
    "_visited_element": 2,
    "description": null
  }
},
{
  "model": "service_development.callsessionstep",
  "pk": 93,
  "fields": {
    "time": "2019-05-21T12:27:09.457Z",
    "session": 72,
    "_visited_element": 8,
    "description": null
  }
},
{
  "model": "service_development.callsessionstep",
  "pk": 94,
  "fields": {
    "time": "2019-05-21T12:27:09.489Z",
    "session": 72,
    "_visited_element": 2,
    "description": null
  }
},
{
  "model": "service_development.callsessionstep",
  "pk": 95,
  "fields": {
    "time": "2019-05-21T12:27:12.769Z",
    "session": 72,
    "_visited_element": 8,
    "description": null
  }
},
{
  "model": "service_development.callsessionstep",
  "pk": 96,
  "fields": {
    "time": "2019-05-21T12:27:12.809Z",
    "session": 72,
    "_visited_element": 2,
    "description": null
  }
},
{
  "model": "service_development.callsessionstep",
  "pk": 97,
  "fields": {
    "time": "2019-05-21T12:41:27.624Z",
    "session": 72,
    "_visited_element": 8,
    "description": null
  }
},
{
  "model": "service_development.callsessionstep",
  "pk": 98,
  "fields": {
    "time": "2019-05-21T12:41:27.668Z",
    "session": 72,
    "_visited_element": 2,
    "description": null
  }
},
{
  "model": "service_development.callsessionstep",
  "pk": 99,
  "fields": {
    "time": "2019-05-21T12:42:27.931Z",
    "session": 72,
    "_visited_element": 8,
    "description": null
  }
},
{
  "model": "service_development.callsessionstep",
  "pk": 100,
  "fields": {
    "time": "2019-05-21T12:42:27.969Z",
    "session": 72,
    "_visited_element": 2,
    "description": null
  }
},
{
  "model": "service_development.callsessionstep",
  "pk": 101,
  "fields": {
    "time": "2019-05-21T12:52:28.084Z",
    "session": 72,
    "_visited_element": 8,
    "description": null
  }
},
{
  "model": "service_development.callsessionstep",
  "pk": 102,
  "fields": {
    "time": "2019-05-21T12:53:25.233Z",
    "session": 73,
    "_visited_element": 9,
    "description": null
  }
},
{
  "model": "service_development.callsessionstep",
  "pk": 103,
  "fields": {
    "time": "2019-05-21T12:58:17.813Z",
    "session": 74,
    "_visited_element": 8,
    "description": null
  }
},
{
  "model": "service_development.callsessionstep",
  "pk": 104,
  "fields": {
    "time": "2019-05-21T12:58:36.429Z",
    "session": 74,
    "_visited_element": 8,
    "description": null
  }
},
{
  "model": "service_development.callsessionstep",
  "pk": 105,
  "fields": {
    "time": "2019-05-21T12:58:48.971Z",
    "session": 74,
    "_visited_element": 8,
    "description": null
  }
},
{
  "model": "service_development.callsessionstep",
  "pk": 106,
  "fields": {
    "time": "2019-05-21T12:58:49.006Z",
    "session": 74,
    "_visited_element": 2,
    "description": null
  }
},
{
  "model": "service_development.callsessionstep",
  "pk": 107,
  "fields": {
    "time": "2019-05-21T12:58:56.233Z",
    "session": 74,
    "_visited_element": 8,
    "description": null
  }
},
{
  "model": "service_development.callsessionstep",
  "pk": 108,
  "fields": {
    "time": "2019-05-21T12:58:56.272Z",
    "session": 74,
    "_visited_element": 2,
    "description": null
  }
},
{
  "model": "service_development.callsessionstep",
  "pk": 109,
  "fields": {
    "time": "2019-05-21T13:00:31.324Z",
    "session": 74,
    "_visited_element": 8,
    "description": null
  }
},
{
  "model": "service_development.callsessionstep",
  "pk": 110,
  "fields": {
    "time": "2019-05-21T13:00:37.580Z",
    "session": 74,
    "_visited_element": 8,
    "description": null
  }
},
{
  "model": "service_development.callsessionstep",
  "pk": 111,
  "fields": {
    "time": "2019-05-21T13:00:37.654Z",
    "session": 74,
    "_visited_element": 9,
    "description": null
  }
},
{
  "model": "service_development.callsessionstep",
  "pk": 112,
  "fields": {
    "time": "2019-05-21T13:00:42.094Z",
    "session": 74,
    "_visited_element": 8,
    "description": null
  }
},
{
  "model": "service_development.callsessionstep",
  "pk": 113,
  "fields": {
    "time": "2019-05-21T13:00:42.129Z",
    "session": 74,
    "_visited_element": 9,
    "description": null
  }
},
{
  "model": "service_development.callsessionstep",
  "pk": 114,
  "fields": {
    "time": "2019-05-21T13:06:19.800Z",
    "session": 74,
    "_visited_element": null,
    "description": "Value input, 124234"
  }
},
{
  "model": "service_development.callsessionstep",
  "pk": 115,
  "fields": {
    "time": "2019-05-21T13:06:19.818Z",
    "session": 74,
    "_visited_element": 8,
    "description": null
  }
},
{
  "model": "service_development.callsessionstep",
  "pk": 116,
  "fields": {
    "time": "2019-05-21T13:10:57.608Z",
    "session": 74,
    "_visited_element": 8,
    "description": null
  }
},
{
  "model": "service_development.callsessionstep",
  "pk": 117,
  "fields": {
    "time": "2019-05-21T13:11:04.018Z",
    "session": 74,
    "_visited_element": 8,
    "description": null
  }
},
{
  "model": "service_development.callsessionstep",
  "pk": 118,
  "fields": {
    "time": "2019-05-21T13:11:04.052Z",
    "session": 74,
    "_visited_element": 9,
    "description": null
  }
},
{
  "model": "service_development.callsessionstep",
  "pk": 119,
  "fields": {
    "time": "2019-05-21T13:11:25.569Z",
    "session": 74,
    "_visited_element": 8,
    "description": null
  }
},
{
  "model": "service_development.callsessionstep",
  "pk": 120,
  "fields": {
    "time": "2019-05-21T13:11:25.612Z",
    "session": 74,
    "_visited_element": 9,
    "description": null
  }
},
{
  "model": "service_development.callsessionstep",
  "pk": 121,
  "fields": {
    "time": "2019-05-21T13:12:08.132Z",
    "session": 75,
    "_visited_element": 8,
    "description": null
  }
},
{
  "model": "service_development.callsessionstep",
  "pk": 122,
  "fields": {
    "time": "2019-05-21T13:12:25.352Z",
    "session": 74,
    "_visited_element": 8,
    "description": null
  }
},
{
  "model": "service_development.callsessionstep",
  "pk": 123,
  "fields": {
    "time": "2019-05-21T13:12:25.391Z",
    "session": 74,
    "_visited_element": 9,
    "description": null
  }
},
{
  "model": "service_development.callsessionstep",
  "pk": 124,
  "fields": {
    "time": "2019-05-21T13:12:30.295Z",
    "session": 76,
    "_visited_element": 8,
    "description": null
  }
},
{
  "model": "service_development.callsessionstep",
  "pk": 125,
  "fields": {
    "time": "2019-05-21T13:14:55.397Z",
    "session": 77,
    "_visited_element": 8,
    "description": null
  }
},
{
  "model": "service_development.callsessionstep",
  "pk": 126,
  "fields": {
    "time": "2019-05-21T13:16:21.917Z",
    "session": 78,
    "_visited_element": 8,
    "description": null
  }
},
{
  "model": "service_development.callsessionstep",
  "pk": 127,
  "fields": {
    "time": "2019-05-21T13:17:32.056Z",
    "session": 79,
    "_visited_element": 8,
    "description": null
  }
},
{
  "model": "service_development.callsessionstep",
  "pk": 128,
  "fields": {
    "time": "2019-05-21T13:19:08.431Z",
    "session": 80,
    "_visited_element": 8,
    "description": null
  }
},
{
  "model": "service_development.callsessionstep",
  "pk": 129,
  "fields": {
    "time": "2019-05-21T13:19:30.746Z",
    "session": 81,
    "_visited_element": 8,
    "description": null
  }
},
{
  "model": "service_development.callsessionstep",
  "pk": 130,
  "fields": {
    "time": "2019-05-21T13:20:16.957Z",
    "session": 82,
    "_visited_element": 8,
    "description": null
  }
},
{
  "model": "service_development.callsessionstep",
  "pk": 131,
  "fields": {
    "time": "2019-05-21T13:20:43.313Z",
    "session": 83,
    "_visited_element": 8,
    "description": null
  }
},
{
  "model": "service_development.callsessionstep",
  "pk": 132,
  "fields": {
    "time": "2019-05-21T13:21:45.187Z",
    "session": 84,
    "_visited_element": 8,
    "description": null
  }
},
{
  "model": "service_development.callsessionstep",
  "pk": 133,
  "fields": {
    "time": "2019-05-21T13:22:12.096Z",
    "session": 85,
    "_visited_element": 8,
    "description": null
  }
},
{
  "model": "service_development.callsessionstep",
  "pk": 134,
  "fields": {
    "time": "2019-05-21T13:22:38.578Z",
    "session": 86,
    "_visited_element": 8,
    "description": null
  }
},
{
  "model": "service_development.callsessionstep",
  "pk": 135,
  "fields": {
    "time": "2019-05-21T13:23:02.220Z",
    "session": 87,
    "_visited_element": 8,
    "description": null
  }
},
{
  "model": "service_development.callsessionstep",
  "pk": 136,
  "fields": {
    "time": "2019-05-21T13:23:14.960Z",
    "session": 74,
    "_visited_element": 8,
    "description": null
  }
},
{
  "model": "service_development.callsessionstep",
  "pk": 137,
  "fields": {
    "time": "2019-05-21T13:23:28.604Z",
    "session": 74,
    "_visited_element": 8,
    "description": null
  }
},
{
  "model": "service_development.callsessionstep",
  "pk": 138,
  "fields": {
    "time": "2019-05-21T13:23:28.650Z",
    "session": 74,
    "_visited_element": 9,
    "description": null
  }
},
{
  "model": "service_development.callsessionstep",
  "pk": 139,
  "fields": {
    "time": "2019-05-21T13:23:34.250Z",
    "session": 74,
    "_visited_element": 8,
    "description": null
  }
},
{
  "model": "service_development.callsessionstep",
  "pk": 140,
  "fields": {
    "time": "2019-05-21T13:23:34.320Z",
    "session": 74,
    "_visited_element": 9,
    "description": null
  }
},
{
  "model": "service_development.callsessionstep",
  "pk": 141,
  "fields": {
    "time": "2019-05-21T13:23:37.019Z",
    "session": 88,
    "_visited_element": 8,
    "description": null
  }
},
{
  "model": "service_development.callsessionstep",
  "pk": 142,
  "fields": {
    "time": "2019-05-21T13:24:07.740Z",
    "session": 89,
    "_visited_element": 8,
    "description": null
  }
},
{
  "model": "service_development.callsessionstep",
  "pk": 143,
  "fields": {
    "time": "2019-05-21T13:25:19.595Z",
    "session": 90,
    "_visited_element": 8,
    "description": null
  }
},
{
  "model": "service_development.callsessionstep",
  "pk": 144,
  "fields": {
    "time": "2019-05-21T13:25:40.336Z",
    "session": 91,
    "_visited_element": 8,
    "description": null
  }
},
{
  "model": "service_development.callsessionstep",
  "pk": 145,
  "fields": {
    "time": "2019-05-21T13:26:17.579Z",
    "session": 92,
    "_visited_element": 8,
    "description": null
  }
},
{
  "model": "service_development.callsessionstep",
  "pk": 146,
  "fields": {
    "time": "2019-05-21T13:26:43.555Z",
    "session": 93,
    "_visited_element": 8,
    "description": null
  }
},
{
  "model": "service_development.callsessionstep",
  "pk": 147,
  "fields": {
    "time": "2019-05-21T13:26:52.284Z",
    "session": 74,
    "_visited_element": 8,
    "description": null
  }
},
{
  "model": "service_development.callsessionstep",
  "pk": 148,
  "fields": {
    "time": "2019-05-21T13:26:52.323Z",
    "session": 74,
    "_visited_element": 9,
    "description": null
  }
},
{
  "model": "service_development.callsessionstep",
  "pk": 149,
  "fields": {
    "time": "2019-05-21T13:42:19.532Z",
    "session": 94,
    "_visited_element": 8,
    "description": null
  }
},
{
  "model": "service_development.callsessionstep",
  "pk": 150,
  "fields": {
    "time": "2019-05-21T13:42:26.196Z",
    "session": 74,
    "_visited_element": 8,
    "description": null
  }
},
{
  "model": "service_development.callsessionstep",
  "pk": 151,
  "fields": {
    "time": "2019-05-21T13:42:26.235Z",
    "session": 74,
    "_visited_element": 9,
    "description": null
  }
},
{
  "model": "service_development.callsessionstep",
  "pk": 152,
  "fields": {
    "time": "2019-05-21T13:42:28.947Z",
    "session": 95,
    "_visited_element": 8,
    "description": null
  }
},
{
  "model": "service_development.callsessionstep",
  "pk": 153,
  "fields": {
    "time": "2019-05-21T13:42:57.669Z",
    "session": 96,
    "_visited_element": 8,
    "description": null
  }
},
{
  "model": "service_development.callsessionstep",
  "pk": 154,
  "fields": {
    "time": "2019-05-21T13:43:36.445Z",
    "session": 97,
    "_visited_element": null,
    "description": "Language selected, English"
  }
},
{
  "model": "service_development.callsessionstep",
  "pk": 155,
  "fields": {
    "time": "2019-05-21T13:44:07.404Z",
    "session": 97,
    "_visited_element": null,
    "description": "Registered as farmer: 123"
  }
},
{
  "model": "service_development.callsessionstep",
  "pk": 156,
  "fields": {
    "time": "2019-05-21T13:44:07.469Z",
    "session": 97,
    "_visited_element": 8,
    "description": null
  }
},
{
  "model": "service_development.callsessionstep",
  "pk": 157,
  "fields": {
    "time": "2019-05-21T13:45:12.987Z",
    "session": 98,
    "_visited_element": null,
    "description": "Language selected, English"
  }
},
{
  "model": "service_development.callsessionstep",
  "pk": 158,
  "fields": {
    "time": "2019-05-21T13:45:24.131Z",
    "session": 98,
    "_visited_element": null,
    "description": "Registered as farmer: 122"
  }
},
{
  "model": "service_development.callsessionstep",
  "pk": 159,
  "fields": {
    "time": "2019-05-21T13:45:24.198Z",
    "session": 98,
    "_visited_element": 8,
    "description": null
  }
},
{
  "model": "service_development.callsessionstep",
  "pk": 160,
  "fields": {
    "time": "2019-05-21T13:45:50.421Z",
    "session": 99,
    "_visited_element": 8,
    "description": null
  }
},
{
  "model": "service_development.callsessionstep",
  "pk": 161,
  "fields": {
    "time": "2019-05-21T13:46:10.820Z",
    "session": 74,
    "_visited_element": 8,
    "description": null
  }
},
{
  "model": "service_development.callsessionstep",
  "pk": 162,
  "fields": {
    "time": "2019-05-21T13:46:10.859Z",
    "session": 74,
    "_visited_element": 9,
    "description": null
  }
},
{
  "model": "service_development.callsessionstep",
  "pk": 163,
  "fields": {
    "time": "2019-05-21T13:46:59.720Z",
    "session": 100,
    "_visited_element": 8,
    "description": null
  }
},
{
  "model": "service_development.callsessionstep",
  "pk": 164,
  "fields": {
    "time": "2019-05-21T13:47:23.668Z",
    "session": 101,
    "_visited_element": 8,
    "description": null
  }
},
{
  "model": "service_development.callsessionstep",
  "pk": 165,
  "fields": {
    "time": "2019-05-21T13:47:40.018Z",
    "session": 102,
    "_visited_element": 8,
    "description": null
  }
},
{
  "model": "service_development.callsessionstep",
  "pk": 166,
  "fields": {
    "time": "2019-05-21T13:48:14.158Z",
    "session": 103,
    "_visited_element": 8,
    "description": null
  }
},
{
  "model": "service_development.callsessionstep",
  "pk": 167,
  "fields": {
    "time": "2019-05-21T13:49:19.301Z",
    "session": 104,
    "_visited_element": 8,
    "description": null
  }
},
{
  "model": "service_development.callsessionstep",
  "pk": 168,
  "fields": {
    "time": "2019-05-21T13:53:00.162Z",
    "session": 105,
    "_visited_element": 8,
    "description": null
  }
},
{
  "model": "service_development.callsessionstep",
  "pk": 169,
  "fields": {
    "time": "2019-05-21T13:58:32.304Z",
    "session": 106,
    "_visited_element": 8,
    "description": null
  }
},
{
  "model": "service_development.callsessionstep",
  "pk": 170,
  "fields": {
    "time": "2019-05-21T14:00:24.102Z",
    "session": 107,
    "_visited_element": 8,
    "description": null
  }
},
{
  "model": "service_development.callsessionstep",
  "pk": 171,
  "fields": {
    "time": "2019-05-21T14:03:36.854Z",
    "session": 108,
    "_visited_element": 8,
    "description": null
  }
},
{
  "model": "service_development.callsessionstep",
  "pk": 172,
  "fields": {
    "time": "2019-05-21T14:04:44.618Z",
    "session": 109,
    "_visited_element": 8,
    "description": null
  }
},
{
  "model": "service_development.callsessionstep",
  "pk": 173,
  "fields": {
    "time": "2019-05-21T14:06:12.730Z",
    "session": 110,
    "_visited_element": 8,
    "description": null
  }
},
{
  "model": "service_development.callsessionstep",
  "pk": 174,
  "fields": {
    "time": "2019-05-21T14:06:14.118Z",
    "session": 111,
    "_visited_element": 8,
    "description": null
  }
},
{
  "model": "service_development.callsessionstep",
  "pk": 175,
  "fields": {
    "time": "2019-05-21T14:06:14.786Z",
    "session": 112,
    "_visited_element": 8,
    "description": null
  }
},
{
  "model": "service_development.callsessionstep",
  "pk": 176,
  "fields": {
    "time": "2019-05-21T14:06:38.239Z",
    "session": 113,
    "_visited_element": 8,
    "description": null
  }
},
{
  "model": "service_development.callsessionstep",
  "pk": 177,
  "fields": {
    "time": "2019-05-21T14:06:39.617Z",
    "session": 114,
    "_visited_element": 8,
    "description": null
  }
},
{
  "model": "service_development.callsessionstep",
  "pk": 178,
  "fields": {
    "time": "2019-05-21T14:07:41.917Z",
    "session": 115,
    "_visited_element": 8,
    "description": null
  }
},
{
  "model": "service_development.callsessionstep",
  "pk": 179,
  "fields": {
    "time": "2019-05-21T14:07:42.700Z",
    "session": 116,
    "_visited_element": 8,
    "description": null
  }
},
{
  "model": "service_development.callsessionstep",
  "pk": 180,
  "fields": {
    "time": "2019-05-21T14:07:42.921Z",
    "session": 117,
    "_visited_element": 8,
    "description": null
  }
},
{
  "model": "service_development.callsessionstep",
  "pk": 181,
  "fields": {
    "time": "2019-05-21T14:07:43.338Z",
    "session": 118,
    "_visited_element": 8,
    "description": null
  }
},
{
  "model": "service_development.callsessionstep",
  "pk": 182,
  "fields": {
    "time": "2019-05-21T14:11:24.162Z",
    "session": 119,
    "_visited_element": 8,
    "description": null
  }
},
{
  "model": "service_development.callsessionstep",
  "pk": 183,
  "fields": {
    "time": "2019-05-21T14:12:07.146Z",
    "session": 120,
    "_visited_element": 8,
    "description": null
  }
},
{
  "model": "service_development.callsessionstep",
  "pk": 184,
  "fields": {
    "time": "2019-05-21T14:13:31.597Z",
    "session": 121,
    "_visited_element": 8,
    "description": null
  }
},
{
  "model": "service_development.callsessionstep",
  "pk": 185,
  "fields": {
    "time": "2019-05-21T14:13:32.948Z",
    "session": 122,
    "_visited_element": 8,
    "description": null
  }
},
{
  "model": "service_development.callsessionstep",
  "pk": 186,
  "fields": {
    "time": "2019-05-21T14:14:11.397Z",
    "session": 123,
    "_visited_element": 8,
    "description": null
  }
},
{
  "model": "service_development.callsessionstep",
  "pk": 187,
  "fields": {
    "time": "2019-05-21T14:17:37.389Z",
    "session": 124,
    "_visited_element": 8,
    "description": null
  }
},
{
  "model": "service_development.callsessionstep",
  "pk": 188,
  "fields": {
    "time": "2019-05-21T14:18:01.749Z",
    "session": 125,
    "_visited_element": 8,
    "description": null
  }
},
{
  "model": "service_development.callsessionstep",
  "pk": 189,
  "fields": {
    "time": "2019-05-21T15:26:01.459Z",
    "session": 126,
    "_visited_element": null,
    "description": "Language selected, English"
  }
},
{
  "model": "service_development.callsessionstep",
  "pk": 190,
  "fields": {
    "time": "2019-05-21T15:26:01.510Z",
    "session": 126,
    "_visited_element": 2,
    "description": null
  }
},
{
  "model": "service_development.callsessionstep",
  "pk": 191,
  "fields": {
    "time": "2019-05-21T15:45:22.940Z",
    "session": 126,
    "_visited_element": null,
    "description": "Language selected, English"
  }
},
{
  "model": "service_development.callsessionstep",
  "pk": 192,
  "fields": {
    "time": "2019-05-21T15:45:23.014Z",
    "session": 126,
    "_visited_element": 2,
    "description": null
  }
},
{
  "model": "service_development.callsessionstep",
  "pk": 193,
  "fields": {
    "time": "2019-05-21T15:46:25.844Z",
    "session": 126,
    "_visited_element": null,
    "description": "Language selected, English"
  }
},
{
  "model": "service_development.callsessionstep",
  "pk": 194,
  "fields": {
    "time": "2019-05-21T15:46:25.951Z",
    "session": 126,
    "_visited_element": 2,
    "description": null
  }
},
{
  "model": "service_development.callsessionstep",
  "pk": 195,
  "fields": {
    "time": "2019-05-21T15:55:12.541Z",
    "session": 126,
    "_visited_element": null,
    "description": "Language selected, English"
  }
},
{
  "model": "service_development.callsessionstep",
  "pk": 196,
  "fields": {
    "time": "2019-05-21T15:55:12.627Z",
    "session": 126,
    "_visited_element": 2,
    "description": null
  }
},
{
  "model": "service_development.callsessionstep",
  "pk": 197,
  "fields": {
    "time": "2019-05-21T15:55:39.057Z",
    "session": 126,
    "_visited_element": null,
    "description": "Language selected, English"
  }
},
{
  "model": "service_development.callsessionstep",
  "pk": 198,
  "fields": {
    "time": "2019-05-21T15:55:39.138Z",
    "session": 126,
    "_visited_element": 2,
    "description": null
  }
},
{
  "model": "service_development.callsessionstep",
  "pk": 199,
  "fields": {
    "time": "2019-05-21T15:56:51.835Z",
    "session": 126,
    "_visited_element": null,
    "description": "Language selected, English"
  }
},
{
  "model": "service_development.callsessionstep",
  "pk": 200,
  "fields": {
    "time": "2019-05-21T15:56:51.910Z",
    "session": 126,
    "_visited_element": 2,
    "description": null
  }
},
{
  "model": "service_development.callsessionstep",
  "pk": 201,
  "fields": {
    "time": "2019-05-21T15:57:17.014Z",
    "session": 126,
    "_visited_element": null,
    "description": "Language selected, English"
  }
},
{
  "model": "service_development.callsessionstep",
  "pk": 202,
  "fields": {
    "time": "2019-05-21T15:57:17.108Z",
    "session": 126,
    "_visited_element": 2,
    "description": null
  }
},
{
  "model": "service_development.callsessionstep",
  "pk": 203,
  "fields": {
    "time": "2019-05-21T15:58:26.751Z",
    "session": 126,
    "_visited_element": null,
    "description": "Language selected, English"
  }
},
{
  "model": "service_development.callsessionstep",
  "pk": 204,
  "fields": {
    "time": "2019-05-21T15:58:26.844Z",
    "session": 126,
    "_visited_element": 2,
    "description": null
  }
},
{
  "model": "service_development.callsessionstep",
  "pk": 205,
  "fields": {
    "time": "2019-05-21T16:05:05.696Z",
    "session": 126,
    "_visited_element": null,
    "description": "Language selected, English"
  }
},
{
  "model": "service_development.callsessionstep",
  "pk": 206,
  "fields": {
    "time": "2019-05-21T16:05:05.795Z",
    "session": 126,
    "_visited_element": 2,
    "description": null
  }
},
{
  "model": "service_development.callsessionstep",
  "pk": 207,
  "fields": {
    "time": "2019-05-21T16:06:04.779Z",
    "session": 126,
    "_visited_element": null,
    "description": "Language selected, English"
  }
},
{
  "model": "service_development.callsessionstep",
  "pk": 208,
  "fields": {
    "time": "2019-05-21T16:06:04.859Z",
    "session": 126,
    "_visited_element": 2,
    "description": null
  }
},
{
  "model": "service_development.callsessionstep",
  "pk": 209,
  "fields": {
    "time": "2019-05-21T16:06:26.280Z",
    "session": 126,
    "_visited_element": null,
    "description": "Language selected, English"
  }
},
{
  "model": "service_development.callsessionstep",
  "pk": 210,
  "fields": {
    "time": "2019-05-21T16:06:26.366Z",
    "session": 126,
    "_visited_element": 2,
    "description": null
  }
},
{
  "model": "service_development.callsessionstep",
  "pk": 211,
  "fields": {
    "time": "2019-05-21T16:08:58.318Z",
    "session": 126,
    "_visited_element": null,
    "description": "Language selected, English"
  }
},
{
  "model": "service_development.callsessionstep",
  "pk": 212,
  "fields": {
    "time": "2019-05-21T16:08:58.393Z",
    "session": 126,
    "_visited_element": 2,
    "description": null
  }
},
{
  "model": "service_development.callsessionstep",
  "pk": 213,
  "fields": {
    "time": "2019-05-21T16:12:33.202Z",
    "session": 126,
    "_visited_element": null,
    "description": "Language selected, English"
  }
},
{
  "model": "service_development.callsessionstep",
  "pk": 214,
  "fields": {
    "time": "2019-05-21T16:12:33.260Z",
    "session": 126,
    "_visited_element": 2,
    "description": null
  }
},
{
  "model": "service_development.callsessionstep",
  "pk": 215,
  "fields": {
    "time": "2019-05-21T16:13:21.198Z",
    "session": 127,
    "_visited_element": null,
    "description": "Language selected, English"
  }
},
{
  "model": "service_development.callsessionstep",
  "pk": 216,
  "fields": {
    "time": "2019-05-21T16:13:21.246Z",
    "session": 127,
    "_visited_element": 2,
    "description": null
  }
},
{
  "model": "service_development.callsessionstep",
  "pk": 217,
  "fields": {
    "time": "2019-05-21T16:14:49.734Z",
    "session": 127,
    "_visited_element": null,
    "description": "Language selected, English"
  }
},
{
  "model": "service_development.callsessionstep",
  "pk": 218,
  "fields": {
    "time": "2019-05-21T16:14:49.796Z",
    "session": 127,
    "_visited_element": 2,
    "description": null
  }
},
{
  "model": "service_development.callsessionstep",
  "pk": 219,
  "fields": {
    "time": "2019-05-21T16:15:53.660Z",
    "session": 127,
    "_visited_element": null,
    "description": "Language selected, English"
  }
},
{
  "model": "service_development.callsessionstep",
  "pk": 220,
  "fields": {
    "time": "2019-05-21T16:15:53.723Z",
    "session": 127,
    "_visited_element": 2,
    "description": null
  }
},
{
  "model": "service_development.callsessionstep",
  "pk": 221,
  "fields": {
    "time": "2019-05-21T16:16:42.831Z",
    "session": 127,
    "_visited_element": null,
    "description": "Language selected, English"
  }
},
{
  "model": "service_development.callsessionstep",
  "pk": 222,
  "fields": {
    "time": "2019-05-21T16:16:42.887Z",
    "session": 127,
    "_visited_element": 2,
    "description": null
  }
},
{
  "model": "service_development.callsessionstep",
  "pk": 223,
  "fields": {
    "time": "2019-05-21T16:17:08.531Z",
    "session": 127,
    "_visited_element": null,
    "description": "Language selected, English"
  }
},
{
  "model": "service_development.callsessionstep",
  "pk": 224,
  "fields": {
    "time": "2019-05-21T16:17:08.647Z",
    "session": 127,
    "_visited_element": 2,
    "description": null
  }
},
{
  "model": "service_development.callsessionstep",
  "pk": 225,
  "fields": {
    "time": "2019-05-21T16:18:42.223Z",
    "session": 127,
    "_visited_element": null,
    "description": "Language selected, English"
  }
},
{
  "model": "service_development.callsessionstep",
  "pk": 226,
  "fields": {
    "time": "2019-05-21T16:18:42.303Z",
    "session": 127,
    "_visited_element": 2,
    "description": null
  }
},
{
  "model": "service_development.callsessionstep",
  "pk": 227,
  "fields": {
    "time": "2019-05-21T16:19:28.761Z",
    "session": 127,
    "_visited_element": null,
    "description": "Language selected, English"
  }
},
{
  "model": "service_development.callsessionstep",
  "pk": 228,
  "fields": {
    "time": "2019-05-21T16:19:28.843Z",
    "session": 127,
    "_visited_element": 2,
    "description": null
  }
},
{
  "model": "service_development.callsessionstep",
  "pk": 229,
  "fields": {
    "time": "2019-05-21T16:20:19.937Z",
    "session": 127,
    "_visited_element": null,
    "description": "Language selected, English"
  }
},
{
  "model": "service_development.callsessionstep",
  "pk": 230,
  "fields": {
    "time": "2019-05-21T16:20:20.020Z",
    "session": 127,
    "_visited_element": 2,
    "description": null
  }
},
{
  "model": "service_development.callsessionstep",
  "pk": 231,
  "fields": {
    "time": "2019-05-21T16:20:51.157Z",
    "session": 127,
    "_visited_element": null,
    "description": "Language selected, English"
  }
},
{
  "model": "service_development.callsessionstep",
  "pk": 232,
  "fields": {
    "time": "2019-05-21T16:20:51.242Z",
    "session": 127,
    "_visited_element": 2,
    "description": null
  }
},
{
  "model": "service_development.callsessionstep",
  "pk": 233,
  "fields": {
    "time": "2019-05-21T16:21:47.126Z",
    "session": 127,
    "_visited_element": null,
    "description": "Language selected, English"
  }
},
{
  "model": "service_development.callsessionstep",
  "pk": 234,
  "fields": {
    "time": "2019-05-21T16:21:47.226Z",
    "session": 127,
    "_visited_element": 2,
    "description": null
  }
},
{
  "model": "service_development.callsessionstep",
  "pk": 235,
  "fields": {
    "time": "2019-05-21T16:23:56.737Z",
    "session": 127,
    "_visited_element": null,
    "description": "Language selected, English"
  }
},
{
  "model": "service_development.callsessionstep",
  "pk": 236,
  "fields": {
    "time": "2019-05-21T16:23:56.822Z",
    "session": 127,
    "_visited_element": 2,
    "description": null
  }
},
{
  "model": "service_development.callsessionstep",
  "pk": 237,
  "fields": {
    "time": "2019-05-21T16:24:45.963Z",
    "session": 127,
    "_visited_element": null,
    "description": "Language selected, English"
  }
},
{
  "model": "service_development.callsessionstep",
  "pk": 238,
  "fields": {
    "time": "2019-05-21T16:24:46.023Z",
    "session": 127,
    "_visited_element": 2,
    "description": null
  }
},
{
  "model": "service_development.callsessionstep",
  "pk": 239,
  "fields": {
    "time": "2019-05-21T16:24:51.160Z",
    "session": 127,
    "_visited_element": 8,
    "description": null
  }
},
{
  "model": "service_development.callsessionstep",
  "pk": 240,
  "fields": {
    "time": "2019-05-21T16:25:02.419Z",
    "session": 127,
    "_visited_element": 8,
    "description": null
  }
},
{
  "model": "service_development.callsessionstep",
  "pk": 241,
  "fields": {
    "time": "2019-05-21T16:26:35.131Z",
    "session": 127,
    "_visited_element": 8,
    "description": null
  }
},
{
  "model": "service_development.callsessionstep",
  "pk": 242,
  "fields": {
    "time": "2019-05-21T16:26:37.796Z",
    "session": 127,
    "_visited_element": null,
    "description": "Language selected, English"
  }
},
{
  "model": "service_development.callsessionstep",
  "pk": 243,
  "fields": {
    "time": "2019-05-21T16:26:37.852Z",
    "session": 127,
    "_visited_element": 2,
    "description": null
  }
},
{
  "model": "service_development.callsessionstep",
  "pk": 244,
  "fields": {
    "time": "2019-05-21T16:26:46.274Z",
    "session": 127,
    "_visited_element": 12,
    "description": null
  }
},
{
  "model": "service_development.callsessionstep",
  "pk": 245,
  "fields": {
    "time": "2019-05-21T16:28:09.395Z",
    "session": 127,
    "_visited_element": 11,
    "description": null
  }
},
{
  "model": "service_development.callsessionstep",
  "pk": 246,
  "fields": {
    "time": "2019-05-21T16:28:27.771Z",
    "session": 127,
    "_visited_element": 8,
    "description": null
  }
},
{
  "model": "service_development.callsessionstep",
  "pk": 247,
  "fields": {
    "time": "2019-05-21T16:33:43.802Z",
    "session": 127,
    "_visited_element": 8,
    "description": null
  }
},
{
  "model": "service_development.callsessionstep",
  "pk": 248,
  "fields": {
    "time": "2019-05-21T16:36:13.788Z",
    "session": 127,
    "_visited_element": 8,
    "description": null
  }
},
{
  "model": "service_development.callsessionstep",
  "pk": 249,
  "fields": {
    "time": "2019-05-21T16:37:37.919Z",
    "session": 127,
    "_visited_element": 8,
    "description": null
  }
},
{
  "model": "service_development.callsessionstep",
  "pk": 250,
  "fields": {
    "time": "2019-05-21T16:38:56.310Z",
    "session": 127,
    "_visited_element": 8,
    "description": null
  }
},
{
  "model": "service_development.callsessionstep",
  "pk": 251,
  "fields": {
    "time": "2019-05-21T16:39:35.011Z",
    "session": 127,
    "_visited_element": 8,
    "description": null
  }
},
{
  "model": "service_development.callsessionstep",
  "pk": 252,
  "fields": {
    "time": "2019-05-21T16:41:12.605Z",
    "session": 127,
    "_visited_element": 11,
    "description": null
  }
},
{
  "model": "service_development.callsessionstep",
  "pk": 253,
  "fields": {
    "time": "2019-05-21T16:41:47.787Z",
    "session": 127,
    "_visited_element": 11,
    "description": null
  }
},
{
  "model": "service_development.callsessionstep",
  "pk": 254,
  "fields": {
    "time": "2019-05-21T16:42:32.868Z",
    "session": 127,
    "_visited_element": 11,
    "description": null
  }
},
{
  "model": "service_development.callsessionstep",
  "pk": 255,
  "fields": {
    "time": "2019-05-21T16:42:44.300Z",
    "session": 127,
    "_visited_element": 8,
    "description": null
  }
},
{
  "model": "service_development.callsessionstep",
  "pk": 256,
  "fields": {
    "time": "2019-05-21T16:43:08.666Z",
    "session": 127,
    "_visited_element": 8,
    "description": null
  }
},
{
  "model": "service_development.callsessionstep",
  "pk": 257,
  "fields": {
    "time": "2019-05-21T16:43:15.923Z",
    "session": 127,
    "_visited_element": 11,
    "description": null
  }
},
{
  "model": "service_development.callsessionstep",
  "pk": 258,
  "fields": {
    "time": "2019-05-21T16:44:23.657Z",
    "session": 127,
    "_visited_element": 8,
    "description": null
  }
},
{
  "model": "service_development.callsessionstep",
  "pk": 259,
  "fields": {
    "time": "2019-05-21T16:45:13.648Z",
    "session": 127,
    "_visited_element": 8,
    "description": null
  }
},
{
  "model": "service_development.callsessionstep",
  "pk": 260,
  "fields": {
    "time": "2019-05-21T16:45:13.683Z",
    "session": 127,
    "_visited_element": 14,
    "description": null
  }
},
{
  "model": "service_development.callsessionstep",
  "pk": 261,
  "fields": {
    "time": "2019-05-21T16:46:55.019Z",
    "session": 127,
    "_visited_element": 8,
    "description": null
  }
},
{
  "model": "service_development.callsessionstep",
  "pk": 262,
  "fields": {
    "time": "2019-05-21T16:47:32.180Z",
    "session": 128,
    "_visited_element": null,
    "description": "Language selected, English"
  }
},
{
  "model": "service_development.callsessionstep",
  "pk": 263,
  "fields": {
    "time": "2019-05-21T16:47:32.237Z",
    "session": 128,
    "_visited_element": 2,
    "description": null
  }
},
{
  "model": "service_development.callsessionstep",
  "pk": 264,
  "fields": {
    "time": "2019-05-21T16:47:40.400Z",
    "session": 128,
    "_visited_element": 8,
    "description": null
  }
},
{
  "model": "service_development.callsessionstep",
  "pk": 265,
  "fields": {
    "time": "2019-05-21T16:47:50.102Z",
    "session": 128,
    "_visited_element": 8,
    "description": null
  }
},
{
  "model": "service_development.callsessionstep",
  "pk": 266,
  "fields": {
    "time": "2019-05-21T16:48:56.585Z",
    "session": 128,
    "_visited_element": 8,
    "description": null
  }
},
{
  "model": "service_development.callsessionstep",
  "pk": 267,
  "fields": {
    "time": "2019-05-21T16:48:56.616Z",
    "session": 128,
    "_visited_element": 9,
    "description": null
  }
},
{
  "model": "service_development.callsessionstep",
  "pk": 268,
  "fields": {
    "time": "2019-05-21T16:49:52.871Z",
    "session": 128,
    "_visited_element": null,
    "description": "Value input, 12315"
  }
},
{
  "model": "service_development.callsessionstep",
  "pk": 269,
  "fields": {
    "time": "2019-05-21T16:49:52.902Z",
    "session": 128,
    "_visited_element": 18,
    "description": null
  }
},
{
  "model": "service_development.callsessionstep",
  "pk": 270,
  "fields": {
    "time": "2019-05-21T16:51:43.446Z",
    "session": 128,
    "_visited_element": null,
    "description": "Value input, 12315"
  }
},
{
  "model": "service_development.callsessionstep",
  "pk": 271,
  "fields": {
    "time": "2019-05-21T16:51:43.480Z",
    "session": 128,
    "_visited_element": 18,
    "description": null
  }
},
{
  "model": "service_development.callsessionstep",
  "pk": 272,
  "fields": {
    "time": "2019-05-21T16:54:36.135Z",
    "session": 128,
    "_visited_element": 22,
    "description": null
  }
},
{
  "model": "service_development.callsessionstep",
  "pk": 273,
  "fields": {
    "time": "2019-05-21T16:56:46.958Z",
    "session": 128,
    "_visited_element": 8,
    "description": null
  }
},
{
  "model": "service_development.callsessionstep",
  "pk": 274,
  "fields": {
    "time": "2019-05-21T16:56:46.992Z",
    "session": 128,
    "_visited_element": 9,
    "description": null
  }
},
{
  "model": "service_development.callsessionstep",
  "pk": 275,
  "fields": {
    "time": "2019-05-21T17:02:05.911Z",
    "session": 128,
    "_visited_element": null,
    "description": "Value input, 12315"
  }
},
{
  "model": "service_development.callsessionstep",
  "pk": 276,
  "fields": {
    "time": "2019-05-21T17:02:05.939Z",
    "session": 128,
    "_visited_element": 18,
    "description": null
  }
},
{
  "model": "service_development.callsessionstep",
  "pk": 277,
  "fields": {
    "time": "2019-05-21T17:02:28.026Z",
    "session": 128,
    "_visited_element": 8,
    "description": null
  }
},
{
  "model": "service_development.choice",
  "pk": 2,
  "fields": {}
},
{
  "model": "service_development.choice",
  "pk": 14,
  "fields": {}
},
{
  "model": "service_development.choice",
  "pk": 18,
  "fields": {}
},
{
  "model": "service_development.choice",
  "pk": 22,
  "fields": {}
},
{
  "model": "service_development.choiceoption",
  "pk": 3,
  "fields": {
    "parent": 2,
    "_redirect": 11,
    "action": null
  }
},
{
  "model": "service_development.choiceoption",
  "pk": 4,
  "fields": {
    "parent": 2,
    "_redirect": 8,
    "action": null
  }
},
{
  "model": "service_development.choiceoption",
  "pk": 10,
  "fields": {
    "parent": 2,
    "_redirect": 12,
    "action": null
  }
},
{
  "model": "service_development.choiceoption",
  "pk": 15,
  "fields": {
    "parent": 14,
    "_redirect": 22,
    "action": null
  }
},
{
  "model": "service_development.choiceoption",
  "pk": 16,
  "fields": {
    "parent": 14,
    "_redirect": 12,
    "action": null
  }
},
{
  "model": "service_development.choiceoption",
  "pk": 17,
  "fields": {
    "parent": 14,
    "_redirect": 22,
    "action": null
  }
},
{
  "model": "service_development.choiceoption",
  "pk": 19,
  "fields": {
    "parent": 18,
    "_redirect": 22,
    "action": null
  }
},
{
  "model": "service_development.choiceoption",
  "pk": 20,
  "fields": {
    "parent": 18,
    "_redirect": 8,
    "action": null
  }
},
{
  "model": "service_development.choiceoption",
  "pk": 21,
  "fields": {
    "parent": 18,
    "_redirect": 22,
    "action": null
  }
},
{
  "model": "service_development.choiceoption",
  "pk": 23,
  "fields": {
    "parent": 22,
    "_redirect": 2,
    "action": null
  }
},
{
  "model": "service_development.choiceoption",
  "pk": 24,
  "fields": {
    "parent": 22,
    "_redirect": 6,
    "action": null
  }
},
{
  "model": "service_development.messagepresentation",
  "pk": 6,
  "fields": {
    "final_element": true,
    "_redirect": null
  }
},
{
  "model": "service_development.keyinput",
  "pk": 9,
  "fields": {
    "_redirect": 18,
    "save_option": "quantity"
  }
},
{
  "model": "service_development.keyinput",
  "pk": 13,
  "fields": {
    "_redirect": 22,
    "save_option": "quantity"
  }
}
]
