[{"model": "service_development.voicelabel", "pk": 1, "fields": {"name": "Dutch language", "description": "Nederlandse taal"}}, {"model": "service_development.voicelabel", "pk": 2, "fields": {"name": "General error message", "description": ""}}, {"model": "service_development.voicelabel", "pk": 3, "fields": {"name": "This is the truth", "description": ""}}, {"model": "service_development.voicelabel", "pk": 4, "fields": {"name": "English language", "description": ""}}, {"model": "service_development.voicelabel", "pk": 5, "fields": {"name": "Thank you for using this service", "description": ""}}, {"model": "service_development.voicelabel", "pk": 6, "fields": {"name": "Wow, it must be a really boring guy!", "description": ""}}, {"model": "service_development.voicelabel", "pk": 7, "fields": {"name": "French language", "description": ""}}, {"model": "service_development.voicelabel", "pk": 8, "fields": {"name": "Please select your language", "description": ""}}, {"model": "service_development.voicelabel", "pk": 9, "fields": {"name": "Pre Choice Option", "description": ""}}, {"model": "service_development.voicelabel", "pk": 10, "fields": {"name": "Post Choice Option", "description": ""}}, {"model": "service_development.voicelabel", "pk": 11, "fields": {"name": "One", "description": ""}}, {"model": "service_development.voicelabel", "pk": 12, "fields": {"name": "Two", "description": ""}}, {"model": "service_development.voicelabel", "pk": 13, "fields": {"name": "Three", "description": ""}}, {"model": "service_development.voicelabel", "pk": 14, "fields": {"name": "Four", "description": ""}}, {"model": "service_development.voicelabel", "pk": 15, "fields": {"name": "Five", "description": ""}}, {"model": "service_development.voicelabel", "pk": 16, "fields": {"name": "Six", "description": ""}}, {"model": "service_development.voicelabel", "pk": 17, "fields": {"name": "Seven", "description": ""}}, {"model": "service_development.voicelabel", "pk": 18, "fields": {"name": "Eight", "description": ""}}, {"model": "service_development.voicelabel", "pk": 19, "fields": {"name": "Nine", "description": ""}}, {"model": "service_development.voicelabel", "pk": 20, "fields": {"name": "Zero", "description": ""}}, {"model": "service_development.voicelabel", "pk": 21, "fields": {"name": "Yes", "description": ""}}, {"model": "service_development.voicelabel", "pk": 22, "fields": {"name": "No", "description": ""}}, {"model": "service_development.voicelabel", "pk": 23, "fields": {"name": "Does the king like to drink beer?", "description": ""}}, {"model": "service_development.voicelabel", "pk": 25, "fields": {"name": "Please speak your message", "description": ""}}, {"model": "service_development.voicelabel", "pk": 28, "fields": {"name": "Welcome Message", "description": "Welcome message for the weather service"}}, {"model": "service_development.voicelabel", "pk": 29, "fields": {"name": "Strong Wind", "description": "Strong wind message"}}, {"model": "service_development.voicelabel", "pk": 30, "fields": {"name": "Normal Wind", "description": "Normal wind message"}}, {"model": "service_development.voicelabel", "pk": 31, "fields": {"name": "Forecast Init", "description": "Forecast init label"}}, {"model": "service_development.voicelabel", "pk": 32, "fields": {"name": "Today", "description": "today"}}, {"model": "service_development.voicelabel", "pk": 33, "fields": {"name": "Tomorrow", "description": "tomorrow"}}, {"model": "service_development.voicelabel", "pk": 34, "fields": {"name": "Monday", "description": "monday"}}, {"model": "service_development.voicelabel", "pk": 35, "fields": {"name": "Tuesday", "description": null}}, {"model": "service_development.voicelabel", "pk": 36, "fields": {"name": "Wednesday", "description": "wednesday"}}, {"model": "service_development.voicelabel", "pk": 37, "fields": {"name": "Thursday", "description": "thursday"}}, {"model": "service_development.voicelabel", "pk": 38, "fields": {"name": "Friday", "description": "friday"}}, {"model": "service_development.voicelabel", "pk": 39, "fields": {"name": "Saturday", "description": "saturday"}}, {"model": "service_development.voicelabel", "pk": 40, "fields": {"name": "Sunday", "description": "sunday"}}, {"model": "service_development.voicelabel", "pk": 41, "fields": {"name": "Rain 0", "description": "rain0"}}, {"model": "service_development.voicelabel", "pk": 42, "fields": {"name": "Rain 5", "description": "rain5"}}, {"model": "service_development.voicelabel", "pk": 43, "fields": {"name": "Rain 10", "description": "rain10"}}, {"model": "service_development.voicelabel", "pk": 44, "fields": {"name": "Rain 15", "description": "Rain 15"}}, {"model": "service_development.voicelabel", "pk": 45, "fields": {"name": "Rain 20", "description": "rain20"}}, {"model": "service_development.voicelabel", "pk": 46, "fields": {"name": "Rain 25", "description": "rain25"}}, {"model": "service_development.voicelabel", "pk": 47, "fields": {"name": "Rain 30", "description": "rain30"}}, {"model": "service_development.voicelabel", "pk": 48, "fields": {"name": "Rain 35", "description": "rain35"}}, {"model": "service_development.language", "pk": 1, "fields": {"name": "Nederlands", "code": "nl", "voice_label": 1, "error_message": 2, "select_language": 8, "pre_choice_option": 9, "post_choice_option": 10, "one": 11, "two": 12, "three": 13, "four": 14, "five": 15, "six": 16, "seven": 17, "eight": 18, "nine": 19, "zero": 20}}, {"model": "service_development.language", "pk": 2, "fields": {"name": "English", "code": "en", "voice_label": 4, "error_message": 2, "select_language": 8, "pre_choice_option": 9, "post_choice_option": 10, "one": 11, "two": 12, "three": 13, "four": 14, "five": 15, "six": 16, "seven": 17, "eight": 18, "nine": 19, "zero": 20}}, {"model": "service_development.language", "pk": 3, "fields": {"name": "Francais", "code": "fr", "voice_label": 7, "error_message": 2, "select_language": 8, "pre_choice_option": 9, "post_choice_option": 10, "one": 11, "two": 12, "three": 13, "four": 14, "five": 15, "six": 16, "seven": 17, "eight": 18, "nine": 19, "zero": 20}}, {"model": "service_development.voicefragment", "pk": 1, "fields": {"parent": 6, "language": 2, "audio": "boring_guy_en.wav"}}, {"model": "service_development.voicefragment", "pk": 2, "fields": {"parent": 6, "language": 1, "audio": "boring_guy_nl.wav"}}, {"model": "service_development.voicefragment", "pk": 6, "fields": {"parent": 22, "language": 1, "audio": "no_nl.wav"}}, {"model": "service_development.voicefragment", "pk": 7, "fields": {"parent": 22, "language": 2, "audio": "no_en.wav"}}, {"model": "service_development.voicefragment", "pk": 8, "fields": {"parent": 22, "language": 3, "audio": "no_fr.wav"}}, {"model": "service_development.voicefragment", "pk": 9, "fields": {"parent": 21, "language": 1, "audio": "yes_nl.wav"}}, {"model": "service_development.voicefragment", "pk": 10, "fields": {"parent": 21, "language": 2, "audio": "yes_en.wav"}}, {"model": "service_development.voicefragment", "pk": 11, "fields": {"parent": 21, "language": 3, "audio": "yes_fr.wav"}}, {"model": "service_development.voicefragment", "pk": 12, "fields": {"parent": 20, "language": 1, "audio": "0_nl.wav"}}, {"model": "service_development.voicefragment", "pk": 13, "fields": {"parent": 20, "language": 2, "audio": "0_en.wav"}}, {"model": "service_development.voicefragment", "pk": 14, "fields": {"parent": 20, "language": 3, "audio": "0_fr.wav"}}, {"model": "service_development.voicefragment", "pk": 15, "fields": {"parent": 19, "language": 1, "audio": "9_nl.wav"}}, {"model": "service_development.voicefragment", "pk": 16, "fields": {"parent": 19, "language": 2, "audio": "9_en.wav"}}, {"model": "service_development.voicefragment", "pk": 17, "fields": {"parent": 19, "language": 3, "audio": "9_fr.wav"}}, {"model": "service_development.voicefragment", "pk": 18, "fields": {"parent": 18, "language": 1, "audio": "8_nl.wav"}}, {"model": "service_development.voicefragment", "pk": 19, "fields": {"parent": 18, "language": 2, "audio": "8_en.wav"}}, {"model": "service_development.voicefragment", "pk": 20, "fields": {"parent": 18, "language": 3, "audio": "8_fr.wav"}}, {"model": "service_development.voicefragment", "pk": 21, "fields": {"parent": 17, "language": 1, "audio": "7_nl.wav"}}, {"model": "service_development.voicefragment", "pk": 22, "fields": {"parent": 17, "language": 2, "audio": "7_en.wav"}}, {"model": "service_development.voicefragment", "pk": 23, "fields": {"parent": 17, "language": 3, "audio": "7_fr.wav"}}, {"model": "service_development.voicefragment", "pk": 24, "fields": {"parent": 16, "language": 1, "audio": "6_nl.wav"}}, {"model": "service_development.voicefragment", "pk": 25, "fields": {"parent": 16, "language": 2, "audio": "6_en.wav"}}, {"model": "service_development.voicefragment", "pk": 26, "fields": {"parent": 16, "language": 3, "audio": "6_fr.wav"}}, {"model": "service_development.voicefragment", "pk": 27, "fields": {"parent": 15, "language": 1, "audio": "5_nl.wav"}}, {"model": "service_development.voicefragment", "pk": 28, "fields": {"parent": 15, "language": 2, "audio": "5_en.wav"}}, {"model": "service_development.voicefragment", "pk": 29, "fields": {"parent": 15, "language": 3, "audio": "5_fr.wav"}}, {"model": "service_development.voicefragment", "pk": 30, "fields": {"parent": 14, "language": 1, "audio": "4_nl.wav"}}, {"model": "service_development.voicefragment", "pk": 31, "fields": {"parent": 14, "language": 3, "audio": "4_fr.wav"}}, {"model": "service_development.voicefragment", "pk": 32, "fields": {"parent": 14, "language": 2, "audio": "4_en.wav"}}, {"model": "service_development.voicefragment", "pk": 33, "fields": {"parent": 13, "language": 1, "audio": "3_nl.wav"}}, {"model": "service_development.voicefragment", "pk": 34, "fields": {"parent": 13, "language": 2, "audio": "3_en.wav"}}, {"model": "service_development.voicefragment", "pk": 35, "fields": {"parent": 13, "language": 3, "audio": "3_fr.wav"}}, {"model": "service_development.voicefragment", "pk": 36, "fields": {"parent": 12, "language": 1, "audio": "2_nl.wav"}}, {"model": "service_development.voicefragment", "pk": 37, "fields": {"parent": 12, "language": 2, "audio": "2_en.wav"}}, {"model": "service_development.voicefragment", "pk": 38, "fields": {"parent": 12, "language": 3, "audio": "2_fr.wav"}}, {"model": "service_development.voicefragment", "pk": 39, "fields": {"parent": 11, "language": 1, "audio": "1_nl.wav"}}, {"model": "service_development.voicefragment", "pk": 40, "fields": {"parent": 11, "language": 2, "audio": "1_en.wav"}}, {"model": "service_development.voicefragment", "pk": 41, "fields": {"parent": 11, "language": 3, "audio": "1_fr.wav"}}, {"model": "service_development.voicefragment", "pk": 42, "fields": {"parent": 10, "language": 1, "audio": "post_choice_option_nl.wav"}}, {"model": "service_development.voicefragment", "pk": 43, "fields": {"parent": 10, "language": 2, "audio": "post_choice_option_en.wav"}}, {"model": "service_development.voicefragment", "pk": 44, "fields": {"parent": 10, "language": 3, "audio": "post_choice_option_fr.wav"}}, {"model": "service_development.voicefragment", "pk": 45, "fields": {"parent": 9, "language": 1, "audio": "pre_choice_option_nl.wav"}}, {"model": "service_development.voicefragment", "pk": 46, "fields": {"parent": 9, "language": 2, "audio": "pre_choice_option_en.wav"}}, {"model": "service_development.voicefragment", "pk": 47, "fields": {"parent": 9, "language": 3, "audio": "pre_choice_option_fr.wav"}}, {"model": "service_development.voicefragment", "pk": 48, "fields": {"parent": 8, "language": 1, "audio": "select_language_nl.wav"}}, {"model": "service_development.voicefragment", "pk": 49, "fields": {"parent": 8, "language": 2, "audio": "select_language_en.wav"}}, {"model": "service_development.voicefragment", "pk": 50, "fields": {"parent": 8, "language": 3, "audio": "select_language_fr.wav"}}, {"model": "service_development.voicefragment", "pk": 51, "fields": {"parent": 7, "language": 1, "audio": "french_nl.wav"}}, {"model": "service_development.voicefragment", "pk": 52, "fields": {"parent": 7, "language": 2, "audio": "french_en.wav"}}, {"model": "service_development.voicefragment", "pk": 53, "fields": {"parent": 7, "language": 3, "audio": "french_fr.wav"}}, {"model": "service_development.voicefragment", "pk": 54, "fields": {"parent": 6, "language": 3, "audio": "boring_guy_fr.wav"}}, {"model": "service_development.voicefragment", "pk": 55, "fields": {"parent": 5, "language": 1, "audio": "thank_you_for_using_nl.wav"}}, {"model": "service_development.voicefragment", "pk": 56, "fields": {"parent": 5, "language": 2, "audio": "thank_you_for_using_en.wav"}}, {"model": "service_development.voicefragment", "pk": 57, "fields": {"parent": 5, "language": 3, "audio": "thank_you_for_using_fr.wav"}}, {"model": "service_development.voicefragment", "pk": 58, "fields": {"parent": 4, "language": 1, "audio": "english_nl.wav"}}, {"model": "service_development.voicefragment", "pk": 59, "fields": {"parent": 4, "language": 2, "audio": "english_en.wav"}}, {"model": "service_development.voicefragment", "pk": 60, "fields": {"parent": 4, "language": 3, "audio": "english_fr.wav"}}, {"model": "service_development.voicefragment", "pk": 61, "fields": {"parent": 3, "language": 1, "audio": "truth_nl.wav"}}, {"model": "service_development.voicefragment", "pk": 62, "fields": {"parent": 3, "language": 2, "audio": "truth_en.wav"}}, {"model": "service_development.voicefragment", "pk": 63, "fields": {"parent": 3, "language": 3, "audio": "truth_fr.wav"}}, {"model": "service_development.voicefragment", "pk": 64, "fields": {"parent": 2, "language": 1, "audio": "error_nl.wav"}}, {"model": "service_development.voicefragment", "pk": 65, "fields": {"parent": 2, "language": 2, "audio": "error_en.wav"}}, {"model": "service_development.voicefragment", "pk": 66, "fields": {"parent": 2, "language": 3, "audio": "error_fr.wav"}}, {"model": "service_development.voicefragment", "pk": 67, "fields": {"parent": 1, "language": 1, "audio": "dutch_nl.wav"}}, {"model": "service_development.voicefragment", "pk": 68, "fields": {"parent": 1, "language": 2, "audio": "dutch_en.wav"}}, {"model": "service_development.voicefragment", "pk": 69, "fields": {"parent": 1, "language": 3, "audio": "dutch_fr.wav"}}, {"model": "service_development.voicefragment", "pk": 70, "fields": {"parent": 23, "language": 1, "audio": "king_question_nl.wav"}}, {"model": "service_development.voicefragment", "pk": 71, "fields": {"parent": 23, "language": 2, "audio": "king_question_en.wav"}}, {"model": "service_development.voicefragment", "pk": 72, "fields": {"parent": 23, "language": 3, "audio": "king_question_fr.wav"}}, {"model": "service_development.voicefragment", "pk": 74, "fields": {"parent": 25, "language": 3, "audio": "speakYourMessage.wav"}}, {"model": "service_development.voicefragment", "pk": 79, "fields": {"parent": 28, "language": 2, "audio": "en_weather_welcome_gGiIYHY.wav"}}, {"model": "service_development.voicefragment", "pk": 80, "fields": {"parent": 28, "language": 3, "audio": "fr_weather_welcome_JZdM9vs.wav"}}, {"model": "service_development.voicefragment", "pk": 81, "fields": {"parent": 29, "language": 2, "audio": "en_weather_strong_wind_sIn7k5A.wav"}}, {"model": "service_development.voicefragment", "pk": 82, "fields": {"parent": 29, "language": 3, "audio": "fr_weather_strong_wind_qXhZOIm.wav"}}, {"model": "service_development.voicefragment", "pk": 83, "fields": {"parent": 30, "language": 2, "audio": "en_weather_normal_wind_BE0Xlmz.wav"}}, {"model": "service_development.voicefragment", "pk": 84, "fields": {"parent": 30, "language": 3, "audio": "fr_weather_normal_wind_xUYJtUB.wav"}}, {"model": "service_development.voicefragment", "pk": 85, "fields": {"parent": 31, "language": 2, "audio": "en_weather_init.wav"}}, {"model": "service_development.voicefragment", "pk": 86, "fields": {"parent": 31, "language": 3, "audio": "fr_weather_init.wav"}}, {"model": "service_development.voicefragment", "pk": 87, "fields": {"parent": 32, "language": 2, "audio": "en_weather_today_55Erd31.wav"}}, {"model": "service_development.voicefragment", "pk": 88, "fields": {"parent": 32, "language": 3, "audio": "fr_weather_today_MNl1Aod.wav"}}, {"model": "service_development.voicefragment", "pk": 89, "fields": {"parent": 33, "language": 2, "audio": "en_weather_tomorrow_RwLfNjR.wav"}}, {"model": "service_development.voicefragment", "pk": 90, "fields": {"parent": 33, "language": 3, "audio": "fr_weather_tomorrow_sbkwDJu.wav"}}, {"model": "service_development.voicefragment", "pk": 91, "fields": {"parent": 34, "language": 2, "audio": "en_weather_monday_kblL96P.wav"}}, {"model": "service_development.voicefragment", "pk": 92, "fields": {"parent": 34, "language": 3, "audio": "fr_weather_monday_yGSh6Xv.wav"}}, {"model": "service_development.voicefragment", "pk": 93, "fields": {"parent": 35, "language": 2, "audio": "en_weather_tuesday_4PIKkft.wav"}}, {"model": "service_development.voicefragment", "pk": 94, "fields": {"parent": 35, "language": 3, "audio": "fr_weather_tuesday_a6JtrsH.wav"}}, {"model": "service_development.voicefragment", "pk": 95, "fields": {"parent": 36, "language": 2, "audio": "en_weather_wednesday_DJaTK8W.wav"}}, {"model": "service_development.voicefragment", "pk": 96, "fields": {"parent": 36, "language": 3, "audio": "fr_weather_wednesday_PRDTJxl.wav"}}, {"model": "service_development.voicefragment", "pk": 97, "fields": {"parent": 37, "language": 2, "audio": "en_weather_thursday_0PBmjUu.wav"}}, {"model": "service_development.voicefragment", "pk": 98, "fields": {"parent": 37, "language": 3, "audio": "fr_weather_thursday_auzOhrt.wav"}}, {"model": "service_development.voicefragment", "pk": 99, "fields": {"parent": 38, "language": 2, "audio": "en_weather_friday_IbNDl3o.wav"}}, {"model": "service_development.voicefragment", "pk": 100, "fields": {"parent": 38, "language": 3, "audio": "fr_weather_friday_sxyc9oz.wav"}}, {"model": "service_development.voicefragment", "pk": 101, "fields": {"parent": 39, "language": 2, "audio": "en_weather_saturday_Sw94LTm.wav"}}, {"model": "service_development.voicefragment", "pk": 102, "fields": {"parent": 39, "language": 3, "audio": "fr_weather_saturday_XCskxBE.wav"}}, {"model": "service_development.voicefragment", "pk": 103, "fields": {"parent": 40, "language": 2, "audio": "en_weather_sunday_vXbPnay.wav"}}, {"model": "service_development.voicefragment", "pk": 104, "fields": {"parent": 40, "language": 3, "audio": "fr_weather_sunday_NdIZO8f.wav"}}, {"model": "service_development.voicefragment", "pk": 105, "fields": {"parent": 41, "language": 2, "audio": "en_weather_rain_QceFXlO.wav"}}, {"model": "service_development.voicefragment", "pk": 106, "fields": {"parent": 41, "language": 3, "audio": "fr_weather_rain_rCm8W9A.wav"}}, {"model": "service_development.voicefragment", "pk": 107, "fields": {"parent": 42, "language": 2, "audio": "en_weather_rain_5_Y3bSwws.wav"}}, {"model": "service_development.voicefragment", "pk": 108, "fields": {"parent": 42, "language": 3, "audio": "fr_weather_rain_5_O8ryNNl.wav"}}, {"model": "service_development.voicefragment", "pk": 109, "fields": {"parent": 43, "language": 2, "audio": "en_weather_rain_10_RXYWw3m.wav"}}, {"model": "service_development.voicefragment", "pk": 110, "fields": {"parent": 43, "language": 3, "audio": "fr_weather_rain_10_algFYU2.wav"}}, {"model": "service_development.voicefragment", "pk": 111, "fields": {"parent": 44, "language": 2, "audio": "en_weather_rain_15_NpYEM5N.wav"}}, {"model": "service_development.voicefragment", "pk": 112, "fields": {"parent": 44, "language": 3, "audio": "fr_weather_rain_15_N6WEJ36.wav"}}, {"model": "service_development.voicefragment", "pk": 113, "fields": {"parent": 45, "language": 2, "audio": "en_weather_rain_20_BQYV9bE.wav"}}, {"model": "service_development.voicefragment", "pk": 114, "fields": {"parent": 45, "language": 3, "audio": "fr_weather_rain_20_Q5TQLZl.wav"}}, {"model": "service_development.voicefragment", "pk": 115, "fields": {"parent": 46, "language": 2, "audio": "en_weather_rain_25_G0roPpY.wav"}}, {"model": "service_development.voicefragment", "pk": 116, "fields": {"parent": 46, "language": 3, "audio": "fr_weather_rain_25_dZ8RnQX.wav"}}, {"model": "service_development.voicefragment", "pk": 117, "fields": {"parent": 47, "language": 2, "audio": "en_weather_rain_30_li9X4Uw.wav"}}, {"model": "service_development.voicefragment", "pk": 118, "fields": {"parent": 47, "language": 3, "audio": "fr_weather_rain_30_3bm07NI.wav"}}, {"model": "service_development.voicefragment", "pk": 119, "fields": {"parent": 48, "language": 2, "audio": "en_weather_rain_35_urk3C5L.wav"}}, {"model": "service_development.voicefragment", "pk": 120, "fields": {"parent": 48, "language": 3, "audio": "fr_weather_rain_35_oaNZjDf.wav"}}, {"model": "service_development.voiceservicesubelement", "pk": 2, "fields": {"service": 1, "creation_date": "2017-04-23T19:30:23.792Z", "modification_date": "2018-02-16T16:42:26.402Z", "name": "Does the king like to drink beer?", "description": "", "voice_label": 23, "is_weather_element": false, "wind_threshold": null, "voice_label_wind_normal": null, "voice_label_wind_strong": null, "voice_label_today": null, "voice_label_tomorrow": null, "voice_label_monday": null, "voice_label_tuesday": null, "voice_label_wednesday": null, "voice_label_thursday": null, "voice_label_friday": null, "voice_label_saturday": null, "voice_label_sunday": null, "voice_label_rain_0": null, "voice_label_rain_5": null, "voice_label_rain_10": null, "voice_label_rain_15": null, "voice_label_rain_20": null, "voice_label_rain_25": null, "voice_label_rain_30": null, "voice_label_rain_35": null}}, {"model": "service_development.voiceservicesubelement", "pk": 3, "fields": {"service": 1, "creation_date": "2017-04-23T19:32:07.853Z", "modification_date": "2018-01-25T14:35:48.977Z", "name": "Yes", "description": "King <3's BEER", "voice_label": 21, "is_weather_element": false, "wind_threshold": null, "voice_label_wind_normal": null, "voice_label_wind_strong": null, "voice_label_today": null, "voice_label_tomorrow": null, "voice_label_monday": null, "voice_label_tuesday": null, "voice_label_wednesday": null, "voice_label_thursday": null, "voice_label_friday": null, "voice_label_saturday": null, "voice_label_sunday": null, "voice_label_rain_0": null, "voice_label_rain_5": null, "voice_label_rain_10": null, "voice_label_rain_15": null, "voice_label_rain_20": null, "voice_label_rain_25": null, "voice_label_rain_30": null, "voice_label_rain_35": null}}, {"model": "service_development.voiceservicesubelement", "pk": 4, "fields": {"service": 1, "creation_date": "2017-04-23T19:32:07.854Z", "modification_date": "2018-02-16T16:42:26.405Z", "name": "No", "description": "", "voice_label": 22, "is_weather_element": false, "wind_threshold": null, "voice_label_wind_normal": null, "voice_label_wind_strong": null, "voice_label_today": null, "voice_label_tomorrow": null, "voice_label_monday": null, "voice_label_tuesday": null, "voice_label_wednesday": null, "voice_label_thursday": null, "voice_label_friday": null, "voice_label_saturday": null, "voice_label_sunday": null, "voice_label_rain_0": null, "voice_label_rain_5": null, "voice_label_rain_10": null, "voice_label_rain_15": null, "voice_label_rain_20": null, "voice_label_rain_25": null, "voice_label_rain_30": null, "voice_label_rain_35": null}}, {"model": "service_development.voiceservicesubelement", "pk": 5, "fields": {"service": 1, "creation_date": "2017-04-23T19:49:50.055Z", "modification_date": "2018-02-16T16:42:51.484Z", "name": "This is the truth", "description": "", "voice_label": 3, "is_weather_element": false, "wind_threshold": null, "voice_label_wind_normal": null, "voice_label_wind_strong": null, "voice_label_today": null, "voice_label_tomorrow": null, "voice_label_monday": null, "voice_label_tuesday": null, "voice_label_wednesday": null, "voice_label_thursday": null, "voice_label_friday": null, "voice_label_saturday": null, "voice_label_sunday": null, "voice_label_rain_0": null, "voice_label_rain_5": null, "voice_label_rain_10": null, "voice_label_rain_15": null, "voice_label_rain_20": null, "voice_label_rain_25": null, "voice_label_rain_30": null, "voice_label_rain_35": null}}, {"model": "service_development.voiceservicesubelement", "pk": 6, "fields": {"service": 1, "creation_date": "2017-04-23T21:11:06.805Z", "modification_date": "2017-04-23T21:33:29.853Z", "name": "Thank you for using this service", "description": "", "voice_label": 5, "is_weather_element": false, "wind_threshold": null, "voice_label_wind_normal": null, "voice_label_wind_strong": null, "voice_label_today": null, "voice_label_tomorrow": null, "voice_label_monday": null, "voice_label_tuesday": null, "voice_label_wednesday": null, "voice_label_thursday": null, "voice_label_friday": null, "voice_label_saturday": null, "voice_label_sunday": null, "voice_label_rain_0": null, "voice_label_rain_5": null, "voice_label_rain_10": null, "voice_label_rain_15": null, "voice_label_rain_20": null, "voice_label_rain_25": null, "voice_label_rain_30": null, "voice_label_rain_35": null}}, {"model": "service_development.voiceservicesubelement", "pk": 7, "fields": {"service": 1, "creation_date": "2017-04-23T21:36:55.756Z", "modification_date": "2017-04-23T21:36:55.756Z", "name": "King is boring", "description": "", "voice_label": 6, "is_weather_element": false, "wind_threshold": null, "voice_label_wind_normal": null, "voice_label_wind_strong": null, "voice_label_today": null, "voice_label_tomorrow": null, "voice_label_monday": null, "voice_label_tuesday": null, "voice_label_wednesday": null, "voice_label_thursday": null, "voice_label_friday": null, "voice_label_saturday": null, "voice_label_sunday": null, "voice_label_rain_0": null, "voice_label_rain_5": null, "voice_label_rain_10": null, "voice_label_rain_15": null, "voice_label_rain_20": null, "voice_label_rain_25": null, "voice_label_rain_30": null, "voice_label_rain_35": null}}, {"model": "service_development.voiceservicesubelement", "pk": 9, "fields": {"service": 4, "creation_date": "2020-04-26T08:35:37.890Z", "modification_date": "2020-04-27T18:08:34.210Z", "name": "Forecast Message", "description": "Weather forecast message", "voice_label": 31, "is_weather_element": true, "wind_threshold": 35, "voice_label_wind_normal": 30, "voice_label_wind_strong": 29, "voice_label_today": 32, "voice_label_tomorrow": 33, "voice_label_monday": 34, "voice_label_tuesday": 35, "voice_label_wednesday": 36, "voice_label_thursday": 37, "voice_label_friday": 38, "voice_label_saturday": 39, "voice_label_sunday": 40, "voice_label_rain_0": 41, "voice_label_rain_5": 42, "voice_label_rain_10": 43, "voice_label_rain_15": 44, "voice_label_rain_20": 45, "voice_label_rain_25": 46, "voice_label_rain_30": 47, "voice_label_rain_35": 48}}, {"model": "service_development.voiceserviceelement", "pk": 2, "fields": {}}, {"model": "service_development.voiceserviceelement", "pk": 5, "fields": {}}, {"model": "service_development.voiceserviceelement", "pk": 6, "fields": {}}, {"model": "service_development.voiceserviceelement", "pk": 7, "fields": {}}, {"model": "service_development.voiceserviceelement", "pk": 9, "fields": {}}, {"model": "service_development.voiceservice", "pk": 1, "fields": {"name": "King's truth checker", "description": "Checks the user's knowledge about the king of the Netherlands", "creation_date": "2017-04-23T19:23:52.392Z", "modification_date": "2020-04-20T04:49:59.925Z", "active": false, "_start_element": 2, "registration": "preferred", "registration_language": true, "registration_name": false, "supported_languages": [1, 2, 3]}}, {"model": "service_development.voiceservice", "pk": 4, "fields": {"name": "Weather Location Service", "description": "Weather location service running on Kasadaka", "creation_date": "2020-04-25T07:46:17.550Z", "modification_date": "2020-04-26T08:38:18.587Z", "active": true, "_start_element": 9, "registration": "preferred", "registration_language": true, "registration_name": false, "supported_languages": [2, 3]}}, {"model": "service_development.kasadakauser", "pk": 1, "fields": {"caller_id": "456", "first_name": "Henk", "last_name": "Ernia", "creation_date": "2018-02-02T11:10:27.670Z", "modification_date": "2018-02-12T14:44:24.019Z", "language": 1, "service": 1}}, {"model": "service_development.kasadakauser", "pk": 2, "fields": {"caller_id": "1234", "first_name": "", "last_name": "", "creation_date": "2020-04-20T05:09:32.948Z", "modification_date": "2020-04-20T05:09:32.948Z", "language": 2, "service": 1}}, {"model": "service_development.callsession", "pk": 1, "fields": {"start": "2020-04-20T04:50:19.763Z", "end": null, "user": null, "caller_id": null, "service": 1, "_language": null}}, {"model": "service_development.callsession", "pk": 2, "fields": {"start": "2020-04-20T04:56:28.952Z", "end": "2020-04-20T05:18:39.260Z", "user": 2, "caller_id": "1234", "service": 1, "_language": 2}}, {"model": "service_development.callsession", "pk": 3, "fields": {"start": "2020-04-20T05:13:47.747Z", "end": null, "user": null, "caller_id": null, "service": 1, "_language": null}}, {"model": "service_development.callsession", "pk": 4, "fields": {"start": "2020-04-20T05:14:16.581Z", "end": null, "user": null, "caller_id": null, "service": 1, "_language": null}}, {"model": "service_development.callsession", "pk": 5, "fields": {"start": "2020-04-20T05:14:47.303Z", "end": "2020-04-25T07:53:36.066Z", "user": null, "caller_id": null, "service": 1, "_language": 2}}, {"model": "service_development.callsession", "pk": 6, "fields": {"start": "2020-04-25T07:53:06.603Z", "end": "2020-04-25T07:54:18.421Z", "user": null, "caller_id": null, "service": 4, "_language": 2}}, {"model": "service_development.callsession", "pk": 7, "fields": {"start": "2020-04-25T08:09:44.559Z", "end": "2020-04-25T08:11:19.507Z", "user": null, "caller_id": null, "service": 4, "_language": 2}}, {"model": "service_development.callsession", "pk": 8, "fields": {"start": "2020-04-25T08:12:50.015Z", "end": "2020-04-25T08:13:10.824Z", "user": null, "caller_id": null, "service": 4, "_language": 2}}, {"model": "service_development.callsession", "pk": 9, "fields": {"start": "2020-04-25T11:30:00.320Z", "end": null, "user": null, "caller_id": null, "service": 4, "_language": null}}, {"model": "service_development.callsession", "pk": 10, "fields": {"start": "2020-04-25T11:30:42.948Z", "end": "2020-04-25T11:31:03.922Z", "user": null, "caller_id": null, "service": 4, "_language": 2}}, {"model": "service_development.callsession", "pk": 11, "fields": {"start": "2020-04-26T06:07:32.636Z", "end": "2020-04-26T06:07:53.438Z", "user": null, "caller_id": null, "service": 4, "_language": 2}}, {"model": "service_development.callsession", "pk": 12, "fields": {"start": "2020-04-26T08:36:48.538Z", "end": "2020-04-26T08:37:28.139Z", "user": null, "caller_id": null, "service": 4, "_language": 2}}, {"model": "service_development.callsession", "pk": 13, "fields": {"start": "2020-04-26T08:38:27.832Z", "end": "2020-04-26T08:38:57.424Z", "user": null, "caller_id": null, "service": 4, "_language": 2}}, {"model": "service_development.callsession", "pk": 14, "fields": {"start": "2020-04-26T08:39:14.746Z", "end": "2020-04-26T08:57:21.155Z", "user": null, "caller_id": null, "service": 4, "_language": 2}}, {"model": "service_development.callsession", "pk": 15, "fields": {"start": "2020-04-26T09:37:00.865Z", "end": "2020-04-27T18:13:31.060Z", "user": null, "caller_id": null, "service": 4, "_language": 2}}, {"model": "service_development.callsessionstep", "pk": 1, "fields": {"time": "2020-04-20T05:09:32.901Z", "session": 2, "_visited_element": null, "description": "Language selected, English"}}, {"model": "service_development.callsessionstep", "pk": 2, "fields": {"time": "2020-04-20T05:09:32.959Z", "session": 2, "_visited_element": null, "description": "Registered as user: 1234"}}, {"model": "service_development.callsessionstep", "pk": 3, "fields": {"time": "2020-04-20T05:09:33.016Z", "session": 2, "_visited_element": 2, "description": null}}, {"model": "service_development.callsessionstep", "pk": 4, "fields": {"time": "2020-04-20T05:12:00.123Z", "session": 2, "_visited_element": 5, "description": null}}, {"model": "service_development.callsessionstep", "pk": 5, "fields": {"time": "2020-04-20T05:12:37.152Z", "session": 2, "_visited_element": 6, "description": null}}, {"model": "service_development.callsessionstep", "pk": 6, "fields": {"time": "2020-04-20T05:16:21.852Z", "session": 2, "_visited_element": null, "description": "Language selected, English"}}, {"model": "service_development.callsessionstep", "pk": 7, "fields": {"time": "2020-04-20T05:17:03.133Z", "session": 5, "_visited_element": null, "description": "Language selected, English"}}, {"model": "service_development.callsessionstep", "pk": 8, "fields": {"time": "2020-04-20T05:17:03.192Z", "session": 5, "_visited_element": 2, "description": null}}, {"model": "service_development.callsessionstep", "pk": 9, "fields": {"time": "2020-04-20T05:18:35.220Z", "session": 5, "_visited_element": 7, "description": null}}, {"model": "service_development.callsessionstep", "pk": 10, "fields": {"time": "2020-04-20T05:18:39.271Z", "session": 2, "_visited_element": 6, "description": null}}, {"model": "service_development.callsessionstep", "pk": 11, "fields": {"time": "2020-04-25T07:53:36.025Z", "session": 6, "_visited_element": null, "description": "Language selected, English"}}, {"model": "service_development.callsessionstep", "pk": 12, "fields": {"time": "2020-04-25T07:53:36.069Z", "session": 5, "_visited_element": 2, "description": null}}, {"model": "service_development.callsessionstep", "pk": 13, "fields": {"time": "2020-04-25T07:54:18.430Z", "session": 6, "_visited_element": null, "description": "Language selected, English"}}, {"model": "service_development.callsessionstep", "pk": 14, "fields": {"time": "2020-04-25T08:10:08.600Z", "session": 7, "_visited_element": null, "description": "Language selected, English"}}, {"model": "service_development.callsessionstep", "pk": 15, "fields": {"time": "2020-04-25T08:10:08.687Z", "session": 7, "_visited_element": null, "description": null}}, {"model": "service_development.callsessionstep", "pk": 16, "fields": {"time": "2020-04-25T08:10:26.870Z", "session": 7, "_visited_element": null, "description": "Language selected, English"}}, {"model": "service_development.callsessionstep", "pk": 17, "fields": {"time": "2020-04-25T08:10:26.922Z", "session": 7, "_visited_element": null, "description": null}}, {"model": "service_development.callsessionstep", "pk": 18, "fields": {"time": "2020-04-25T08:11:19.463Z", "session": 7, "_visited_element": null, "description": "Language selected, English"}}, {"model": "service_development.callsessionstep", "pk": 19, "fields": {"time": "2020-04-25T08:11:19.510Z", "session": 7, "_visited_element": null, "description": null}}, {"model": "service_development.callsessionstep", "pk": 20, "fields": {"time": "2020-04-25T08:13:10.782Z", "session": 8, "_visited_element": null, "description": "Language selected, English"}}, {"model": "service_development.callsessionstep", "pk": 21, "fields": {"time": "2020-04-25T08:13:10.827Z", "session": 8, "_visited_element": null, "description": null}}, {"model": "service_development.callsessionstep", "pk": 22, "fields": {"time": "2020-04-25T11:31:03.865Z", "session": 10, "_visited_element": null, "description": "Language selected, English"}}, {"model": "service_development.callsessionstep", "pk": 23, "fields": {"time": "2020-04-25T11:31:03.924Z", "session": 10, "_visited_element": null, "description": null}}, {"model": "service_development.callsessionstep", "pk": 24, "fields": {"time": "2020-04-26T06:07:53.369Z", "session": 11, "_visited_element": null, "description": "Language selected, English"}}, {"model": "service_development.callsessionstep", "pk": 25, "fields": {"time": "2020-04-26T06:07:53.445Z", "session": 11, "_visited_element": null, "description": null}}, {"model": "service_development.callsessionstep", "pk": 26, "fields": {"time": "2020-04-26T08:37:01.756Z", "session": 12, "_visited_element": null, "description": "Language selected, English"}}, {"model": "service_development.callsessionstep", "pk": 27, "fields": {"time": "2020-04-26T08:37:01.953Z", "session": 12, "_visited_element": null, "description": null}}, {"model": "service_development.callsessionstep", "pk": 28, "fields": {"time": "2020-04-26T08:37:25.068Z", "session": 12, "_visited_element": null, "description": "Language selected, English"}}, {"model": "service_development.callsessionstep", "pk": 29, "fields": {"time": "2020-04-26T08:37:25.170Z", "session": 12, "_visited_element": null, "description": null}}, {"model": "service_development.callsessionstep", "pk": 30, "fields": {"time": "2020-04-26T08:37:26.602Z", "session": 12, "_visited_element": null, "description": "Language selected, English"}}, {"model": "service_development.callsessionstep", "pk": 31, "fields": {"time": "2020-04-26T08:37:26.685Z", "session": 12, "_visited_element": null, "description": null}}, {"model": "service_development.callsessionstep", "pk": 32, "fields": {"time": "2020-04-26T08:37:28.066Z", "session": 12, "_visited_element": null, "description": "Language selected, English"}}, {"model": "service_development.callsessionstep", "pk": 33, "fields": {"time": "2020-04-26T08:37:28.150Z", "session": 12, "_visited_element": null, "description": null}}, {"model": "service_development.callsessionstep", "pk": 34, "fields": {"time": "2020-04-26T08:38:38.380Z", "session": 13, "_visited_element": null, "description": "Language selected, Nederlands"}}, {"model": "service_development.callsessionstep", "pk": 35, "fields": {"time": "2020-04-26T08:38:57.275Z", "session": 13, "_visited_element": null, "description": "Language selected, English"}}, {"model": "service_development.callsessionstep", "pk": 36, "fields": {"time": "2020-04-26T08:38:57.426Z", "session": 13, "_visited_element": 9, "description": null}}, {"model": "service_development.callsessionstep", "pk": 37, "fields": {"time": "2020-04-26T08:39:24.381Z", "session": 14, "_visited_element": null, "description": "Language selected, English"}}, {"model": "service_development.callsessionstep", "pk": 38, "fields": {"time": "2020-04-26T08:39:24.462Z", "session": 14, "_visited_element": 9, "description": null}}, {"model": "service_development.callsessionstep", "pk": 39, "fields": {"time": "2020-04-26T08:39:31.505Z", "session": 14, "_visited_element": null, "description": "Language selected, English"}}, {"model": "service_development.callsessionstep", "pk": 40, "fields": {"time": "2020-04-26T08:39:31.571Z", "session": 14, "_visited_element": 9, "description": null}}, {"model": "service_development.callsessionstep", "pk": 41, "fields": {"time": "2020-04-26T08:57:21.010Z", "session": 14, "_visited_element": null, "description": "Language selected, English"}}, {"model": "service_development.callsessionstep", "pk": 42, "fields": {"time": "2020-04-26T08:57:21.159Z", "session": 14, "_visited_element": 9, "description": null}}, {"model": "service_development.callsessionstep", "pk": 43, "fields": {"time": "2020-04-26T09:37:10.020Z", "session": 15, "_visited_element": null, "description": "Language selected, English"}}, {"model": "service_development.callsessionstep", "pk": 44, "fields": {"time": "2020-04-26T09:37:10.353Z", "session": 15, "_visited_element": 9, "description": null}}, {"model": "service_development.callsessionstep", "pk": 45, "fields": {"time": "2020-04-26T09:37:42.539Z", "session": 15, "_visited_element": null, "description": "Language selected, English"}}, {"model": "service_development.callsessionstep", "pk": 46, "fields": {"time": "2020-04-26T09:37:42.682Z", "session": 15, "_visited_element": 9, "description": null}}, {"model": "service_development.callsessionstep", "pk": 47, "fields": {"time": "2020-04-26T09:38:33.953Z", "session": 15, "_visited_element": null, "description": "Language selected, English"}}, {"model": "service_development.callsessionstep", "pk": 48, "fields": {"time": "2020-04-26T09:38:34.180Z", "session": 15, "_visited_element": 9, "description": null}}, {"model": "service_development.callsessionstep", "pk": 49, "fields": {"time": "2020-04-26T09:39:46.724Z", "session": 15, "_visited_element": null, "description": "Language selected, English"}}, {"model": "service_development.callsessionstep", "pk": 50, "fields": {"time": "2020-04-26T09:39:46.870Z", "session": 15, "_visited_element": 9, "description": null}}, {"model": "service_development.callsessionstep", "pk": 51, "fields": {"time": "2020-04-26T09:40:13.695Z", "session": 15, "_visited_element": null, "description": "Language selected, English"}}, {"model": "service_development.callsessionstep", "pk": 52, "fields": {"time": "2020-04-26T09:40:13.893Z", "session": 15, "_visited_element": 9, "description": null}}, {"model": "service_development.callsessionstep", "pk": 53, "fields": {"time": "2020-04-26T09:40:55.311Z", "session": 15, "_visited_element": null, "description": "Language selected, English"}}, {"model": "service_development.callsessionstep", "pk": 54, "fields": {"time": "2020-04-26T09:40:55.457Z", "session": 15, "_visited_element": 9, "description": null}}, {"model": "service_development.callsessionstep", "pk": 55, "fields": {"time": "2020-04-26T09:41:16.246Z", "session": 15, "_visited_element": null, "description": "Language selected, English"}}, {"model": "service_development.callsessionstep", "pk": 56, "fields": {"time": "2020-04-26T09:41:16.580Z", "session": 15, "_visited_element": 9, "description": null}}, {"model": "service_development.callsessionstep", "pk": 57, "fields": {"time": "2020-04-26T09:41:29.467Z", "session": 15, "_visited_element": null, "description": "Language selected, English"}}, {"model": "service_development.callsessionstep", "pk": 58, "fields": {"time": "2020-04-26T09:41:29.605Z", "session": 15, "_visited_element": 9, "description": null}}, {"model": "service_development.callsessionstep", "pk": 59, "fields": {"time": "2020-04-26T09:42:35.940Z", "session": 15, "_visited_element": null, "description": "Language selected, English"}}, {"model": "service_development.callsessionstep", "pk": 60, "fields": {"time": "2020-04-26T09:42:36.074Z", "session": 15, "_visited_element": 9, "description": null}}, {"model": "service_development.callsessionstep", "pk": 61, "fields": {"time": "2020-04-26T09:43:01.189Z", "session": 15, "_visited_element": null, "description": "Language selected, English"}}, {"model": "service_development.callsessionstep", "pk": 62, "fields": {"time": "2020-04-26T09:43:01.719Z", "session": 15, "_visited_element": 9, "description": null}}, {"model": "service_development.callsessionstep", "pk": 63, "fields": {"time": "2020-04-26T09:47:17.978Z", "session": 15, "_visited_element": null, "description": "Language selected, English"}}, {"model": "service_development.callsessionstep", "pk": 64, "fields": {"time": "2020-04-26T09:47:18.174Z", "session": 15, "_visited_element": 9, "description": null}}, {"model": "service_development.callsessionstep", "pk": 65, "fields": {"time": "2020-04-26T09:47:49.180Z", "session": 15, "_visited_element": null, "description": "Language selected, English"}}, {"model": "service_development.callsessionstep", "pk": 66, "fields": {"time": "2020-04-26T09:47:49.282Z", "session": 15, "_visited_element": 9, "description": null}}, {"model": "service_development.callsessionstep", "pk": 67, "fields": {"time": "2020-04-26T09:48:13.039Z", "session": 15, "_visited_element": null, "description": "Language selected, English"}}, {"model": "service_development.callsessionstep", "pk": 68, "fields": {"time": "2020-04-26T09:48:13.249Z", "session": 15, "_visited_element": 9, "description": null}}, {"model": "service_development.callsessionstep", "pk": 69, "fields": {"time": "2020-04-26T09:50:50.961Z", "session": 15, "_visited_element": null, "description": "Language selected, English"}}, {"model": "service_development.callsessionstep", "pk": 70, "fields": {"time": "2020-04-26T09:50:51.237Z", "session": 15, "_visited_element": 9, "description": null}}, {"model": "service_development.callsessionstep", "pk": 71, "fields": {"time": "2020-04-26T09:51:50.184Z", "session": 15, "_visited_element": null, "description": "Language selected, English"}}, {"model": "service_development.callsessionstep", "pk": 72, "fields": {"time": "2020-04-26T09:51:50.465Z", "session": 15, "_visited_element": 9, "description": null}}, {"model": "service_development.callsessionstep", "pk": 73, "fields": {"time": "2020-04-26T09:52:04.339Z", "session": 15, "_visited_element": null, "description": "Language selected, English"}}, {"model": "service_development.callsessionstep", "pk": 74, "fields": {"time": "2020-04-26T09:52:04.607Z", "session": 15, "_visited_element": 9, "description": null}}, {"model": "service_development.callsessionstep", "pk": 75, "fields": {"time": "2020-04-26T14:23:02.770Z", "session": 15, "_visited_element": null, "description": "Language selected, English"}}, {"model": "service_development.callsessionstep", "pk": 76, "fields": {"time": "2020-04-26T14:23:02.838Z", "session": 15, "_visited_element": 9, "description": null}}, {"model": "service_development.callsessionstep", "pk": 77, "fields": {"time": "2020-04-26T14:33:58.578Z", "session": 15, "_visited_element": null, "description": "Language selected, English"}}, {"model": "service_development.callsessionstep", "pk": 78, "fields": {"time": "2020-04-26T14:33:58.723Z", "session": 15, "_visited_element": 9, "description": null}}, {"model": "service_development.callsessionstep", "pk": 79, "fields": {"time": "2020-04-26T14:34:43.686Z", "session": 15, "_visited_element": null, "description": "Language selected, English"}}, {"model": "service_development.callsessionstep", "pk": 80, "fields": {"time": "2020-04-26T14:34:43.817Z", "session": 15, "_visited_element": 9, "description": null}}, {"model": "service_development.callsessionstep", "pk": 81, "fields": {"time": "2020-04-26T14:35:11.768Z", "session": 15, "_visited_element": null, "description": "Language selected, English"}}, {"model": "service_development.callsessionstep", "pk": 82, "fields": {"time": "2020-04-26T14:35:11.875Z", "session": 15, "_visited_element": 9, "description": null}}, {"model": "service_development.callsessionstep", "pk": 83, "fields": {"time": "2020-04-26T14:35:56.152Z", "session": 15, "_visited_element": null, "description": "Language selected, English"}}, {"model": "service_development.callsessionstep", "pk": 84, "fields": {"time": "2020-04-26T14:35:56.287Z", "session": 15, "_visited_element": 9, "description": null}}, {"model": "service_development.callsessionstep", "pk": 85, "fields": {"time": "2020-04-26T14:36:30.955Z", "session": 15, "_visited_element": null, "description": "Language selected, English"}}, {"model": "service_development.callsessionstep", "pk": 86, "fields": {"time": "2020-04-26T14:36:31.174Z", "session": 15, "_visited_element": 9, "description": null}}, {"model": "service_development.callsessionstep", "pk": 87, "fields": {"time": "2020-04-27T06:57:29.721Z", "session": 15, "_visited_element": null, "description": "Language selected, English"}}, {"model": "service_development.callsessionstep", "pk": 88, "fields": {"time": "2020-04-27T06:57:29.899Z", "session": 15, "_visited_element": 9, "description": null}}, {"model": "service_development.callsessionstep", "pk": 89, "fields": {"time": "2020-04-27T08:57:16.882Z", "session": 15, "_visited_element": null, "description": "Language selected, English"}}, {"model": "service_development.callsessionstep", "pk": 90, "fields": {"time": "2020-04-27T08:58:39.309Z", "session": 15, "_visited_element": null, "description": "Language selected, English"}}, {"model": "service_development.callsessionstep", "pk": 91, "fields": {"time": "2020-04-27T08:58:39.620Z", "session": 15, "_visited_element": 9, "description": null}}, {"model": "service_development.callsessionstep", "pk": 92, "fields": {"time": "2020-04-27T08:59:57.461Z", "session": 15, "_visited_element": null, "description": "Language selected, English"}}, {"model": "service_development.callsessionstep", "pk": 93, "fields": {"time": "2020-04-27T08:59:57.699Z", "session": 15, "_visited_element": 9, "description": null}}, {"model": "service_development.callsessionstep", "pk": 94, "fields": {"time": "2020-04-27T09:00:20.300Z", "session": 15, "_visited_element": null, "description": "Language selected, English"}}, {"model": "service_development.callsessionstep", "pk": 95, "fields": {"time": "2020-04-27T09:00:20.506Z", "session": 15, "_visited_element": 9, "description": null}}, {"model": "service_development.callsessionstep", "pk": 96, "fields": {"time": "2020-04-27T09:01:40.867Z", "session": 15, "_visited_element": null, "description": "Language selected, English"}}, {"model": "service_development.callsessionstep", "pk": 97, "fields": {"time": "2020-04-27T09:01:41.041Z", "session": 15, "_visited_element": 9, "description": null}}, {"model": "service_development.callsessionstep", "pk": 98, "fields": {"time": "2020-04-27T09:02:04.991Z", "session": 15, "_visited_element": null, "description": "Language selected, English"}}, {"model": "service_development.callsessionstep", "pk": 99, "fields": {"time": "2020-04-27T09:02:05.265Z", "session": 15, "_visited_element": 9, "description": null}}, {"model": "service_development.callsessionstep", "pk": 100, "fields": {"time": "2020-04-27T09:04:28.076Z", "session": 15, "_visited_element": null, "description": "Language selected, English"}}, {"model": "service_development.callsessionstep", "pk": 101, "fields": {"time": "2020-04-27T09:04:28.356Z", "session": 15, "_visited_element": 9, "description": null}}, {"model": "service_development.callsessionstep", "pk": 102, "fields": {"time": "2020-04-27T09:06:33.438Z", "session": 15, "_visited_element": null, "description": "Language selected, English"}}, {"model": "service_development.callsessionstep", "pk": 103, "fields": {"time": "2020-04-27T09:06:40.528Z", "session": 15, "_visited_element": null, "description": "Language selected, English"}}, {"model": "service_development.callsessionstep", "pk": 104, "fields": {"time": "2020-04-27T09:06:40.813Z", "session": 15, "_visited_element": 9, "description": null}}, {"model": "service_development.callsessionstep", "pk": 105, "fields": {"time": "2020-04-27T09:08:44.609Z", "session": 15, "_visited_element": null, "description": "Language selected, English"}}, {"model": "service_development.callsessionstep", "pk": 106, "fields": {"time": "2020-04-27T09:08:44.867Z", "session": 15, "_visited_element": 9, "description": null}}, {"model": "service_development.callsessionstep", "pk": 107, "fields": {"time": "2020-04-27T09:09:28.708Z", "session": 15, "_visited_element": null, "description": "Language selected, English"}}, {"model": "service_development.callsessionstep", "pk": 108, "fields": {"time": "2020-04-27T09:09:28.911Z", "session": 15, "_visited_element": 9, "description": null}}, {"model": "service_development.callsessionstep", "pk": 109, "fields": {"time": "2020-04-27T09:10:21.465Z", "session": 15, "_visited_element": null, "description": "Language selected, English"}}, {"model": "service_development.callsessionstep", "pk": 110, "fields": {"time": "2020-04-27T09:10:21.712Z", "session": 15, "_visited_element": 9, "description": null}}, {"model": "service_development.callsessionstep", "pk": 111, "fields": {"time": "2020-04-27T09:10:29.751Z", "session": 15, "_visited_element": null, "description": "Language selected, English"}}, {"model": "service_development.callsessionstep", "pk": 112, "fields": {"time": "2020-04-27T09:10:30.009Z", "session": 15, "_visited_element": 9, "description": null}}, {"model": "service_development.callsessionstep", "pk": 113, "fields": {"time": "2020-04-27T09:10:57.503Z", "session": 15, "_visited_element": null, "description": "Language selected, English"}}, {"model": "service_development.callsessionstep", "pk": 114, "fields": {"time": "2020-04-27T09:10:57.767Z", "session": 15, "_visited_element": 9, "description": null}}, {"model": "service_development.callsessionstep", "pk": 115, "fields": {"time": "2020-04-27T09:11:19.523Z", "session": 15, "_visited_element": null, "description": "Language selected, English"}}, {"model": "service_development.callsessionstep", "pk": 116, "fields": {"time": "2020-04-27T09:11:19.778Z", "session": 15, "_visited_element": 9, "description": null}}, {"model": "service_development.callsessionstep", "pk": 117, "fields": {"time": "2020-04-27T09:11:39.339Z", "session": 15, "_visited_element": null, "description": "Language selected, English"}}, {"model": "service_development.callsessionstep", "pk": 118, "fields": {"time": "2020-04-27T09:11:39.528Z", "session": 15, "_visited_element": 9, "description": null}}, {"model": "service_development.callsessionstep", "pk": 119, "fields": {"time": "2020-04-27T09:13:20.261Z", "session": 15, "_visited_element": null, "description": "Language selected, English"}}, {"model": "service_development.callsessionstep", "pk": 120, "fields": {"time": "2020-04-27T09:13:20.487Z", "session": 15, "_visited_element": 9, "description": null}}, {"model": "service_development.callsessionstep", "pk": 121, "fields": {"time": "2020-04-27T09:13:32.108Z", "session": 15, "_visited_element": null, "description": "Language selected, English"}}, {"model": "service_development.callsessionstep", "pk": 122, "fields": {"time": "2020-04-27T09:13:32.362Z", "session": 15, "_visited_element": 9, "description": null}}, {"model": "service_development.callsessionstep", "pk": 123, "fields": {"time": "2020-04-27T09:14:45.770Z", "session": 15, "_visited_element": null, "description": "Language selected, English"}}, {"model": "service_development.callsessionstep", "pk": 124, "fields": {"time": "2020-04-27T09:14:45.939Z", "session": 15, "_visited_element": 9, "description": null}}, {"model": "service_development.callsessionstep", "pk": 125, "fields": {"time": "2020-04-27T09:24:50.116Z", "session": 15, "_visited_element": null, "description": "Language selected, English"}}, {"model": "service_development.callsessionstep", "pk": 126, "fields": {"time": "2020-04-27T09:24:50.283Z", "session": 15, "_visited_element": 9, "description": null}}, {"model": "service_development.callsessionstep", "pk": 127, "fields": {"time": "2020-04-27T09:25:40.597Z", "session": 15, "_visited_element": null, "description": "Language selected, English"}}, {"model": "service_development.callsessionstep", "pk": 128, "fields": {"time": "2020-04-27T09:25:40.771Z", "session": 15, "_visited_element": 9, "description": null}}, {"model": "service_development.callsessionstep", "pk": 129, "fields": {"time": "2020-04-27T09:30:11.300Z", "session": 15, "_visited_element": null, "description": "Language selected, English"}}, {"model": "service_development.callsessionstep", "pk": 130, "fields": {"time": "2020-04-27T09:30:11.498Z", "session": 15, "_visited_element": 9, "description": null}}, {"model": "service_development.callsessionstep", "pk": 131, "fields": {"time": "2020-04-27T09:30:43.104Z", "session": 15, "_visited_element": null, "description": "Language selected, English"}}, {"model": "service_development.callsessionstep", "pk": 132, "fields": {"time": "2020-04-27T09:30:43.377Z", "session": 15, "_visited_element": 9, "description": null}}, {"model": "service_development.callsessionstep", "pk": 133, "fields": {"time": "2020-04-27T09:30:51.247Z", "session": 15, "_visited_element": null, "description": "Language selected, English"}}, {"model": "service_development.callsessionstep", "pk": 134, "fields": {"time": "2020-04-27T09:30:51.507Z", "session": 15, "_visited_element": 9, "description": null}}, {"model": "service_development.callsessionstep", "pk": 135, "fields": {"time": "2020-04-27T09:35:56.770Z", "session": 15, "_visited_element": null, "description": "Language selected, English"}}, {"model": "service_development.callsessionstep", "pk": 136, "fields": {"time": "2020-04-27T09:35:56.927Z", "session": 15, "_visited_element": 9, "description": null}}, {"model": "service_development.callsessionstep", "pk": 137, "fields": {"time": "2020-04-27T09:40:07.452Z", "session": 15, "_visited_element": null, "description": "Language selected, English"}}, {"model": "service_development.callsessionstep", "pk": 138, "fields": {"time": "2020-04-27T09:40:07.705Z", "session": 15, "_visited_element": 9, "description": null}}, {"model": "service_development.callsessionstep", "pk": 139, "fields": {"time": "2020-04-27T09:40:50.541Z", "session": 15, "_visited_element": null, "description": "Language selected, English"}}, {"model": "service_development.callsessionstep", "pk": 140, "fields": {"time": "2020-04-27T09:40:50.704Z", "session": 15, "_visited_element": 9, "description": null}}, {"model": "service_development.callsessionstep", "pk": 141, "fields": {"time": "2020-04-27T09:41:23.484Z", "session": 15, "_visited_element": null, "description": "Language selected, English"}}, {"model": "service_development.callsessionstep", "pk": 142, "fields": {"time": "2020-04-27T09:41:27.635Z", "session": 15, "_visited_element": null, "description": "Language selected, English"}}, {"model": "service_development.callsessionstep", "pk": 143, "fields": {"time": "2020-04-27T09:41:27.831Z", "session": 15, "_visited_element": 9, "description": null}}, {"model": "service_development.callsessionstep", "pk": 144, "fields": {"time": "2020-04-27T09:42:07.596Z", "session": 15, "_visited_element": null, "description": "Language selected, English"}}, {"model": "service_development.callsessionstep", "pk": 145, "fields": {"time": "2020-04-27T09:42:07.802Z", "session": 15, "_visited_element": 9, "description": null}}, {"model": "service_development.callsessionstep", "pk": 146, "fields": {"time": "2020-04-27T09:42:25.555Z", "session": 15, "_visited_element": null, "description": "Language selected, English"}}, {"model": "service_development.callsessionstep", "pk": 147, "fields": {"time": "2020-04-27T09:42:25.821Z", "session": 15, "_visited_element": 9, "description": null}}, {"model": "service_development.callsessionstep", "pk": 148, "fields": {"time": "2020-04-27T09:43:22.183Z", "session": 15, "_visited_element": null, "description": "Language selected, English"}}, {"model": "service_development.callsessionstep", "pk": 149, "fields": {"time": "2020-04-27T09:43:22.359Z", "session": 15, "_visited_element": 9, "description": null}}, {"model": "service_development.callsessionstep", "pk": 150, "fields": {"time": "2020-04-27T09:43:36.161Z", "session": 15, "_visited_element": null, "description": "Language selected, English"}}, {"model": "service_development.callsessionstep", "pk": 151, "fields": {"time": "2020-04-27T09:43:36.383Z", "session": 15, "_visited_element": 9, "description": null}}, {"model": "service_development.callsessionstep", "pk": 152, "fields": {"time": "2020-04-27T09:44:15.262Z", "session": 15, "_visited_element": null, "description": "Language selected, English"}}, {"model": "service_development.callsessionstep", "pk": 153, "fields": {"time": "2020-04-27T09:44:15.500Z", "session": 15, "_visited_element": 9, "description": null}}, {"model": "service_development.callsessionstep", "pk": 154, "fields": {"time": "2020-04-27T09:45:27.996Z", "session": 15, "_visited_element": null, "description": "Language selected, English"}}, {"model": "service_development.callsessionstep", "pk": 155, "fields": {"time": "2020-04-27T09:45:28.183Z", "session": 15, "_visited_element": 9, "description": null}}, {"model": "service_development.callsessionstep", "pk": 156, "fields": {"time": "2020-04-27T09:46:02.639Z", "session": 15, "_visited_element": null, "description": "Language selected, English"}}, {"model": "service_development.callsessionstep", "pk": 157, "fields": {"time": "2020-04-27T09:46:02.828Z", "session": 15, "_visited_element": 9, "description": null}}, {"model": "service_development.callsessionstep", "pk": 158, "fields": {"time": "2020-04-27T09:56:22.478Z", "session": 15, "_visited_element": null, "description": "Language selected, English"}}, {"model": "service_development.callsessionstep", "pk": 159, "fields": {"time": "2020-04-27T09:56:22.720Z", "session": 15, "_visited_element": 9, "description": null}}, {"model": "service_development.callsessionstep", "pk": 160, "fields": {"time": "2020-04-27T10:05:42.490Z", "session": 15, "_visited_element": null, "description": "Language selected, English"}}, {"model": "service_development.callsessionstep", "pk": 161, "fields": {"time": "2020-04-27T10:05:42.676Z", "session": 15, "_visited_element": 9, "description": null}}, {"model": "service_development.callsessionstep", "pk": 162, "fields": {"time": "2020-04-27T10:48:45.115Z", "session": 15, "_visited_element": null, "description": "Language selected, English"}}, {"model": "service_development.callsessionstep", "pk": 163, "fields": {"time": "2020-04-27T10:48:45.328Z", "session": 15, "_visited_element": 9, "description": null}}, {"model": "service_development.callsessionstep", "pk": 164, "fields": {"time": "2020-04-27T10:55:20.633Z", "session": 15, "_visited_element": null, "description": "Language selected, English"}}, {"model": "service_development.callsessionstep", "pk": 165, "fields": {"time": "2020-04-27T10:55:20.837Z", "session": 15, "_visited_element": 9, "description": null}}, {"model": "service_development.callsessionstep", "pk": 166, "fields": {"time": "2020-04-27T10:55:32.121Z", "session": 15, "_visited_element": null, "description": "Language selected, English"}}, {"model": "service_development.callsessionstep", "pk": 167, "fields": {"time": "2020-04-27T10:55:32.286Z", "session": 15, "_visited_element": 9, "description": null}}, {"model": "service_development.callsessionstep", "pk": 168, "fields": {"time": "2020-04-27T10:57:43.409Z", "session": 15, "_visited_element": null, "description": "Language selected, English"}}, {"model": "service_development.callsessionstep", "pk": 169, "fields": {"time": "2020-04-27T10:57:43.581Z", "session": 15, "_visited_element": 9, "description": null}}, {"model": "service_development.callsessionstep", "pk": 170, "fields": {"time": "2020-04-27T10:58:20.677Z", "session": 15, "_visited_element": null, "description": "Language selected, English"}}, {"model": "service_development.callsessionstep", "pk": 171, "fields": {"time": "2020-04-27T10:58:20.833Z", "session": 15, "_visited_element": 9, "description": null}}, {"model": "service_development.callsessionstep", "pk": 172, "fields": {"time": "2020-04-27T10:58:24.941Z", "session": 15, "_visited_element": null, "description": "Language selected, English"}}, {"model": "service_development.callsessionstep", "pk": 173, "fields": {"time": "2020-04-27T10:58:25.161Z", "session": 15, "_visited_element": 9, "description": null}}, {"model": "service_development.callsessionstep", "pk": 174, "fields": {"time": "2020-04-27T10:59:32.359Z", "session": 15, "_visited_element": null, "description": "Language selected, English"}}, {"model": "service_development.callsessionstep", "pk": 175, "fields": {"time": "2020-04-27T10:59:32.555Z", "session": 15, "_visited_element": 9, "description": null}}, {"model": "service_development.callsessionstep", "pk": 176, "fields": {"time": "2020-04-27T11:00:13.828Z", "session": 15, "_visited_element": null, "description": "Language selected, English"}}, {"model": "service_development.callsessionstep", "pk": 177, "fields": {"time": "2020-04-27T11:00:14.080Z", "session": 15, "_visited_element": 9, "description": null}}, {"model": "service_development.callsessionstep", "pk": 178, "fields": {"time": "2020-04-27T11:00:17.541Z", "session": 15, "_visited_element": null, "description": "Language selected, English"}}, {"model": "service_development.callsessionstep", "pk": 179, "fields": {"time": "2020-04-27T11:00:17.684Z", "session": 15, "_visited_element": 9, "description": null}}, {"model": "service_development.callsessionstep", "pk": 180, "fields": {"time": "2020-04-27T11:00:36.245Z", "session": 15, "_visited_element": null, "description": "Language selected, English"}}, {"model": "service_development.callsessionstep", "pk": 181, "fields": {"time": "2020-04-27T11:00:36.480Z", "session": 15, "_visited_element": 9, "description": null}}, {"model": "service_development.callsessionstep", "pk": 182, "fields": {"time": "2020-04-27T11:04:28.337Z", "session": 15, "_visited_element": null, "description": "Language selected, English"}}, {"model": "service_development.callsessionstep", "pk": 183, "fields": {"time": "2020-04-27T11:04:28.512Z", "session": 15, "_visited_element": 9, "description": null}}, {"model": "service_development.callsessionstep", "pk": 184, "fields": {"time": "2020-04-27T11:05:39.584Z", "session": 15, "_visited_element": null, "description": "Language selected, English"}}, {"model": "service_development.callsessionstep", "pk": 185, "fields": {"time": "2020-04-27T11:05:39.879Z", "session": 15, "_visited_element": 9, "description": null}}, {"model": "service_development.callsessionstep", "pk": 186, "fields": {"time": "2020-04-27T11:21:21.450Z", "session": 15, "_visited_element": null, "description": "Language selected, English"}}, {"model": "service_development.callsessionstep", "pk": 187, "fields": {"time": "2020-04-27T11:21:21.699Z", "session": 15, "_visited_element": 9, "description": null}}, {"model": "service_development.callsessionstep", "pk": 188, "fields": {"time": "2020-04-27T11:28:51.329Z", "session": 15, "_visited_element": null, "description": "Language selected, English"}}, {"model": "service_development.callsessionstep", "pk": 189, "fields": {"time": "2020-04-27T11:28:51.546Z", "session": 15, "_visited_element": 9, "description": null}}, {"model": "service_development.callsessionstep", "pk": 190, "fields": {"time": "2020-04-27T11:49:37.407Z", "session": 15, "_visited_element": null, "description": "Language selected, English"}}, {"model": "service_development.callsessionstep", "pk": 191, "fields": {"time": "2020-04-27T11:49:37.666Z", "session": 15, "_visited_element": 9, "description": null}}, {"model": "service_development.callsessionstep", "pk": 192, "fields": {"time": "2020-04-27T11:52:53.235Z", "session": 15, "_visited_element": null, "description": "Language selected, English"}}, {"model": "service_development.callsessionstep", "pk": 193, "fields": {"time": "2020-04-27T11:52:53.459Z", "session": 15, "_visited_element": 9, "description": null}}, {"model": "service_development.callsessionstep", "pk": 194, "fields": {"time": "2020-04-27T12:45:08.730Z", "session": 15, "_visited_element": null, "description": "Language selected, English"}}, {"model": "service_development.callsessionstep", "pk": 195, "fields": {"time": "2020-04-27T12:46:21.531Z", "session": 15, "_visited_element": null, "description": "Language selected, English"}}, {"model": "service_development.callsessionstep", "pk": 196, "fields": {"time": "2020-04-27T12:46:48.904Z", "session": 15, "_visited_element": null, "description": "Language selected, English"}}, {"model": "service_development.callsessionstep", "pk": 197, "fields": {"time": "2020-04-27T12:46:49.082Z", "session": 15, "_visited_element": 9, "description": null}}, {"model": "service_development.callsessionstep", "pk": 198, "fields": {"time": "2020-04-27T12:52:57.141Z", "session": 15, "_visited_element": null, "description": "Language selected, English"}}, {"model": "service_development.callsessionstep", "pk": 199, "fields": {"time": "2020-04-27T12:52:57.413Z", "session": 15, "_visited_element": 9, "description": null}}, {"model": "service_development.callsessionstep", "pk": 200, "fields": {"time": "2020-04-27T12:53:55.065Z", "session": 15, "_visited_element": null, "description": "Language selected, English"}}, {"model": "service_development.callsessionstep", "pk": 201, "fields": {"time": "2020-04-27T12:53:55.275Z", "session": 15, "_visited_element": 9, "description": null}}, {"model": "service_development.callsessionstep", "pk": 202, "fields": {"time": "2020-04-27T12:55:19.612Z", "session": 15, "_visited_element": null, "description": "Language selected, English"}}, {"model": "service_development.callsessionstep", "pk": 203, "fields": {"time": "2020-04-27T12:55:19.817Z", "session": 15, "_visited_element": 9, "description": null}}, {"model": "service_development.callsessionstep", "pk": 204, "fields": {"time": "2020-04-27T13:02:24.776Z", "session": 15, "_visited_element": null, "description": "Language selected, English"}}, {"model": "service_development.callsessionstep", "pk": 205, "fields": {"time": "2020-04-27T13:02:25.027Z", "session": 15, "_visited_element": 9, "description": null}}, {"model": "service_development.callsessionstep", "pk": 206, "fields": {"time": "2020-04-27T13:02:38.709Z", "session": 15, "_visited_element": null, "description": "Language selected, English"}}, {"model": "service_development.callsessionstep", "pk": 207, "fields": {"time": "2020-04-27T13:02:38.906Z", "session": 15, "_visited_element": 9, "description": null}}, {"model": "service_development.callsessionstep", "pk": 208, "fields": {"time": "2020-04-27T13:04:03.699Z", "session": 15, "_visited_element": null, "description": "Language selected, English"}}, {"model": "service_development.callsessionstep", "pk": 209, "fields": {"time": "2020-04-27T13:04:03.960Z", "session": 15, "_visited_element": 9, "description": null}}, {"model": "service_development.callsessionstep", "pk": 210, "fields": {"time": "2020-04-27T18:08:38.122Z", "session": 15, "_visited_element": null, "description": "Language selected, English"}}, {"model": "service_development.callsessionstep", "pk": 211, "fields": {"time": "2020-04-27T18:08:38.263Z", "session": 15, "_visited_element": 9, "description": null}}, {"model": "service_development.callsessionstep", "pk": 212, "fields": {"time": "2020-04-27T18:13:30.920Z", "session": 15, "_visited_element": null, "description": "Language selected, English"}}, {"model": "service_development.callsessionstep", "pk": 213, "fields": {"time": "2020-04-27T18:13:31.087Z", "session": 15, "_visited_element": 9, "description": null}}, {"model": "service_development.choice", "pk": 2, "fields": {}}, {"model": "service_development.choiceoption", "pk": 3, "fields": {"parent": 2, "_redirect": 5}}, {"model": "service_development.choiceoption", "pk": 4, "fields": {"parent": 2, "_redirect": 7}}, {"model": "service_development.messagepresentation", "pk": 5, "fields": {"final_element": false, "_redirect": 6}}, {"model": "service_development.messagepresentation", "pk": 6, "fields": {"final_element": true, "_redirect": null}}, {"model": "service_development.messagepresentation", "pk": 7, "fields": {"final_element": false, "_redirect": 6}}, {"model": "service_development.messagepresentation", "pk": 9, "fields": {"final_element": true, "_redirect": null}}]