[{"model": "service_development.voicelabel", "pk": 1, "fields": {"name": "Dutch language", "description": "Nederlandse taal"}}, {"model": "service_development.voicelabel", "pk": 2, "fields": {"name": "General error message", "description": ""}}, {"model": "service_development.voicelabel", "pk": 3, "fields": {"name": "This is the truth", "description": ""}}, {"model": "service_development.voicelabel", "pk": 4, "fields": {"name": "English language", "description": ""}}, {"model": "service_development.voicelabel", "pk": 5, "fields": {"name": "Thank you for using this service", "description": ""}}, {"model": "service_development.voicelabel", "pk": 6, "fields": {"name": "Wow, it must be a really boring guy!", "description": ""}}, {"model": "service_development.voicelabel", "pk": 7, "fields": {"name": "French language", "description": ""}}, {"model": "service_development.voicelabel", "pk": 8, "fields": {"name": "Please select your language", "description": ""}}, {"model": "service_development.voicelabel", "pk": 9, "fields": {"name": "Pre Choice Option", "description": ""}}, {"model": "service_development.voicelabel", "pk": 10, "fields": {"name": "Post Choice Option", "description": ""}}, {"model": "service_development.voicelabel", "pk": 11, "fields": {"name": "One", "description": ""}}, {"model": "service_development.voicelabel", "pk": 12, "fields": {"name": "Two", "description": ""}}, {"model": "service_development.voicelabel", "pk": 13, "fields": {"name": "Three", "description": ""}}, {"model": "service_development.voicelabel", "pk": 14, "fields": {"name": "Four", "description": ""}}, {"model": "service_development.voicelabel", "pk": 15, "fields": {"name": "Five", "description": ""}}, {"model": "service_development.voicelabel", "pk": 16, "fields": {"name": "Six", "description": ""}}, {"model": "service_development.voicelabel", "pk": 17, "fields": {"name": "Seven", "description": ""}}, {"model": "service_development.voicelabel", "pk": 18, "fields": {"name": "Eight", "description": ""}}, {"model": "service_development.voicelabel", "pk": 19, "fields": {"name": "Nine", "description": ""}}, {"model": "service_development.voicelabel", "pk": 20, "fields": {"name": "Zero", "description": ""}}, {"model": "service_development.voicelabel", "pk": 21, "fields": {"name": "Yes", "description": ""}}, {"model": "service_development.voicelabel", "pk": 22, "fields": {"name": "No", "description": ""}}, {"model": "service_development.voicelabel", "pk": 23, "fields": {"name": "Does the king like to drink beer?", "description": ""}}, {"model": "service_development.voicelabel", "pk": 25, "fields": {"name": "Please speak your message", "description": ""}}, {"model": "service_development.voicelabel", "pk": 49, "fields": {"name": "Today", "description": "Weather today"}}, {"model": "service_development.voicelabel", "pk": 50, "fields": {"name": "Tomorrow", "description": "Weather tomorrow"}}, {"model": "service_development.voicelabel", "pk": 51, "fields": {"name": "Weather Welcome", "description": "Weather Welcome"}}, {"model": "service_development.voicelabel", "pk": 52, "fields": {"name": "Weather Normal Wind", "description": "Weather Normal Wind"}}, {"model": "service_development.voicelabel", "pk": 53, "fields": {"name": "Weather Rain 10", "description": "Weather Rain 10"}}, {"model": "service_development.voicelabel", "pk": 54, "fields": {"name": "Weather Rain 20", "description": "Weather Rain 20"}}, {"model": "service_development.voicelabel", "pk": 55, "fields": {"name": "Weather Rain 5", "description": "Weather Rain 5"}}, {"model": "service_development.voicelabel", "pk": 56, "fields": {"name": "Weather Rain 15", "description": "Weather Rain 15"}}, {"model": "service_development.voicelabel", "pk": 57, "fields": {"name": "Weather Rain 25", "description": "Weather Rain 25"}}, {"model": "service_development.voicelabel", "pk": 58, "fields": {"name": "Weather Rain 30", "description": "Weather Rain 30"}}, {"model": "service_development.voicelabel", "pk": 59, "fields": {"name": "Weather Rain 35", "description": "Weather Rain 35"}}, {"model": "service_development.voicelabel", "pk": 60, "fields": {"name": "Weather Strong Wind", "description": "Weather Strong Wind"}}, {"model": "service_development.language", "pk": 1, "fields": {"name": "Nederlands", "code": "nl", "voice_label": 1, "error_message": 2, "select_language": 8, "pre_choice_option": 9, "post_choice_option": 10, "one": 11, "two": 12, "three": 13, "four": 14, "five": 15, "six": 16, "seven": 17, "eight": 18, "nine": 19, "zero": 20}}, {"model": "service_development.language", "pk": 2, "fields": {"name": "English", "code": "en", "voice_label": 4, "error_message": 2, "select_language": 8, "pre_choice_option": 9, "post_choice_option": 10, "one": 11, "two": 12, "three": 13, "four": 14, "five": 15, "six": 16, "seven": 17, "eight": 18, "nine": 19, "zero": 20}}, {"model": "service_development.language", "pk": 3, "fields": {"name": "Francais", "code": "fr", "voice_label": 7, "error_message": 2, "select_language": 8, "pre_choice_option": 9, "post_choice_option": 10, "one": 11, "two": 12, "three": 13, "four": 14, "five": 15, "six": 16, "seven": 17, "eight": 18, "nine": 19, "zero": 20}}, {"model": "service_development.voicefragment", "pk": 1, "fields": {"parent": 6, "language": 2, "audio": "boring_guy_en.wav"}}, {"model": "service_development.voicefragment", "pk": 2, "fields": {"parent": 6, "language": 1, "audio": "boring_guy_nl.wav"}}, {"model": "service_development.voicefragment", "pk": 6, "fields": {"parent": 22, "language": 1, "audio": "no_nl.wav"}}, {"model": "service_development.voicefragment", "pk": 7, "fields": {"parent": 22, "language": 2, "audio": "no_en.wav"}}, {"model": "service_development.voicefragment", "pk": 8, "fields": {"parent": 22, "language": 3, "audio": "no_fr.wav"}}, {"model": "service_development.voicefragment", "pk": 9, "fields": {"parent": 21, "language": 1, "audio": "yes_nl.wav"}}, {"model": "service_development.voicefragment", "pk": 10, "fields": {"parent": 21, "language": 2, "audio": "yes_en.wav"}}, {"model": "service_development.voicefragment", "pk": 11, "fields": {"parent": 21, "language": 3, "audio": "yes_fr.wav"}}, {"model": "service_development.voicefragment", "pk": 12, "fields": {"parent": 20, "language": 1, "audio": "0_nl.wav"}}, {"model": "service_development.voicefragment", "pk": 13, "fields": {"parent": 20, "language": 2, "audio": "0_en.wav"}}, {"model": "service_development.voicefragment", "pk": 14, "fields": {"parent": 20, "language": 3, "audio": "0_fr.wav"}}, {"model": "service_development.voicefragment", "pk": 15, "fields": {"parent": 19, "language": 1, "audio": "9_nl.wav"}}, {"model": "service_development.voicefragment", "pk": 16, "fields": {"parent": 19, "language": 2, "audio": "9_en.wav"}}, {"model": "service_development.voicefragment", "pk": 17, "fields": {"parent": 19, "language": 3, "audio": "9_fr.wav"}}, {"model": "service_development.voicefragment", "pk": 18, "fields": {"parent": 18, "language": 1, "audio": "8_nl.wav"}}, {"model": "service_development.voicefragment", "pk": 19, "fields": {"parent": 18, "language": 2, "audio": "8_en.wav"}}, {"model": "service_development.voicefragment", "pk": 20, "fields": {"parent": 18, "language": 3, "audio": "8_fr.wav"}}, {"model": "service_development.voicefragment", "pk": 21, "fields": {"parent": 17, "language": 1, "audio": "7_nl.wav"}}, {"model": "service_development.voicefragment", "pk": 22, "fields": {"parent": 17, "language": 2, "audio": "7_en.wav"}}, {"model": "service_development.voicefragment", "pk": 23, "fields": {"parent": 17, "language": 3, "audio": "7_fr.wav"}}, {"model": "service_development.voicefragment", "pk": 24, "fields": {"parent": 16, "language": 1, "audio": "6_nl.wav"}}, {"model": "service_development.voicefragment", "pk": 25, "fields": {"parent": 16, "language": 2, "audio": "6_en.wav"}}, {"model": "service_development.voicefragment", "pk": 26, "fields": {"parent": 16, "language": 3, "audio": "6_fr.wav"}}, {"model": "service_development.voicefragment", "pk": 27, "fields": {"parent": 15, "language": 1, "audio": "5_nl.wav"}}, {"model": "service_development.voicefragment", "pk": 28, "fields": {"parent": 15, "language": 2, "audio": "5_en.wav"}}, {"model": "service_development.voicefragment", "pk": 29, "fields": {"parent": 15, "language": 3, "audio": "5_fr.wav"}}, {"model": "service_development.voicefragment", "pk": 30, "fields": {"parent": 14, "language": 1, "audio": "4_nl.wav"}}, {"model": "service_development.voicefragment", "pk": 31, "fields": {"parent": 14, "language": 3, "audio": "4_fr.wav"}}, {"model": "service_development.voicefragment", "pk": 32, "fields": {"parent": 14, "language": 2, "audio": "4_en.wav"}}, {"model": "service_development.voicefragment", "pk": 33, "fields": {"parent": 13, "language": 1, "audio": "3_nl.wav"}}, {"model": "service_development.voicefragment", "pk": 34, "fields": {"parent": 13, "language": 2, "audio": "3_en.wav"}}, {"model": "service_development.voicefragment", "pk": 35, "fields": {"parent": 13, "language": 3, "audio": "3_fr.wav"}}, {"model": "service_development.voicefragment", "pk": 36, "fields": {"parent": 12, "language": 1, "audio": "2_nl.wav"}}, {"model": "service_development.voicefragment", "pk": 37, "fields": {"parent": 12, "language": 2, "audio": "2_en.wav"}}, {"model": "service_development.voicefragment", "pk": 38, "fields": {"parent": 12, "language": 3, "audio": "2_fr.wav"}}, {"model": "service_development.voicefragment", "pk": 39, "fields": {"parent": 11, "language": 1, "audio": "1_nl.wav"}}, {"model": "service_development.voicefragment", "pk": 40, "fields": {"parent": 11, "language": 2, "audio": "1_en.wav"}}, {"model": "service_development.voicefragment", "pk": 41, "fields": {"parent": 11, "language": 3, "audio": "1_fr.wav"}}, {"model": "service_development.voicefragment", "pk": 42, "fields": {"parent": 10, "language": 1, "audio": "post_choice_option_nl.wav"}}, {"model": "service_development.voicefragment", "pk": 43, "fields": {"parent": 10, "language": 2, "audio": "post_choice_option_en.wav"}}, {"model": "service_development.voicefragment", "pk": 44, "fields": {"parent": 10, "language": 3, "audio": "post_choice_option_fr.wav"}}, {"model": "service_development.voicefragment", "pk": 45, "fields": {"parent": 9, "language": 1, "audio": "pre_choice_option_nl.wav"}}, {"model": "service_development.voicefragment", "pk": 46, "fields": {"parent": 9, "language": 2, "audio": "pre_choice_option_en.wav"}}, {"model": "service_development.voicefragment", "pk": 47, "fields": {"parent": 9, "language": 3, "audio": "pre_choice_option_fr.wav"}}, {"model": "service_development.voicefragment", "pk": 48, "fields": {"parent": 8, "language": 1, "audio": "select_language_nl.wav"}}, {"model": "service_development.voicefragment", "pk": 49, "fields": {"parent": 8, "language": 2, "audio": "select_language_en.wav"}}, {"model": "service_development.voicefragment", "pk": 50, "fields": {"parent": 8, "language": 3, "audio": "select_language_fr.wav"}}, {"model": "service_development.voicefragment", "pk": 51, "fields": {"parent": 7, "language": 1, "audio": "french_nl.wav"}}, {"model": "service_development.voicefragment", "pk": 52, "fields": {"parent": 7, "language": 2, "audio": "french_en.wav"}}, {"model": "service_development.voicefragment", "pk": 53, "fields": {"parent": 7, "language": 3, "audio": "french_fr.wav"}}, {"model": "service_development.voicefragment", "pk": 54, "fields": {"parent": 6, "language": 3, "audio": "boring_guy_fr.wav"}}, {"model": "service_development.voicefragment", "pk": 55, "fields": {"parent": 5, "language": 1, "audio": "thank_you_for_using_nl.wav"}}, {"model": "service_development.voicefragment", "pk": 56, "fields": {"parent": 5, "language": 2, "audio": "thank_you_for_using_en.wav"}}, {"model": "service_development.voicefragment", "pk": 57, "fields": {"parent": 5, "language": 3, "audio": "thank_you_for_using_fr.wav"}}, {"model": "service_development.voicefragment", "pk": 58, "fields": {"parent": 4, "language": 1, "audio": "english_nl.wav"}}, {"model": "service_development.voicefragment", "pk": 59, "fields": {"parent": 4, "language": 2, "audio": "english_en.wav"}}, {"model": "service_development.voicefragment", "pk": 60, "fields": {"parent": 4, "language": 3, "audio": "english_fr.wav"}}, {"model": "service_development.voicefragment", "pk": 61, "fields": {"parent": 3, "language": 1, "audio": "truth_nl.wav"}}, {"model": "service_development.voicefragment", "pk": 62, "fields": {"parent": 3, "language": 2, "audio": "truth_en.wav"}}, {"model": "service_development.voicefragment", "pk": 63, "fields": {"parent": 3, "language": 3, "audio": "truth_fr.wav"}}, {"model": "service_development.voicefragment", "pk": 64, "fields": {"parent": 2, "language": 1, "audio": "error_nl.wav"}}, {"model": "service_development.voicefragment", "pk": 65, "fields": {"parent": 2, "language": 2, "audio": "error_en.wav"}}, {"model": "service_development.voicefragment", "pk": 66, "fields": {"parent": 2, "language": 3, "audio": "error_fr.wav"}}, {"model": "service_development.voicefragment", "pk": 67, "fields": {"parent": 1, "language": 1, "audio": "dutch_nl.wav"}}, {"model": "service_development.voicefragment", "pk": 68, "fields": {"parent": 1, "language": 2, "audio": "dutch_en.wav"}}, {"model": "service_development.voicefragment", "pk": 69, "fields": {"parent": 1, "language": 3, "audio": "dutch_fr.wav"}}, {"model": "service_development.voicefragment", "pk": 70, "fields": {"parent": 23, "language": 1, "audio": "king_question_nl.wav"}}, {"model": "service_development.voicefragment", "pk": 71, "fields": {"parent": 23, "language": 2, "audio": "king_question_en.wav"}}, {"model": "service_development.voicefragment", "pk": 72, "fields": {"parent": 23, "language": 3, "audio": "king_question_fr.wav"}}, {"model": "service_development.voicefragment", "pk": 74, "fields": {"parent": 25, "language": 3, "audio": "speakYourMessage.wav"}}, {"model": "service_development.voicefragment", "pk": 121, "fields": {"parent": 49, "language": 2, "audio": "en_weather_today_G2KCwmD.wav"}}, {"model": "service_development.voicefragment", "pk": 122, "fields": {"parent": 49, "language": 3, "audio": "fr_weather_today_6DfJp96.wav"}}, {"model": "service_development.voicefragment", "pk": 123, "fields": {"parent": 50, "language": 2, "audio": "en_weather_tomorrow_NkT1IhX.wav"}}, {"model": "service_development.voicefragment", "pk": 124, "fields": {"parent": 50, "language": 3, "audio": "fr_weather_tomorrow_5rtZ6vd.wav"}}, {"model": "service_development.voicefragment", "pk": 125, "fields": {"parent": 51, "language": 2, "audio": "en_weather_welcome_FdHwYYf.wav"}}, {"model": "service_development.voicefragment", "pk": 126, "fields": {"parent": 51, "language": 3, "audio": "fr_weather_welcome_D3tCMFo.wav"}}, {"model": "service_development.voicefragment", "pk": 127, "fields": {"parent": 52, "language": 2, "audio": "en_weather_normal_wind_4mXSMsk.wav"}}, {"model": "service_development.voicefragment", "pk": 128, "fields": {"parent": 52, "language": 3, "audio": "fr_weather_normal_wind_ZVz7c8d.wav"}}, {"model": "service_development.voicefragment", "pk": 129, "fields": {"parent": 53, "language": 2, "audio": "en_weather_rain_10_xdFSeD3.wav"}}, {"model": "service_development.voicefragment", "pk": 130, "fields": {"parent": 53, "language": 3, "audio": "fr_weather_rain_10_Hzle1BK.wav"}}, {"model": "service_development.voicefragment", "pk": 131, "fields": {"parent": 54, "language": 2, "audio": "en_weather_rain_20_m6r9kFE.wav"}}, {"model": "service_development.voicefragment", "pk": 132, "fields": {"parent": 54, "language": 3, "audio": "fr_weather_rain_20_CquA462.wav"}}, {"model": "service_development.voicefragment", "pk": 133, "fields": {"parent": 55, "language": 2, "audio": "en_weather_rain_5_le0N2EK.wav"}}, {"model": "service_development.voicefragment", "pk": 134, "fields": {"parent": 55, "language": 3, "audio": "fr_weather_rain_5_UYlWflb.wav"}}, {"model": "service_development.voicefragment", "pk": 135, "fields": {"parent": 56, "language": 2, "audio": "en_weather_rain_15_H3cLtrj.wav"}}, {"model": "service_development.voicefragment", "pk": 136, "fields": {"parent": 56, "language": 3, "audio": "fr_weather_rain_15_vR0nYWP.wav"}}, {"model": "service_development.voicefragment", "pk": 137, "fields": {"parent": 57, "language": 2, "audio": "en_weather_rain_25_BNfTiep.wav"}}, {"model": "service_development.voicefragment", "pk": 138, "fields": {"parent": 57, "language": 3, "audio": "fr_weather_rain_25_pjPcTj9.wav"}}, {"model": "service_development.voicefragment", "pk": 139, "fields": {"parent": 58, "language": 2, "audio": "en_weather_rain_30_NX09pWS.wav"}}, {"model": "service_development.voicefragment", "pk": 140, "fields": {"parent": 58, "language": 3, "audio": "fr_weather_rain_30_CaEo372.wav"}}, {"model": "service_development.voicefragment", "pk": 141, "fields": {"parent": 59, "language": 2, "audio": "en_weather_rain_35_TNuWARq.wav"}}, {"model": "service_development.voicefragment", "pk": 142, "fields": {"parent": 59, "language": 3, "audio": "fr_weather_rain_35_3ZNMWk5.wav"}}, {"model": "service_development.voicefragment", "pk": 143, "fields": {"parent": 60, "language": 2, "audio": "en_weather_strong_wind_yK2Yomw.wav"}}, {"model": "service_development.voicefragment", "pk": 144, "fields": {"parent": 60, "language": 3, "audio": "fr_weather_strong_wind_ET8B4Dv.wav"}}, {"model": "service_development.voiceservicesubelement", "pk": 2, "fields": {"service": 1, "creation_date": "2017-04-23T19:30:23.792Z", "modification_date": "2018-02-16T16:42:26.402Z", "name": "Does the king like to drink beer?", "is_forecast": false, "day_index": null, "description": "", "voice_label": 23}}, {"model": "service_development.voiceservicesubelement", "pk": 3, "fields": {"service": 1, "creation_date": "2017-04-23T19:32:07.853Z", "modification_date": "2018-01-25T14:35:48.977Z", "name": "Yes", "is_forecast": false, "day_index": null, "description": "King <3's BEER", "voice_label": 21}}, {"model": "service_development.voiceservicesubelement", "pk": 4, "fields": {"service": 1, "creation_date": "2017-04-23T19:32:07.854Z", "modification_date": "2018-02-16T16:42:26.405Z", "name": "No", "is_forecast": false, "day_index": null, "description": "", "voice_label": 22}}, {"model": "service_development.voiceservicesubelement", "pk": 5, "fields": {"service": 1, "creation_date": "2017-04-23T19:49:50.055Z", "modification_date": "2018-02-16T16:42:51.484Z", "name": "This is the truth", "is_forecast": false, "day_index": null, "description": "", "voice_label": 3}}, {"model": "service_development.voiceservicesubelement", "pk": 6, "fields": {"service": 1, "creation_date": "2017-04-23T21:11:06.805Z", "modification_date": "2017-04-23T21:33:29.853Z", "name": "Thank you for using this service", "is_forecast": false, "day_index": null, "description": "", "voice_label": 5}}, {"model": "service_development.voiceservicesubelement", "pk": 7, "fields": {"service": 1, "creation_date": "2017-04-23T21:36:55.756Z", "modification_date": "2017-04-23T21:36:55.756Z", "name": "King is boring", "is_forecast": false, "day_index": null, "description": "", "voice_label": 6}}, {"model": "service_development.voiceservicesubelement", "pk": 10, "fields": {"service": 5, "creation_date": "2020-05-10T07:16:26.198Z", "modification_date": "2020-05-10T09:04:19.843Z", "name": "Weather Welcome", "is_forecast": false, "day_index": null, "description": "Weather Welcome", "voice_label": 51}}, {"model": "service_development.voiceservicesubelement", "pk": 11, "fields": {"service": 5, "creation_date": "2020-05-10T07:16:49.138Z", "modification_date": "2020-05-10T09:04:45.052Z", "name": "Weather Message Today", "is_forecast": true, "day_index": 0, "description": "Weather Message Today", "voice_label": 49}}, {"model": "service_development.voiceservicesubelement", "pk": 12, "fields": {"service": 5, "creation_date": "2020-05-10T07:17:12.313Z", "modification_date": "2020-05-10T09:04:49.690Z", "name": "Weather Message Tomorrow", "is_forecast": true, "day_index": 1, "description": "Weather Tomorrow", "voice_label": 50}}, {"model": "service_development.voiceserviceelement", "pk": 2, "fields": {}}, {"model": "service_development.voiceserviceelement", "pk": 5, "fields": {}}, {"model": "service_development.voiceserviceelement", "pk": 6, "fields": {}}, {"model": "service_development.voiceserviceelement", "pk": 7, "fields": {}}, {"model": "service_development.voiceserviceelement", "pk": 10, "fields": {}}, {"model": "service_development.voiceserviceelement", "pk": 11, "fields": {}}, {"model": "service_development.voiceserviceelement", "pk": 12, "fields": {}}, {"model": "service_development.weathermanager", "pk": 1, "fields": {"service": 5, "creation_date": "2020-05-10T07:41:05.323Z", "modification_date": "2020-05-10T07:48:50.960Z", "name": "Weather Manager", "wind_threshold": 40, "voice_label_wind_normal": 52, "voice_label_wind_strong": 60, "voice_label_rain_0": 55, "voice_label_rain_0_to_5": 55, "voice_label_rain_5": 55, "voice_label_rain_10": 53, "voice_label_rain_15": 56, "voice_label_rain_20": 54, "voice_label_rain_25": 57, "voice_label_rain_30": 58, "voice_label_rain_35": 59}}, {"model": "service_development.voiceservice", "pk": 1, "fields": {"name": "King's truth checker", "description": "Checks the user's knowledge about the king of the Netherlands", "creation_date": "2017-04-23T19:23:52.392Z", "modification_date": "2018-02-16T09:58:43.936Z", "active": false, "_start_element": 2, "registration": "preferred", "registration_language": true, "registration_name": false, "weather_manager": null, "supported_languages": [1, 2, 3]}}, {"model": "service_development.voiceservice", "pk": 5, "fields": {"name": "Weather Forecast Service", "description": "Weather Forecast Service", "creation_date": "2020-05-10T07:15:13.270Z", "modification_date": "2020-05-10T09:04:32.707Z", "active": true, "_start_element": 10, "registration": "preferred", "registration_language": true, "registration_name": false, "weather_manager": 1, "supported_languages": [2, 3]}}, {"model": "service_development.kasadakauser", "pk": 1, "fields": {"caller_id": "456", "first_name": "Henk", "last_name": "Ernia", "creation_date": "2018-02-02T11:10:27.670Z", "modification_date": "2018-02-12T14:44:24.019Z", "language": 1, "service": 1}}, {"model": "service_development.callsession", "pk": 17, "fields": {"start": "2020-05-10T07:59:27.708Z", "end": "2020-05-10T08:00:16.488Z", "user": null, "caller_id": null, "service": 5, "_language": 2}}, {"model": "service_development.callsession", "pk": 18, "fields": {"start": "2020-05-10T08:02:46.564Z", "end": "2020-05-10T09:10:31.260Z", "user": null, "caller_id": null, "service": 5, "_language": 2}}, {"model": "service_development.callsession", "pk": 19, "fields": {"start": "2020-05-10T09:10:15.087Z", "end": "2020-05-10T09:10:23.064Z", "user": null, "caller_id": null, "service": 5, "_language": 2}}, {"model": "service_development.callsessionstep", "pk": 216, "fields": {"time": "2020-05-10T08:00:06.038Z", "session": 17, "_visited_element": null, "description": "Language selected, Francais"}}, {"model": "service_development.callsessionstep", "pk": 217, "fields": {"time": "2020-05-10T08:00:16.493Z", "session": 17, "_visited_element": null, "description": "Language selected, English"}}, {"model": "service_development.callsessionstep", "pk": 218, "fields": {"time": "2020-05-10T08:03:12.212Z", "session": 18, "_visited_element": null, "description": "Language selected, English"}}, {"model": "service_development.callsessionstep", "pk": 219, "fields": {"time": "2020-05-10T08:19:05.018Z", "session": 18, "_visited_element": null, "description": "Language selected, English"}}, {"model": "service_development.callsessionstep", "pk": 220, "fields": {"time": "2020-05-10T08:19:56.267Z", "session": 18, "_visited_element": null, "description": "Language selected, English"}}, {"model": "service_development.callsessionstep", "pk": 221, "fields": {"time": "2020-05-10T08:24:36.999Z", "session": 18, "_visited_element": null, "description": "Language selected, English"}}, {"model": "service_development.callsessionstep", "pk": 222, "fields": {"time": "2020-05-10T08:24:59.724Z", "session": 18, "_visited_element": null, "description": "Language selected, English"}}, {"model": "service_development.callsessionstep", "pk": 223, "fields": {"time": "2020-05-10T08:25:16.332Z", "session": 18, "_visited_element": null, "description": "Language selected, English"}}, {"model": "service_development.callsessionstep", "pk": 224, "fields": {"time": "2020-05-10T08:25:28.187Z", "session": 18, "_visited_element": null, "description": "Language selected, English"}}, {"model": "service_development.callsessionstep", "pk": 225, "fields": {"time": "2020-05-10T08:25:28.299Z", "session": 18, "_visited_element": 10, "description": null}}, {"model": "service_development.callsessionstep", "pk": 226, "fields": {"time": "2020-05-10T08:26:40.756Z", "session": 18, "_visited_element": null, "description": "Language selected, English"}}, {"model": "service_development.callsessionstep", "pk": 227, "fields": {"time": "2020-05-10T08:26:40.863Z", "session": 18, "_visited_element": 10, "description": null}}, {"model": "service_development.callsessionstep", "pk": 228, "fields": {"time": "2020-05-10T08:27:43.531Z", "session": 18, "_visited_element": null, "description": "Language selected, English"}}, {"model": "service_development.callsessionstep", "pk": 229, "fields": {"time": "2020-05-10T08:27:43.634Z", "session": 18, "_visited_element": 10, "description": null}}, {"model": "service_development.callsessionstep", "pk": 230, "fields": {"time": "2020-05-10T09:00:24.464Z", "session": 18, "_visited_element": null, "description": "Language selected, English"}}, {"model": "service_development.callsessionstep", "pk": 231, "fields": {"time": "2020-05-10T09:00:24.603Z", "session": 18, "_visited_element": 10, "description": null}}, {"model": "service_development.callsessionstep", "pk": 232, "fields": {"time": "2020-05-10T09:01:06.942Z", "session": 18, "_visited_element": null, "description": "Language selected, English"}}, {"model": "service_development.callsessionstep", "pk": 233, "fields": {"time": "2020-05-10T09:01:07.346Z", "session": 18, "_visited_element": 10, "description": null}}, {"model": "service_development.callsessionstep", "pk": 234, "fields": {"time": "2020-05-10T09:02:03.396Z", "session": 18, "_visited_element": null, "description": "Language selected, English"}}, {"model": "service_development.callsessionstep", "pk": 235, "fields": {"time": "2020-05-10T09:02:03.496Z", "session": 18, "_visited_element": 10, "description": null}}, {"model": "service_development.callsessionstep", "pk": 236, "fields": {"time": "2020-05-10T09:04:55.066Z", "session": 18, "_visited_element": null, "description": "Language selected, English"}}, {"model": "service_development.callsessionstep", "pk": 237, "fields": {"time": "2020-05-10T09:04:55.277Z", "session": 18, "_visited_element": 10, "description": null}}, {"model": "service_development.callsessionstep", "pk": 238, "fields": {"time": "2020-05-10T09:05:21.875Z", "session": 18, "_visited_element": null, "description": "Language selected, English"}}, {"model": "service_development.callsessionstep", "pk": 239, "fields": {"time": "2020-05-10T09:05:22.038Z", "session": 18, "_visited_element": 10, "description": null}}, {"model": "service_development.callsessionstep", "pk": 240, "fields": {"time": "2020-05-10T09:06:24.738Z", "session": 18, "_visited_element": 11, "description": null}}, {"model": "service_development.callsessionstep", "pk": 241, "fields": {"time": "2020-05-10T09:06:49.316Z", "session": 18, "_visited_element": 12, "description": null}}, {"model": "service_development.callsessionstep", "pk": 242, "fields": {"time": "2020-05-10T09:10:23.068Z", "session": 19, "_visited_element": null, "description": "Language selected, English"}}, {"model": "service_development.callsessionstep", "pk": 243, "fields": {"time": "2020-05-10T09:10:23.366Z", "session": 18, "_visited_element": 10, "description": null}}, {"model": "service_development.callsessionstep", "pk": 244, "fields": {"time": "2020-05-10T09:10:28.192Z", "session": 18, "_visited_element": 11, "description": null}}, {"model": "service_development.callsessionstep", "pk": 245, "fields": {"time": "2020-05-10T09:10:31.265Z", "session": 18, "_visited_element": 12, "description": null}}, {"model": "service_development.choice", "pk": 2, "fields": {}}, {"model": "service_development.choiceoption", "pk": 3, "fields": {"parent": 2, "_redirect": 5}}, {"model": "service_development.choiceoption", "pk": 4, "fields": {"parent": 2, "_redirect": 7}}, {"model": "service_development.messagepresentation", "pk": 5, "fields": {"final_element": false, "_redirect": 6}}, {"model": "service_development.messagepresentation", "pk": 6, "fields": {"final_element": true, "_redirect": null}}, {"model": "service_development.messagepresentation", "pk": 7, "fields": {"final_element": false, "_redirect": 6}}, {"model": "service_development.messagepresentation", "pk": 10, "fields": {"final_element": false, "_redirect": 11}}, {"model": "service_development.messagepresentation", "pk": 11, "fields": {"final_element": false, "_redirect": 12}}, {"model": "service_development.messagepresentation", "pk": 12, "fields": {"final_element": true, "_redirect": null}}, {"model": "contenttypes.contenttype", "pk": 24, "fields": {"app_label": "service_development", "model": "voicelabel"}}, {"model": "contenttypes.contenttype", "pk": 25, "fields": {"app_label": "service_development", "model": "language"}}, {"model": "contenttypes.contenttype", "pk": 26, "fields": {"app_label": "service_development", "model": "voicefragment"}}, {"model": "contenttypes.contenttype", "pk": 27, "fields": {"app_label": "service_development", "model": "weathermanager"}}, {"model": "contenttypes.contenttype", "pk": 28, "fields": {"app_label": "service_development", "model": "voiceservicesubelement"}}, {"model": "contenttypes.contenttype", "pk": 29, "fields": {"app_label": "service_development", "model": "voiceserviceelement"}}, {"model": "contenttypes.contenttype", "pk": 30, "fields": {"app_label": "service_development", "model": "voiceservice"}}, {"model": "contenttypes.contenttype", "pk": 31, "fields": {"app_label": "service_development", "model": "kasadakauser"}}, {"model": "contenttypes.contenttype", "pk": 32, "fields": {"app_label": "service_development", "model": "callsession"}}, {"model": "contenttypes.contenttype", "pk": 33, "fields": {"app_label": "service_development", "model": "callsessionstep"}}, {"model": "contenttypes.contenttype", "pk": 34, "fields": {"app_label": "service_development", "model": "choice"}}, {"model": "contenttypes.contenttype", "pk": 35, "fields": {"app_label": "service_development", "model": "choiceoption"}}, {"model": "contenttypes.contenttype", "pk": 36, "fields": {"app_label": "service_development", "model": "messagepresentation"}}, {"model": "contenttypes.contenttype", "pk": 37, "fields": {"app_label": "service_development", "model": "userinputcategory"}}, {"model": "contenttypes.contenttype", "pk": 38, "fields": {"app_label": "service_development", "model": "spokenuserinput"}}, {"model": "contenttypes.contenttype", "pk": 39, "fields": {"app_label": "service_development", "model": "record"}}, {"model": "contenttypes.contenttype", "pk": 40, "fields": {"app_label": "admin", "model": "logentry"}}, {"model": "contenttypes.contenttype", "pk": 41, "fields": {"app_label": "auth", "model": "permission"}}, {"model": "contenttypes.contenttype", "pk": 42, "fields": {"app_label": "auth", "model": "group"}}, {"model": "contenttypes.contenttype", "pk": 43, "fields": {"app_label": "auth", "model": "user"}}, {"model": "contenttypes.contenttype", "pk": 44, "fields": {"app_label": "contenttypes", "model": "contenttype"}}, {"model": "contenttypes.contenttype", "pk": 45, "fields": {"app_label": "sessions", "model": "session"}}, {"model": "sessions.session", "pk": "4s5a6e973xcekair2o26ephkygt0ovaq", "fields": {"session_data": "NmIwODcwMjgzZDczY2M1ODZhZDkzNjE3YTJjMDk2NTNmNzZlYWQ3Mzp7Il9hdXRoX3VzZXJfaWQiOiIyIiwiX2F1dGhfdXNlcl9iYWNrZW5kIjoiZGphbmdvLmNvbnRyaWIuYXV0aC5iYWNrZW5kcy5Nb2RlbEJhY2tlbmQiLCJfYXV0aF91c2VyX2hhc2giOiIxYzNkODM1YTI0YjJmYmVhOTk1NmZmNGY5MTgxMzM5YWRhYWM1MTBjIn0=", "expire_date": "2020-05-24T07:06:48.533Z"}}, {"model": "auth.permission", "pk": 93, "fields": {"name": "Can add Voice Label", "content_type": 24, "codename": "add_voicelabel"}}, {"model": "auth.permission", "pk": 94, "fields": {"name": "Can change Voice Label", "content_type": 24, "codename": "change_voicelabel"}}, {"model": "auth.permission", "pk": 95, "fields": {"name": "Can delete Voice Label", "content_type": 24, "codename": "delete_voicelabel"}}, {"model": "auth.permission", "pk": 96, "fields": {"name": "Can view Voice Label", "content_type": 24, "codename": "view_voicelabel"}}, {"model": "auth.permission", "pk": 97, "fields": {"name": "Can add Language", "content_type": 25, "codename": "add_language"}}, {"model": "auth.permission", "pk": 98, "fields": {"name": "Can change Language", "content_type": 25, "codename": "change_language"}}, {"model": "auth.permission", "pk": 99, "fields": {"name": "Can delete Language", "content_type": 25, "codename": "delete_language"}}, {"model": "auth.permission", "pk": 100, "fields": {"name": "Can view Language", "content_type": 25, "codename": "view_language"}}, {"model": "auth.permission", "pk": 101, "fields": {"name": "Can add Voice Fragment", "content_type": 26, "codename": "add_voicefragment"}}, {"model": "auth.permission", "pk": 102, "fields": {"name": "Can change Voice Fragment", "content_type": 26, "codename": "change_voicefragment"}}, {"model": "auth.permission", "pk": 103, "fields": {"name": "Can delete Voice Fragment", "content_type": 26, "codename": "delete_voicefragment"}}, {"model": "auth.permission", "pk": 104, "fields": {"name": "Can view Voice Fragment", "content_type": 26, "codename": "view_voicefragment"}}, {"model": "auth.permission", "pk": 105, "fields": {"name": "Can add Voice Service Weather Manager", "content_type": 27, "codename": "add_weathermanager"}}, {"model": "auth.permission", "pk": 106, "fields": {"name": "Can change Voice Service Weather Manager", "content_type": 27, "codename": "change_weathermanager"}}, {"model": "auth.permission", "pk": 107, "fields": {"name": "Can delete Voice Service Weather Manager", "content_type": 27, "codename": "delete_weathermanager"}}, {"model": "auth.permission", "pk": 108, "fields": {"name": "Can view Voice Service Weather Manager", "content_type": 27, "codename": "view_weathermanager"}}, {"model": "auth.permission", "pk": 109, "fields": {"name": "Can add Voice Service Sub-Element", "content_type": 28, "codename": "add_voiceservicesubelement"}}, {"model": "auth.permission", "pk": 110, "fields": {"name": "Can change Voice Service Sub-Element", "content_type": 28, "codename": "change_voiceservicesubelement"}}, {"model": "auth.permission", "pk": 111, "fields": {"name": "Can delete Voice Service Sub-Element", "content_type": 28, "codename": "delete_voiceservicesubelement"}}, {"model": "auth.permission", "pk": 112, "fields": {"name": "Can view Voice Service Sub-Element", "content_type": 28, "codename": "view_voiceservicesubelement"}}, {"model": "auth.permission", "pk": 113, "fields": {"name": "Can add Voice Service Element", "content_type": 29, "codename": "add_voiceserviceelement"}}, {"model": "auth.permission", "pk": 114, "fields": {"name": "Can change Voice Service Element", "content_type": 29, "codename": "change_voiceserviceelement"}}, {"model": "auth.permission", "pk": 115, "fields": {"name": "Can delete Voice Service Element", "content_type": 29, "codename": "delete_voiceserviceelement"}}, {"model": "auth.permission", "pk": 116, "fields": {"name": "Can view Voice Service Element", "content_type": 29, "codename": "view_voiceserviceelement"}}, {"model": "auth.permission", "pk": 117, "fields": {"name": "Can add Voice Service", "content_type": 30, "codename": "add_voiceservice"}}, {"model": "auth.permission", "pk": 118, "fields": {"name": "Can change Voice Service", "content_type": 30, "codename": "change_voiceservice"}}, {"model": "auth.permission", "pk": 119, "fields": {"name": "Can delete Voice Service", "content_type": 30, "codename": "delete_voiceservice"}}, {"model": "auth.permission", "pk": 120, "fields": {"name": "Can view Voice Service", "content_type": 30, "codename": "view_voiceservice"}}, {"model": "auth.permission", "pk": 121, "fields": {"name": "Can add KasaDaka User", "content_type": 31, "codename": "add_kasadakauser"}}, {"model": "auth.permission", "pk": 122, "fields": {"name": "Can change KasaDaka User", "content_type": 31, "codename": "change_kasadakauser"}}, {"model": "auth.permission", "pk": 123, "fields": {"name": "Can delete KasaDaka User", "content_type": 31, "codename": "delete_kasadakauser"}}, {"model": "auth.permission", "pk": 124, "fields": {"name": "Can view KasaDaka User", "content_type": 31, "codename": "view_kasadakauser"}}, {"model": "auth.permission", "pk": 125, "fields": {"name": "Can add Call Session", "content_type": 32, "codename": "add_callsession"}}, {"model": "auth.permission", "pk": 126, "fields": {"name": "Can change Call Session", "content_type": 32, "codename": "change_callsession"}}, {"model": "auth.permission", "pk": 127, "fields": {"name": "Can delete Call Session", "content_type": 32, "codename": "delete_callsession"}}, {"model": "auth.permission", "pk": 128, "fields": {"name": "Can view Call Session", "content_type": 32, "codename": "view_callsession"}}, {"model": "auth.permission", "pk": 129, "fields": {"name": "Can add Call Session Step", "content_type": 33, "codename": "add_callsessionstep"}}, {"model": "auth.permission", "pk": 130, "fields": {"name": "Can change Call Session Step", "content_type": 33, "codename": "change_callsessionstep"}}, {"model": "auth.permission", "pk": 131, "fields": {"name": "Can delete Call Session Step", "content_type": 33, "codename": "delete_callsessionstep"}}, {"model": "auth.permission", "pk": 132, "fields": {"name": "Can view Call Session Step", "content_type": 33, "codename": "view_callsessionstep"}}, {"model": "auth.permission", "pk": 133, "fields": {"name": "Can add Choice Element", "content_type": 34, "codename": "add_choice"}}, {"model": "auth.permission", "pk": 134, "fields": {"name": "Can change Choice Element", "content_type": 34, "codename": "change_choice"}}, {"model": "auth.permission", "pk": 135, "fields": {"name": "Can delete Choice Element", "content_type": 34, "codename": "delete_choice"}}, {"model": "auth.permission", "pk": 136, "fields": {"name": "Can view Choice Element", "content_type": 34, "codename": "view_choice"}}, {"model": "auth.permission", "pk": 137, "fields": {"name": "Can add Voice Service", "content_type": 35, "codename": "add_choiceoption"}}, {"model": "auth.permission", "pk": 138, "fields": {"name": "Can change Voice Service", "content_type": 35, "codename": "change_choiceoption"}}, {"model": "auth.permission", "pk": 139, "fields": {"name": "Can delete Voice Service", "content_type": 35, "codename": "delete_choiceoption"}}, {"model": "auth.permission", "pk": 140, "fields": {"name": "Can view Voice Service", "content_type": 35, "codename": "view_choiceoption"}}, {"model": "auth.permission", "pk": 141, "fields": {"name": "Can add Message Presentation Element", "content_type": 36, "codename": "add_messagepresentation"}}, {"model": "auth.permission", "pk": 142, "fields": {"name": "Can change Message Presentation Element", "content_type": 36, "codename": "change_messagepresentation"}}, {"model": "auth.permission", "pk": 143, "fields": {"name": "Can delete Message Presentation Element", "content_type": 36, "codename": "delete_messagepresentation"}}, {"model": "auth.permission", "pk": 144, "fields": {"name": "Can view Message Presentation Element", "content_type": 36, "codename": "view_messagepresentation"}}, {"model": "auth.permission", "pk": 145, "fields": {"name": "Can add User Input Category", "content_type": 37, "codename": "add_userinputcategory"}}, {"model": "auth.permission", "pk": 146, "fields": {"name": "Can change User Input Category", "content_type": 37, "codename": "change_userinputcategory"}}, {"model": "auth.permission", "pk": 147, "fields": {"name": "Can delete User Input Category", "content_type": 37, "codename": "delete_userinputcategory"}}, {"model": "auth.permission", "pk": 148, "fields": {"name": "Can view User Input Category", "content_type": 37, "codename": "view_userinputcategory"}}, {"model": "auth.permission", "pk": 149, "fields": {"name": "Can add Spoken User Input", "content_type": 38, "codename": "add_spokenuserinput"}}, {"model": "auth.permission", "pk": 150, "fields": {"name": "Can change Spoken User Input", "content_type": 38, "codename": "change_spokenuserinput"}}, {"model": "auth.permission", "pk": 151, "fields": {"name": "Can delete Spoken User Input", "content_type": 38, "codename": "delete_spokenuserinput"}}, {"model": "auth.permission", "pk": 152, "fields": {"name": "Can view Spoken User Input", "content_type": 38, "codename": "view_spokenuserinput"}}, {"model": "auth.permission", "pk": 153, "fields": {"name": "Can add Spoken Input Element", "content_type": 39, "codename": "add_record"}}, {"model": "auth.permission", "pk": 154, "fields": {"name": "Can change Spoken Input Element", "content_type": 39, "codename": "change_record"}}, {"model": "auth.permission", "pk": 155, "fields": {"name": "Can delete Spoken Input Element", "content_type": 39, "codename": "delete_record"}}, {"model": "auth.permission", "pk": 156, "fields": {"name": "Can view Spoken Input Element", "content_type": 39, "codename": "view_record"}}, {"model": "auth.permission", "pk": 157, "fields": {"name": "Can add log entry", "content_type": 40, "codename": "add_logentry"}}, {"model": "auth.permission", "pk": 158, "fields": {"name": "Can change log entry", "content_type": 40, "codename": "change_logentry"}}, {"model": "auth.permission", "pk": 159, "fields": {"name": "Can delete log entry", "content_type": 40, "codename": "delete_logentry"}}, {"model": "auth.permission", "pk": 160, "fields": {"name": "Can view log entry", "content_type": 40, "codename": "view_logentry"}}, {"model": "auth.permission", "pk": 161, "fields": {"name": "Can add permission", "content_type": 41, "codename": "add_permission"}}, {"model": "auth.permission", "pk": 162, "fields": {"name": "Can change permission", "content_type": 41, "codename": "change_permission"}}, {"model": "auth.permission", "pk": 163, "fields": {"name": "Can delete permission", "content_type": 41, "codename": "delete_permission"}}, {"model": "auth.permission", "pk": 164, "fields": {"name": "Can view permission", "content_type": 41, "codename": "view_permission"}}, {"model": "auth.permission", "pk": 165, "fields": {"name": "Can add group", "content_type": 42, "codename": "add_group"}}, {"model": "auth.permission", "pk": 166, "fields": {"name": "Can change group", "content_type": 42, "codename": "change_group"}}, {"model": "auth.permission", "pk": 167, "fields": {"name": "Can delete group", "content_type": 42, "codename": "delete_group"}}, {"model": "auth.permission", "pk": 168, "fields": {"name": "Can view group", "content_type": 42, "codename": "view_group"}}, {"model": "auth.permission", "pk": 169, "fields": {"name": "Can add user", "content_type": 43, "codename": "add_user"}}, {"model": "auth.permission", "pk": 170, "fields": {"name": "Can change user", "content_type": 43, "codename": "change_user"}}, {"model": "auth.permission", "pk": 171, "fields": {"name": "Can delete user", "content_type": 43, "codename": "delete_user"}}, {"model": "auth.permission", "pk": 172, "fields": {"name": "Can view user", "content_type": 43, "codename": "view_user"}}, {"model": "auth.permission", "pk": 173, "fields": {"name": "Can add content type", "content_type": 44, "codename": "add_contenttype"}}, {"model": "auth.permission", "pk": 174, "fields": {"name": "Can change content type", "content_type": 44, "codename": "change_contenttype"}}, {"model": "auth.permission", "pk": 175, "fields": {"name": "Can delete content type", "content_type": 44, "codename": "delete_contenttype"}}, {"model": "auth.permission", "pk": 176, "fields": {"name": "Can view content type", "content_type": 44, "codename": "view_contenttype"}}, {"model": "auth.permission", "pk": 177, "fields": {"name": "Can add session", "content_type": 45, "codename": "add_session"}}, {"model": "auth.permission", "pk": 178, "fields": {"name": "Can change session", "content_type": 45, "codename": "change_session"}}, {"model": "auth.permission", "pk": 179, "fields": {"name": "Can delete session", "content_type": 45, "codename": "delete_session"}}, {"model": "auth.permission", "pk": 180, "fields": {"name": "Can view session", "content_type": 45, "codename": "view_session"}}, {"model": "auth.user", "pk": 2, "fields": {"password": "pbkdf2_sha256$180000$Y0VlFOCvjtzj$Psi/sfu1noh6BVQc8dmE0Mjf41fijFRE0lvu5WMedwM=", "last_login": "2020-05-10T07:06:48.530Z", "is_superuser": true, "username": "ict4d", "first_name": "", "last_name": "", "email": "", "is_staff": true, "is_active": true, "date_joined": "2020-05-10T07:06:34.891Z", "groups": [], "user_permissions": []}}, {"model": "admin.logentry", "pk": 36, "fields": {"action_time": "2020-05-10T07:10:30.667Z", "user": 2, "content_type": 24, "object_id": "49", "object_repr": "Voice Label: Today", "action_flag": 1, "change_message": "[{\"added\": {}}, {\"added\": {\"name\": \"Voice Fragment\", \"object\": \"Voice Fragment: (English) Today\"}}, {\"added\": {\"name\": \"Voice Fragment\", \"object\": \"Voice Fragment: (Francais) Today\"}}]"}}, {"model": "admin.logentry", "pk": 37, "fields": {"action_time": "2020-05-10T07:11:12.469Z", "user": 2, "content_type": 24, "object_id": "50", "object_repr": "Voice Label: Tomorrow", "action_flag": 1, "change_message": "[{\"added\": {}}, {\"added\": {\"name\": \"Voice Fragment\", \"object\": \"Voice Fragment: (English) Tomorrow\"}}, {\"added\": {\"name\": \"Voice Fragment\", \"object\": \"Voice Fragment: (Francais) Tomorrow\"}}]"}}, {"model": "admin.logentry", "pk": 38, "fields": {"action_time": "2020-05-10T07:15:13.275Z", "user": 2, "content_type": 30, "object_id": "5", "object_repr": "Voice Service: Weather Forecast Service", "action_flag": 1, "change_message": "[{\"added\": {}}]"}}, {"model": "admin.logentry", "pk": 39, "fields": {"action_time": "2020-05-10T07:15:56.054Z", "user": 2, "content_type": 24, "object_id": "51", "object_repr": "Voice Label: Weather Welcome", "action_flag": 1, "change_message": "[{\"added\": {}}, {\"added\": {\"name\": \"Voice Fragment\", \"object\": \"Voice Fragment: (English) Weather Welcome\"}}, {\"added\": {\"name\": \"Voice Fragment\", \"object\": \"Voice Fragment: (Francais) Weather Welcome\"}}]"}}, {"model": "admin.logentry", "pk": 40, "fields": {"action_time": "2020-05-10T07:16:26.204Z", "user": 2, "content_type": 36, "object_id": "10", "object_repr": "Message: Weather Welcome", "action_flag": 1, "change_message": "[{\"added\": {}}]"}}, {"model": "admin.logentry", "pk": 41, "fields": {"action_time": "2020-05-10T07:16:49.140Z", "user": 2, "content_type": 36, "object_id": "11", "object_repr": "Message: Weather Message Today", "action_flag": 1, "change_message": "[{\"added\": {}}]"}}, {"model": "admin.logentry", "pk": 42, "fields": {"action_time": "2020-05-10T07:17:12.333Z", "user": 2, "content_type": 36, "object_id": "12", "object_repr": "Message: Weather Tomorrow", "action_flag": 1, "change_message": "[{\"added\": {}}]"}}, {"model": "admin.logentry", "pk": 43, "fields": {"action_time": "2020-05-10T07:17:27.270Z", "user": 2, "content_type": 36, "object_id": "11", "object_repr": "Message: Weather Message Today", "action_flag": 2, "change_message": "[{\"changed\": {\"fields\": [\"Redirect element\"]}}]"}}, {"model": "admin.logentry", "pk": 44, "fields": {"action_time": "2020-05-10T07:17:40.355Z", "user": 2, "content_type": 30, "object_id": "5", "object_repr": "Voice Service: Weather Forecast Service", "action_flag": 2, "change_message": "[{\"changed\": {\"fields\": [\"Starting element\"]}}]"}}, {"model": "admin.logentry", "pk": 45, "fields": {"action_time": "2020-05-10T07:17:52.722Z", "user": 2, "content_type": 36, "object_id": "10", "object_repr": "Message: Weather Welcome", "action_flag": 2, "change_message": "[{\"changed\": {\"fields\": [\"Redirect element\"]}}]"}}, {"model": "admin.logentry", "pk": 46, "fields": {"action_time": "2020-05-10T07:41:05.328Z", "user": 2, "content_type": 27, "object_id": "1", "object_repr": "Weather-manager: Weather Manager", "action_flag": 1, "change_message": "[{\"added\": {}}]"}}, {"model": "admin.logentry", "pk": 47, "fields": {"action_time": "2020-05-10T07:42:55.424Z", "user": 2, "content_type": 24, "object_id": "52", "object_repr": "Voice Label: Weather Normal Wind", "action_flag": 1, "change_message": "[{\"added\": {}}, {\"added\": {\"name\": \"Voice Fragment\", \"object\": \"Voice Fragment: (English) Weather Normal Wind\"}}, {\"added\": {\"name\": \"Voice Fragment\", \"object\": \"Voice Fragment: (Francais) Weather Normal Wind\"}}]"}}, {"model": "admin.logentry", "pk": 48, "fields": {"action_time": "2020-05-10T07:43:25.188Z", "user": 2, "content_type": 24, "object_id": "53", "object_repr": "Voice Label: Weather Rain 10", "action_flag": 1, "change_message": "[{\"added\": {}}, {\"added\": {\"name\": \"Voice Fragment\", \"object\": \"Voice Fragment: (English) Weather Rain 10\"}}, {\"added\": {\"name\": \"Voice Fragment\", \"object\": \"Voice Fragment: (Francais) Weather Rain 10\"}}]"}}, {"model": "admin.logentry", "pk": 49, "fields": {"action_time": "2020-05-10T07:44:07.836Z", "user": 2, "content_type": 24, "object_id": "54", "object_repr": "Voice Label: Weather Rain 20", "action_flag": 1, "change_message": "[{\"added\": {}}, {\"added\": {\"name\": \"Voice Fragment\", \"object\": \"Voice Fragment: (English) Weather Rain 20\"}}, {\"added\": {\"name\": \"Voice Fragment\", \"object\": \"Voice Fragment: (Francais) Weather Rain 20\"}}]"}}, {"model": "admin.logentry", "pk": 50, "fields": {"action_time": "2020-05-10T07:44:38.499Z", "user": 2, "content_type": 24, "object_id": "55", "object_repr": "Voice Label: Weather Rain 5", "action_flag": 1, "change_message": "[{\"added\": {}}, {\"added\": {\"name\": \"Voice Fragment\", \"object\": \"Voice Fragment: (English) Weather Rain 5\"}}, {\"added\": {\"name\": \"Voice Fragment\", \"object\": \"Voice Fragment: (Francais) Weather Rain 5\"}}]"}}, {"model": "admin.logentry", "pk": 51, "fields": {"action_time": "2020-05-10T07:45:02.201Z", "user": 2, "content_type": 24, "object_id": "56", "object_repr": "Voice Label: Weather Rain 15", "action_flag": 1, "change_message": "[{\"added\": {}}, {\"added\": {\"name\": \"Voice Fragment\", \"object\": \"Voice Fragment: (English) Weather Rain 15\"}}, {\"added\": {\"name\": \"Voice Fragment\", \"object\": \"Voice Fragment: (Francais) Weather Rain 15\"}}]"}}, {"model": "admin.logentry", "pk": 52, "fields": {"action_time": "2020-05-10T07:45:26.463Z", "user": 2, "content_type": 24, "object_id": "57", "object_repr": "Voice Label: Weather Rain 25", "action_flag": 1, "change_message": "[{\"added\": {}}, {\"added\": {\"name\": \"Voice Fragment\", \"object\": \"Voice Fragment: (English) Weather Rain 25\"}}, {\"added\": {\"name\": \"Voice Fragment\", \"object\": \"Voice Fragment: (Francais) Weather Rain 25\"}}]"}}, {"model": "admin.logentry", "pk": 53, "fields": {"action_time": "2020-05-10T07:45:46.765Z", "user": 2, "content_type": 24, "object_id": "58", "object_repr": "Voice Label: Weather Rain 30", "action_flag": 1, "change_message": "[{\"added\": {}}, {\"added\": {\"name\": \"Voice Fragment\", \"object\": \"Voice Fragment: (English) Weather Rain 30\"}}, {\"added\": {\"name\": \"Voice Fragment\", \"object\": \"Voice Fragment: (Francais) Weather Rain 30\"}}]"}}, {"model": "admin.logentry", "pk": 54, "fields": {"action_time": "2020-05-10T07:46:07.739Z", "user": 2, "content_type": 24, "object_id": "59", "object_repr": "Voice Label: Weather Rain 35", "action_flag": 1, "change_message": "[{\"added\": {}}, {\"added\": {\"name\": \"Voice Fragment\", \"object\": \"Voice Fragment: (English) Weather Rain 35\"}}, {\"added\": {\"name\": \"Voice Fragment\", \"object\": \"Voice Fragment: (Francais) Weather Rain 35\"}}]"}}, {"model": "admin.logentry", "pk": 55, "fields": {"action_time": "2020-05-10T07:47:01.285Z", "user": 2, "content_type": 27, "object_id": "1", "object_repr": "Weather-manager: Weather Manager", "action_flag": 2, "change_message": "[{\"changed\": {\"fields\": [\"Voice label normal wind\", \"Voice label rain 5\", \"Voice label rain 10\", \"Voice label rain 15\", \"Voice label rain 20\", \"Voice label rain 25\", \"Voice label rain 30\", \"Voice label rain 35\"]}}]"}}, {"model": "admin.logentry", "pk": 56, "fields": {"action_time": "2020-05-10T07:47:39.767Z", "user": 2, "content_type": 24, "object_id": "60", "object_repr": "Voice Label: Weather Strong Wind", "action_flag": 1, "change_message": "[{\"added\": {}}, {\"added\": {\"name\": \"Voice Fragment\", \"object\": \"Voice Fragment: (English) Weather Strong Wind\"}}, {\"added\": {\"name\": \"Voice Fragment\", \"object\": \"Voice Fragment: (Francais) Weather Strong Wind\"}}]"}}, {"model": "admin.logentry", "pk": 57, "fields": {"action_time": "2020-05-10T07:48:50.963Z", "user": 2, "content_type": 27, "object_id": "1", "object_repr": "Weather-manager: Weather Manager", "action_flag": 2, "change_message": "[{\"changed\": {\"fields\": [\"Voice label strong wind\", \"Voice label rain 0\", \"Voice label rain 0 to 5\"]}}]"}}, {"model": "admin.logentry", "pk": 58, "fields": {"action_time": "2020-05-10T07:50:23.681Z", "user": 2, "content_type": 30, "object_id": "5", "object_repr": "Voice Service: Weather Forecast Service", "action_flag": 2, "change_message": "[{\"changed\": {\"fields\": [\"Weather Manager\"]}}]"}}, {"model": "admin.logentry", "pk": 59, "fields": {"action_time": "2020-05-10T07:56:06.659Z", "user": 2, "content_type": 30, "object_id": "5", "object_repr": "Voice Service: Weather Forecast Service", "action_flag": 2, "change_message": "[{\"changed\": {\"fields\": [\"Weather Service\"]}}]"}}, {"model": "admin.logentry", "pk": 60, "fields": {"action_time": "2020-05-10T08:58:33.326Z", "user": 2, "content_type": 36, "object_id": "12", "object_repr": "Message: Weather Message Tomorrow", "action_flag": 2, "change_message": "[{\"changed\": {\"fields\": [\"Name\"]}}]"}}, {"model": "admin.logentry", "pk": 61, "fields": {"action_time": "2020-05-10T08:59:41.315Z", "user": 2, "content_type": 36, "object_id": "11", "object_repr": "Message: Weather Message Today", "action_flag": 2, "change_message": "[{\"changed\": {\"fields\": [\"Day index\"]}}]"}}, {"model": "admin.logentry", "pk": 62, "fields": {"action_time": "2020-05-10T08:59:46.933Z", "user": 2, "content_type": 36, "object_id": "12", "object_repr": "Message: Weather Message Tomorrow", "action_flag": 2, "change_message": "[{\"changed\": {\"fields\": [\"Day index\"]}}]"}}, {"model": "admin.logentry", "pk": 63, "fields": {"action_time": "2020-05-10T09:04:13.811Z", "user": 2, "content_type": 36, "object_id": "10", "object_repr": "Message: Weather Welcome", "action_flag": 2, "change_message": "[{\"changed\": {\"fields\": [\"Is forecast message\"]}}]"}}, {"model": "admin.logentry", "pk": 64, "fields": {"action_time": "2020-05-10T09:04:19.846Z", "user": 2, "content_type": 36, "object_id": "10", "object_repr": "Message: Weather Welcome", "action_flag": 2, "change_message": "[{\"changed\": {\"fields\": [\"Is forecast message\"]}}]"}}, {"model": "admin.logentry", "pk": 65, "fields": {"action_time": "2020-05-10T09:04:32.709Z", "user": 2, "content_type": 30, "object_id": "5", "object_repr": "Voice Service: Weather Forecast Service", "action_flag": 2, "change_message": "[]"}}, {"model": "admin.logentry", "pk": 66, "fields": {"action_time": "2020-05-10T09:04:45.064Z", "user": 2, "content_type": 36, "object_id": "11", "object_repr": "Message: Weather Message Today", "action_flag": 2, "change_message": "[{\"changed\": {\"fields\": [\"Is forecast message\"]}}]"}}, {"model": "admin.logentry", "pk": 67, "fields": {"action_time": "2020-05-10T09:04:49.697Z", "user": 2, "content_type": 36, "object_id": "12", "object_repr": "Message: Weather Message Tomorrow", "action_flag": 2, "change_message": "[{\"changed\": {\"fields\": [\"Is forecast message\"]}}]"}}]