[
{
  "model": "service_development.voicelabel",
  "pk": 1,
  "fields": {
    "name": "Dutch language",
    "description": "Nederlandse taal"
  }
},
{
  "model": "service_development.voicelabel",
  "pk": 2,
  "fields": {
    "name": "General error message",
    "description": ""
  }
},
{
  "model": "service_development.voicelabel",
  "pk": 3,
  "fields": {
    "name": "This is the truth",
    "description": ""
  }
},
{
  "model": "service_development.voicelabel",
  "pk": 4,
  "fields": {
    "name": "English language",
    "description": ""
  }
},
{
  "model": "service_development.voicelabel",
  "pk": 5,
  "fields": {
    "name": "Thank you for using this service",
    "description": ""
  }
},
{
  "model": "service_development.voicelabel",
  "pk": 6,
  "fields": {
    "name": "Wow, it must be a really boring guy!",
    "description": ""
  }
},
{
  "model": "service_development.voicelabel",
  "pk": 7,
  "fields": {
    "name": "French language",
    "description": ""
  }
},
{
  "model": "service_development.voicelabel",
  "pk": 8,
  "fields": {
    "name": "Please select your language",
    "description": ""
  }
},
{
  "model": "service_development.voicelabel",
  "pk": 9,
  "fields": {
    "name": "Pre Choice Option",
    "description": ""
  }
},
{
  "model": "service_development.voicelabel",
  "pk": 10,
  "fields": {
    "name": "Post Choice Option",
    "description": ""
  }
},
{
  "model": "service_development.voicelabel",
  "pk": 11,
  "fields": {
    "name": "One",
    "description": ""
  }
},
{
  "model": "service_development.voicelabel",
  "pk": 12,
  "fields": {
    "name": "Two",
    "description": ""
  }
},
{
  "model": "service_development.voicelabel",
  "pk": 13,
  "fields": {
    "name": "Three",
    "description": ""
  }
},
{
  "model": "service_development.voicelabel",
  "pk": 14,
  "fields": {
    "name": "Four",
    "description": ""
  }
},
{
  "model": "service_development.voicelabel",
  "pk": 15,
  "fields": {
    "name": "Five",
    "description": ""
  }
},
{
  "model": "service_development.voicelabel",
  "pk": 16,
  "fields": {
    "name": "Six",
    "description": ""
  }
},
{
  "model": "service_development.voicelabel",
  "pk": 17,
  "fields": {
    "name": "Seven",
    "description": ""
  }
},
{
  "model": "service_development.voicelabel",
  "pk": 18,
  "fields": {
    "name": "Eight",
    "description": ""
  }
},
{
  "model": "service_development.voicelabel",
  "pk": 19,
  "fields": {
    "name": "Nine",
    "description": ""
  }
},
{
  "model": "service_development.voicelabel",
  "pk": 20,
  "fields": {
    "name": "Zero",
    "description": ""
  }
},
{
  "model": "service_development.voicelabel",
  "pk": 21,
  "fields": {
    "name": "Yes",
    "description": ""
  }
},
{
  "model": "service_development.voicelabel",
  "pk": 22,
  "fields": {
    "name": "No",
    "description": ""
  }
},
{
  "model": "service_development.voicelabel",
  "pk": 23,
  "fields": {
    "name": "Does the king like to drink beer?",
    "description": ""
  }
},
{
  "model": "service_development.voicelabel",
  "pk": 25,
  "fields": {
    "name": "Please speak your message",
    "description": ""
  }
},
{
  "model": "service_development.language",
  "pk": 2,
  "fields": {
    "name": "English",
    "code": "en",
    "voice_label": 4,
    "error_message": 2,
    "select_language": 8,
    "pre_choice_option": 9,
    "post_choice_option": 10,
    "one": 11,
    "two": 12,
    "three": 13,
    "four": 14,
    "five": 15,
    "six": 16,
    "seven": 17,
    "eight": 18,
    "nine": 19,
    "zero": 20
  }
},
{
  "model": "service_development.language",
  "pk": 3,
  "fields": {
    "name": "Francais",
    "code": "fr",
    "voice_label": 7,
    "error_message": 2,
    "select_language": 8,
    "pre_choice_option": 9,
    "post_choice_option": 10,
    "one": 11,
    "two": 12,
    "three": 13,
    "four": 14,
    "five": 15,
    "six": 16,
    "seven": 17,
    "eight": 18,
    "nine": 19,
    "zero": 20
  }
},
{
  "model": "service_development.voicefragment",
  "pk": 1,
  "fields": {
    "parent": 6,
    "language": 2,
    "audio": "boring_guy_en.wav"
  }
},
{
  "model": "service_development.voicefragment",
  "pk": 7,
  "fields": {
    "parent": 22,
    "language": 2,
    "audio": "no_en.wav"
  }
},
{
  "model": "service_development.voicefragment",
  "pk": 8,
  "fields": {
    "parent": 22,
    "language": 3,
    "audio": "no_fr.wav"
  }
},
{
  "model": "service_development.voicefragment",
  "pk": 10,
  "fields": {
    "parent": 21,
    "language": 2,
    "audio": "yes_en.wav"
  }
},
{
  "model": "service_development.voicefragment",
  "pk": 11,
  "fields": {
    "parent": 21,
    "language": 3,
    "audio": "yes_fr.wav"
  }
},
{
  "model": "service_development.voicefragment",
  "pk": 13,
  "fields": {
    "parent": 20,
    "language": 2,
    "audio": "0_en.wav"
  }
},
{
  "model": "service_development.voicefragment",
  "pk": 14,
  "fields": {
    "parent": 20,
    "language": 3,
    "audio": "0_fr.wav"
  }
},
{
  "model": "service_development.voicefragment",
  "pk": 16,
  "fields": {
    "parent": 19,
    "language": 2,
    "audio": "9_fr.wav"
  }
},
{
  "model": "service_development.voicefragment",
  "pk": 17,
  "fields": {
    "parent": 19,
    "language": 3,
    "audio": "9_en.wav"
  }
},
{
  "model": "service_development.voicefragment",
  "pk": 19,
  "fields": {
    "parent": 18,
    "language": 2,
    "audio": "8_en.wav"
  }
},
{
  "model": "service_development.voicefragment",
  "pk": 20,
  "fields": {
    "parent": 18,
    "language": 3,
    "audio": "8_fr.wav"
  }
},
{
  "model": "service_development.voicefragment",
  "pk": 22,
  "fields": {
    "parent": 17,
    "language": 2,
    "audio": "7_en.wav"
  }
},
{
  "model": "service_development.voicefragment",
  "pk": 23,
  "fields": {
    "parent": 17,
    "language": 3,
    "audio": "7_fr.wav"
  }
},
{
  "model": "service_development.voicefragment",
  "pk": 25,
  "fields": {
    "parent": 16,
    "language": 2,
    "audio": "6_en.wav"
  }
},
{
  "model": "service_development.voicefragment",
  "pk": 26,
  "fields": {
    "parent": 16,
    "language": 3,
    "audio": "6_fr.wav"
  }
},
{
  "model": "service_development.voicefragment",
  "pk": 28,
  "fields": {
    "parent": 15,
    "language": 2,
    "audio": "5_en.wav"
  }
},
{
  "model": "service_development.voicefragment",
  "pk": 29,
  "fields": {
    "parent": 15,
    "language": 3,
    "audio": "5_fr.wav"
  }
},
{
  "model": "service_development.voicefragment",
  "pk": 31,
  "fields": {
    "parent": 14,
    "language": 2,
    "audio": "4_fr.wav"
  }
},
{
  "model": "service_development.voicefragment",
  "pk": 32,
  "fields": {
    "parent": 14,
    "language": 3,
    "audio": "4_en.wav"
  }
},
{
  "model": "service_development.voicefragment",
  "pk": 34,
  "fields": {
    "parent": 13,
    "language": 2,
    "audio": "3_en.wav"
  }
},
{
  "model": "service_development.voicefragment",
  "pk": 35,
  "fields": {
    "parent": 13,
    "language": 3,
    "audio": "3_fr.wav"
  }
},
{
  "model": "service_development.voicefragment",
  "pk": 37,
  "fields": {
    "parent": 12,
    "language": 2,
    "audio": "2_en.wav"
  }
},
{
  "model": "service_development.voicefragment",
  "pk": 38,
  "fields": {
    "parent": 12,
    "language": 3,
    "audio": "2_fr.wav"
  }
},
{
  "model": "service_development.voicefragment",
  "pk": 40,
  "fields": {
    "parent": 11,
    "language": 2,
    "audio": "1_en.wav"
  }
},
{
  "model": "service_development.voicefragment",
  "pk": 41,
  "fields": {
    "parent": 11,
    "language": 3,
    "audio": "1_fr.wav"
  }
},
{
  "model": "service_development.voicefragment",
  "pk": 43,
  "fields": {
    "parent": 10,
    "language": 2,
    "audio": "post_choice_option_en.wav"
  }
},
{
  "model": "service_development.voicefragment",
  "pk": 44,
  "fields": {
    "parent": 10,
    "language": 3,
    "audio": "post_choice_option_fr.wav"
  }
},
{
  "model": "service_development.voicefragment",
  "pk": 46,
  "fields": {
    "parent": 9,
    "language": 2,
    "audio": "pre_choice_option_en.wav"
  }
},
{
  "model": "service_development.voicefragment",
  "pk": 47,
  "fields": {
    "parent": 9,
    "language": 3,
    "audio": "pre_choice_option_fr.wav"
  }
},
{
  "model": "service_development.voicefragment",
  "pk": 49,
  "fields": {
    "parent": 8,
    "language": 2,
    "audio": "select_language_en.wav"
  }
},
{
  "model": "service_development.voicefragment",
  "pk": 50,
  "fields": {
    "parent": 8,
    "language": 3,
    "audio": "select_language_fr.wav"
  }
},
{
  "model": "service_development.voicefragment",
  "pk": 52,
  "fields": {
    "parent": 7,
    "language": 2,
    "audio": "french_en.wav"
  }
},
{
  "model": "service_development.voicefragment",
  "pk": 53,
  "fields": {
    "parent": 7,
    "language": 3,
    "audio": "french_fr.wav"
  }
},
{
  "model": "service_development.voicefragment",
  "pk": 54,
  "fields": {
    "parent": 6,
    "language": 3,
    "audio": "boring_guy_fr.wav"
  }
},
{
  "model": "service_development.voicefragment",
  "pk": 56,
  "fields": {
    "parent": 5,
    "language": 2,
    "audio": "thank_you_for_using_en.wav"
  }
},
{
  "model": "service_development.voicefragment",
  "pk": 57,
  "fields": {
    "parent": 5,
    "language": 3,
    "audio": "thank_you_for_using_fr.wav"
  }
},
{
  "model": "service_development.voicefragment",
  "pk": 59,
  "fields": {
    "parent": 4,
    "language": 2,
    "audio": "english_en.wav"
  }
},
{
  "model": "service_development.voicefragment",
  "pk": 60,
  "fields": {
    "parent": 4,
    "language": 3,
    "audio": "english_fr.wav"
  }
},
{
  "model": "service_development.voicefragment",
  "pk": 62,
  "fields": {
    "parent": 3,
    "language": 2,
    "audio": "truth_en.wav"
  }
},
{
  "model": "service_development.voicefragment",
  "pk": 63,
  "fields": {
    "parent": 3,
    "language": 3,
    "audio": "truth_fr.wav"
  }
},
{
  "model": "service_development.voicefragment",
  "pk": 65,
  "fields": {
    "parent": 2,
    "language": 2,
    "audio": "error_en.wav"
  }
},
{
  "model": "service_development.voicefragment",
  "pk": 66,
  "fields": {
    "parent": 2,
    "language": 3,
    "audio": "error_fr.wav"
  }
},
{
  "model": "service_development.voicefragment",
  "pk": 68,
  "fields": {
    "parent": 1,
    "language": 2,
    "audio": "dutch_en.wav"
  }
},
{
  "model": "service_development.voicefragment",
  "pk": 69,
  "fields": {
    "parent": 1,
    "language": 3,
    "audio": "dutch_fr.wav"
  }
},
{
  "model": "service_development.voicefragment",
  "pk": 71,
  "fields": {
    "parent": 23,
    "language": 2,
    "audio": "king_question_en.wav"
  }
},
{
  "model": "service_development.voicefragment",
  "pk": 72,
  "fields": {
    "parent": 23,
    "language": 3,
    "audio": "king_question_fr.wav"
  }
},
{
  "model": "service_development.voicefragment",
  "pk": 74,
  "fields": {
    "parent": 25,
    "language": 3,
    "audio": "speakYourMessage.wav"
  }
},
{
  "model": "service_development.voiceservicesubelement",
  "pk": 2,
  "fields": {
    "service": 1,
    "creation_date": "2017-04-23T19:30:23.792Z",
    "modification_date": "2019-04-30T13:14:25.382Z",
    "name": "What action do you want to perform?",
    "description": "Choose to create or update an advertisement",
    "voice_label": 1
  }
},
{
  "model": "service_development.voiceservicesubelement",
  "pk": 3,
  "fields": {
    "service": 1,
    "creation_date": "2017-04-23T19:32:07.853Z",
    "modification_date": "2019-04-30T13:14:25.386Z",
    "name": "Create",
    "description": "Create a new advertisement",
    "voice_label": 21
  }
},
{
  "model": "service_development.voiceservicesubelement",
  "pk": 4,
  "fields": {
    "service": 1,
    "creation_date": "2017-04-23T19:32:07.854Z",
    "modification_date": "2019-04-30T13:05:43.567Z",
    "name": "Update",
    "description": "Update an existing advertisement",
    "voice_label": 22
  }
},
{
  "model": "service_development.voiceservicesubelement",
  "pk": 6,
  "fields": {
    "service": 1,
    "creation_date": "2017-04-23T21:11:06.805Z",
    "modification_date": "2017-04-23T21:33:29.853Z",
    "name": "Thank you for using this service",
    "description": "",
    "voice_label": 5
  }
},
{
  "model": "service_development.voiceservicesubelement",
  "pk": 8,
  "fields": {
    "service": 1,
    "creation_date": "2019-04-29T15:05:34.390Z",
    "modification_date": "2019-04-29T15:05:34.390Z",
    "name": "test",
    "description": "test",
    "voice_label": 2
  }
},
{
  "model": "service_development.voiceservicesubelement",
  "pk": 9,
  "fields": {
    "service": 1,
    "creation_date": "2019-04-29T15:28:29.101Z",
    "modification_date": "2019-04-29T15:28:29.101Z",
    "name": "test",
    "description": "test",
    "voice_label": 1
  }
},
{
  "model": "service_development.voiceservicesubelement",
  "pk": 10,
  "fields": {
    "service": 1,
    "creation_date": "2019-04-29T15:34:00.290Z",
    "modification_date": "2019-04-30T13:08:10.557Z",
    "name": "Quantity (Update)",
    "description": "Update Quantity",
    "voice_label": 1
  }
},
{
  "model": "service_development.voiceservicesubelement",
  "pk": 11,
  "fields": {
    "service": 1,
    "creation_date": "2019-04-30T13:05:30.457Z",
    "modification_date": "2019-04-30T13:12:37.743Z",
    "name": "Choose Seed (Update)",
    "description": "Choose which seeds to create/update",
    "voice_label": 1
  }
},
{
  "model": "service_development.voiceservicesubelement",
  "pk": 12,
  "fields": {
    "service": 1,
    "creation_date": "2019-04-30T13:05:30.461Z",
    "modification_date": "2019-04-30T13:07:30.950Z",
    "name": "Rice",
    "description": "",
    "voice_label": 1
  }
},
{
  "model": "service_development.voiceservicesubelement",
  "pk": 13,
  "fields": {
    "service": 1,
    "creation_date": "2019-04-30T13:05:30.462Z",
    "modification_date": "2019-04-30T13:07:30.952Z",
    "name": "Cotton",
    "description": "",
    "voice_label": 1
  }
},
{
  "model": "service_development.voiceservicesubelement",
  "pk": 14,
  "fields": {
    "service": 1,
    "creation_date": "2019-04-30T13:05:30.463Z",
    "modification_date": "2019-04-30T13:07:30.954Z",
    "name": "Maize",
    "description": "",
    "voice_label": 1
  }
},
{
  "model": "service_development.voiceservicesubelement",
  "pk": 15,
  "fields": {
    "service": 1,
    "creation_date": "2019-04-30T13:06:59.808Z",
    "modification_date": "2019-04-30T13:12:28.909Z",
    "name": "What do you want to change?",
    "description": "Choose which field to update",
    "voice_label": 1
  }
},
{
  "model": "service_development.voiceservicesubelement",
  "pk": 16,
  "fields": {
    "service": 1,
    "creation_date": "2019-04-30T13:06:59.811Z",
    "modification_date": "2019-04-30T13:09:35.065Z",
    "name": "Quantity",
    "description": "",
    "voice_label": 1
  }
},
{
  "model": "service_development.voiceservicesubelement",
  "pk": 17,
  "fields": {
    "service": 1,
    "creation_date": "2019-04-30T13:06:59.813Z",
    "modification_date": "2019-04-30T13:09:35.066Z",
    "name": "Price",
    "description": "",
    "voice_label": 1
  }
},
{
  "model": "service_development.voiceservicesubelement",
  "pk": 18,
  "fields": {
    "service": 1,
    "creation_date": "2019-04-30T13:08:34.852Z",
    "modification_date": "2019-04-30T13:08:34.852Z",
    "name": "Price (Update)",
    "description": "",
    "voice_label": 1
  }
},
{
  "model": "service_development.voiceservicesubelement",
  "pk": 19,
  "fields": {
    "service": 1,
    "creation_date": "2019-04-30T13:08:46.293Z",
    "modification_date": "2019-04-30T13:09:07.105Z",
    "name": "Quantity (Create)",
    "description": "",
    "voice_label": 1
  }
},
{
  "model": "service_development.voiceservicesubelement",
  "pk": 20,
  "fields": {
    "service": 1,
    "creation_date": "2019-04-30T13:08:59.505Z",
    "modification_date": "2019-04-30T13:16:28.291Z",
    "name": "Price (Create)",
    "description": "",
    "voice_label": 1
  }
},
{
  "model": "service_development.voiceservicesubelement",
  "pk": 21,
  "fields": {
    "service": 1,
    "creation_date": "2019-04-30T13:10:18.939Z",
    "modification_date": "2019-04-30T13:10:18.939Z",
    "name": "Is the recorded update correct?",
    "description": "Check if the recorded change is correct",
    "voice_label": 1
  }
},
{
  "model": "service_development.voiceservicesubelement",
  "pk": 22,
  "fields": {
    "service": 1,
    "creation_date": "2019-04-30T13:10:18.944Z",
    "modification_date": "2019-04-30T13:10:18.944Z",
    "name": "Yes",
    "description": "",
    "voice_label": 21
  }
},
{
  "model": "service_development.voiceservicesubelement",
  "pk": 23,
  "fields": {
    "service": 1,
    "creation_date": "2019-04-30T13:10:18.947Z",
    "modification_date": "2019-04-30T13:10:18.947Z",
    "name": "No",
    "description": "",
    "voice_label": 22
  }
},
{
  "model": "service_development.voiceservicesubelement",
  "pk": 24,
  "fields": {
    "service": 1,
    "creation_date": "2019-04-30T13:11:39.102Z",
    "modification_date": "2019-04-30T13:13:05.705Z",
    "name": "Do you want to perform another action?",
    "description": "Choose to perform another action or finish the phone call",
    "voice_label": 1
  }
},
{
  "model": "service_development.voiceservicesubelement",
  "pk": 25,
  "fields": {
    "service": 1,
    "creation_date": "2019-04-30T13:11:39.107Z",
    "modification_date": "2019-04-30T13:11:39.107Z",
    "name": "Yes",
    "description": "",
    "voice_label": 21
  }
},
{
  "model": "service_development.voiceservicesubelement",
  "pk": 26,
  "fields": {
    "service": 1,
    "creation_date": "2019-04-30T13:11:39.109Z",
    "modification_date": "2019-04-30T13:11:39.109Z",
    "name": "No",
    "description": "",
    "voice_label": 22
  }
},
{
  "model": "service_development.voiceservicesubelement",
  "pk": 27,
  "fields": {
    "service": 1,
    "creation_date": "2019-04-30T13:14:11.293Z",
    "modification_date": "2019-04-30T13:15:56.081Z",
    "name": "Choose Seed (Create)",
    "description": "",
    "voice_label": 1
  }
},
{
  "model": "service_development.voiceservicesubelement",
  "pk": 28,
  "fields": {
    "service": 1,
    "creation_date": "2019-04-30T13:14:11.296Z",
    "modification_date": "2019-04-30T13:15:56.084Z",
    "name": "Rice",
    "description": "",
    "voice_label": 11
  }
},
{
  "model": "service_development.voiceservicesubelement",
  "pk": 29,
  "fields": {
    "service": 1,
    "creation_date": "2019-04-30T13:14:11.298Z",
    "modification_date": "2019-04-30T13:15:56.086Z",
    "name": "Cotton",
    "description": "",
    "voice_label": 12
  }
},
{
  "model": "service_development.voiceservicesubelement",
  "pk": 30,
  "fields": {
    "service": 1,
    "creation_date": "2019-04-30T13:14:11.299Z",
    "modification_date": "2019-04-30T13:15:56.087Z",
    "name": "Maize",
    "description": "",
    "voice_label": 13
  }
},
{
  "model": "service_development.voiceservicesubelement",
  "pk": 31,
  "fields": {
    "service": 1,
    "creation_date": "2019-04-30T13:15:16.821Z",
    "modification_date": "2019-04-30T13:15:16.821Z",
    "name": "Is the recorded data correct?",
    "description": "Check if the recorded data of the new advertisement is correct",
    "voice_label": 1
  }
},
{
  "model": "service_development.voiceservicesubelement",
  "pk": 32,
  "fields": {
    "service": 1,
    "creation_date": "2019-04-30T13:15:16.824Z",
    "modification_date": "2019-04-30T13:15:16.824Z",
    "name": "Yes",
    "description": "",
    "voice_label": 21
  }
},
{
  "model": "service_development.voiceservicesubelement",
  "pk": 33,
  "fields": {
    "service": 1,
    "creation_date": "2019-04-30T13:15:16.827Z",
    "modification_date": "2019-04-30T13:15:16.827Z",
    "name": "No",
    "description": "",
    "voice_label": 22
  }
},
{
  "model": "service_development.voiceserviceelement",
  "pk": 2,
  "fields": {}
},
{
  "model": "service_development.voiceserviceelement",
  "pk": 6,
  "fields": {}
},
{
  "model": "service_development.voiceserviceelement",
  "pk": 8,
  "fields": {}
},
{
  "model": "service_development.voiceserviceelement",
  "pk": 9,
  "fields": {}
},
{
  "model": "service_development.voiceserviceelement",
  "pk": 10,
  "fields": {}
},
{
  "model": "service_development.voiceserviceelement",
  "pk": 11,
  "fields": {}
},
{
  "model": "service_development.voiceserviceelement",
  "pk": 15,
  "fields": {}
},
{
  "model": "service_development.voiceserviceelement",
  "pk": 18,
  "fields": {}
},
{
  "model": "service_development.voiceserviceelement",
  "pk": 19,
  "fields": {}
},
{
  "model": "service_development.voiceserviceelement",
  "pk": 20,
  "fields": {}
},
{
  "model": "service_development.voiceserviceelement",
  "pk": 21,
  "fields": {}
},
{
  "model": "service_development.voiceserviceelement",
  "pk": 24,
  "fields": {}
},
{
  "model": "service_development.voiceserviceelement",
  "pk": 27,
  "fields": {}
},
{
  "model": "service_development.voiceserviceelement",
  "pk": 31,
  "fields": {}
},
{
  "model": "service_development.voiceservice",
  "pk": 1,
  "fields": {
    "name": "Create or Update an Advertisment",
    "description": "Let's the user add a new advertisement or change an existing one",
    "creation_date": "2017-04-23T19:23:52.392Z",
    "modification_date": "2019-04-30T13:03:42.081Z",
    "active": true,
    "_start_element": 2,
    "registration": "preferred",
    "registration_language": true,
    "registration_name": false,
    "supported_languages": [
      2,
      3
    ]
  }
},
{
  "model": "service_development.farmer",
  "pk": 1,
  "fields": {
    "caller_id": "456",
    "first_name": "Henk",
    "last_name": "Ernia",
    "creation_date": "2018-02-02T11:10:27.670Z",
    "modification_date": "2018-02-12T14:44:24.019Z",
    "language": null,
    "place": "",
    "region": "",
    "service": 1
  }
},
{
  "model": "service_development.seed",
  "pk": 1,
  "fields": {
    "name": "Rice"
  }
},
{
  "model": "service_development.callsession",
  "pk": 53,
  "fields": {
    "start": "2019-04-30T11:15:00.563Z",
    "end": "2019-04-30T11:15:19.680Z",
    "farmer": null,
    "caller_id": "10",
    "service": 1,
    "advertisement": null,
    "_language": 2
  }
},
{
  "model": "service_development.callsession",
  "pk": 54,
  "fields": {
    "start": "2019-04-30T11:15:23.972Z",
    "end": "2019-04-30T11:23:48.777Z",
    "farmer": null,
    "caller_id": "10",
    "service": 1,
    "advertisement": null,
    "_language": 2
  }
},
{
  "model": "service_development.callsession",
  "pk": 55,
  "fields": {
    "start": "2019-04-30T11:26:05.050Z",
    "end": "2019-04-30T11:40:27.578Z",
    "farmer": null,
    "caller_id": "10",
    "service": 1,
    "advertisement": null,
    "_language": 2
  }
},
{
  "model": "service_development.callsession",
  "pk": 56,
  "fields": {
    "start": "2019-04-30T11:54:38.611Z",
    "end": "2019-04-30T11:54:49.969Z",
    "farmer": null,
    "caller_id": "20",
    "service": 1,
    "advertisement": null,
    "_language": 2
  }
},
{
  "model": "service_development.callsession",
  "pk": 57,
  "fields": {
    "start": "2019-04-30T11:54:52.241Z",
    "end": "2019-04-30T12:06:43.378Z",
    "farmer": null,
    "caller_id": "20",
    "service": 1,
    "advertisement": null,
    "_language": 2
  }
},
{
  "model": "service_development.callsessionstep",
  "pk": 111,
  "fields": {
    "time": "2019-04-30T11:15:19.602Z",
    "session": 53,
    "_visited_element": null,
    "description": "Language selected, English"
  }
},
{
  "model": "service_development.callsessionstep",
  "pk": 112,
  "fields": {
    "time": "2019-04-30T11:15:19.645Z",
    "session": 53,
    "_visited_element": null,
    "description": "Registered as farmer: 10"
  }
},
{
  "model": "service_development.callsessionstep",
  "pk": 113,
  "fields": {
    "time": "2019-04-30T11:15:19.683Z",
    "session": 53,
    "_visited_element": 10,
    "description": null
  }
},
{
  "model": "service_development.callsessionstep",
  "pk": 114,
  "fields": {
    "time": "2019-04-30T11:15:24.017Z",
    "session": 54,
    "_visited_element": 10,
    "description": null
  }
},
{
  "model": "service_development.callsessionstep",
  "pk": 115,
  "fields": {
    "time": "2019-04-30T11:15:31.333Z",
    "session": 54,
    "_visited_element": null,
    "description": "Value input, 123"
  }
},
{
  "model": "service_development.callsessionstep",
  "pk": 116,
  "fields": {
    "time": "2019-04-30T11:23:48.781Z",
    "session": 54,
    "_visited_element": null,
    "description": "Value input, 123"
  }
},
{
  "model": "service_development.callsessionstep",
  "pk": 117,
  "fields": {
    "time": "2019-04-30T11:26:05.119Z",
    "session": 55,
    "_visited_element": 10,
    "description": null
  }
},
{
  "model": "service_development.callsessionstep",
  "pk": 118,
  "fields": {
    "time": "2019-04-30T11:26:15.092Z",
    "session": 55,
    "_visited_element": null,
    "description": "Value input, 123"
  }
},
{
  "model": "service_development.callsessionstep",
  "pk": 119,
  "fields": {
    "time": "2019-04-30T11:29:26.063Z",
    "session": 55,
    "_visited_element": null,
    "description": "Value input, 123"
  }
},
{
  "model": "service_development.callsessionstep",
  "pk": 120,
  "fields": {
    "time": "2019-04-30T11:32:33.682Z",
    "session": 55,
    "_visited_element": null,
    "description": "Value input, 123"
  }
},
{
  "model": "service_development.callsessionstep",
  "pk": 121,
  "fields": {
    "time": "2019-04-30T11:33:00.837Z",
    "session": 55,
    "_visited_element": null,
    "description": "Value input, 123"
  }
},
{
  "model": "service_development.callsessionstep",
  "pk": 122,
  "fields": {
    "time": "2019-04-30T11:40:27.551Z",
    "session": 55,
    "_visited_element": null,
    "description": "Value input, 123"
  }
},
{
  "model": "service_development.callsessionstep",
  "pk": 123,
  "fields": {
    "time": "2019-04-30T11:40:27.580Z",
    "session": 55,
    "_visited_element": 6,
    "description": null
  }
},
{
  "model": "service_development.callsessionstep",
  "pk": 124,
  "fields": {
    "time": "2019-04-30T11:54:49.875Z",
    "session": 56,
    "_visited_element": null,
    "description": "Language selected, English"
  }
},
{
  "model": "service_development.callsessionstep",
  "pk": 125,
  "fields": {
    "time": "2019-04-30T11:54:49.926Z",
    "session": 56,
    "_visited_element": null,
    "description": "Registered as farmer: 20"
  }
},
{
  "model": "service_development.callsessionstep",
  "pk": 126,
  "fields": {
    "time": "2019-04-30T11:54:49.973Z",
    "session": 56,
    "_visited_element": 10,
    "description": null
  }
},
{
  "model": "service_development.callsessionstep",
  "pk": 127,
  "fields": {
    "time": "2019-04-30T11:54:52.303Z",
    "session": 57,
    "_visited_element": 10,
    "description": null
  }
},
{
  "model": "service_development.callsessionstep",
  "pk": 128,
  "fields": {
    "time": "2019-04-30T12:05:22.744Z",
    "session": 57,
    "_visited_element": null,
    "description": "Value input, 123"
  }
},
{
  "model": "service_development.callsessionstep",
  "pk": 129,
  "fields": {
    "time": "2019-04-30T12:05:22.772Z",
    "session": 57,
    "_visited_element": 6,
    "description": null
  }
},
{
  "model": "service_development.callsessionstep",
  "pk": 130,
  "fields": {
    "time": "2019-04-30T12:06:43.350Z",
    "session": 57,
    "_visited_element": null,
    "description": "Value input, 123"
  }
},
{
  "model": "service_development.callsessionstep",
  "pk": 131,
  "fields": {
    "time": "2019-04-30T12:06:43.381Z",
    "session": 57,
    "_visited_element": 6,
    "description": null
  }
},
{
  "model": "service_development.choice",
  "pk": 2,
  "fields": {}
},
{
  "model": "service_development.choice",
  "pk": 11,
  "fields": {}
},
{
  "model": "service_development.choice",
  "pk": 15,
  "fields": {}
},
{
  "model": "service_development.choice",
  "pk": 21,
  "fields": {}
},
{
  "model": "service_development.choice",
  "pk": 24,
  "fields": {}
},
{
  "model": "service_development.choice",
  "pk": 27,
  "fields": {}
},
{
  "model": "service_development.choice",
  "pk": 31,
  "fields": {}
},
{
  "model": "service_development.choiceoption",
  "pk": 3,
  "fields": {
    "parent": 2,
    "_redirect": 27
  }
},
{
  "model": "service_development.choiceoption",
  "pk": 4,
  "fields": {
    "parent": 2,
    "_redirect": 11
  }
},
{
  "model": "service_development.choiceoption",
  "pk": 12,
  "fields": {
    "parent": 11,
    "_redirect": 15
  }
},
{
  "model": "service_development.choiceoption",
  "pk": 13,
  "fields": {
    "parent": 11,
    "_redirect": 15
  }
},
{
  "model": "service_development.choiceoption",
  "pk": 14,
  "fields": {
    "parent": 11,
    "_redirect": 15
  }
},
{
  "model": "service_development.choiceoption",
  "pk": 16,
  "fields": {
    "parent": 15,
    "_redirect": 10
  }
},
{
  "model": "service_development.choiceoption",
  "pk": 17,
  "fields": {
    "parent": 15,
    "_redirect": 18
  }
},
{
  "model": "service_development.choiceoption",
  "pk": 22,
  "fields": {
    "parent": 21,
    "_redirect": 6
  }
},
{
  "model": "service_development.choiceoption",
  "pk": 23,
  "fields": {
    "parent": 21,
    "_redirect": 11
  }
},
{
  "model": "service_development.choiceoption",
  "pk": 25,
  "fields": {
    "parent": 24,
    "_redirect": 2
  }
},
{
  "model": "service_development.choiceoption",
  "pk": 26,
  "fields": {
    "parent": 24,
    "_redirect": 6
  }
},
{
  "model": "service_development.choiceoption",
  "pk": 28,
  "fields": {
    "parent": 27,
    "_redirect": 19
  }
},
{
  "model": "service_development.choiceoption",
  "pk": 29,
  "fields": {
    "parent": 27,
    "_redirect": 19
  }
},
{
  "model": "service_development.choiceoption",
  "pk": 30,
  "fields": {
    "parent": 27,
    "_redirect": 19
  }
},
{
  "model": "service_development.choiceoption",
  "pk": 32,
  "fields": {
    "parent": 31,
    "_redirect": 24
  }
},
{
  "model": "service_development.choiceoption",
  "pk": 33,
  "fields": {
    "parent": 31,
    "_redirect": 27
  }
},
{
  "model": "service_development.messagepresentation",
  "pk": 6,
  "fields": {
    "final_element": true,
    "_redirect": null
  }
},
{
  "model": "service_development.keyinput",
  "pk": 10,
  "fields": {
    "final_element": false,
    "_redirect": 6
  }
},
{
  "model": "service_development.keyinput",
  "pk": 18,
  "fields": {
    "final_element": false,
    "_redirect": null
  }
},
{
  "model": "service_development.keyinput",
  "pk": 19,
  "fields": {
    "final_element": false,
    "_redirect": 20
  }
},
{
  "model": "service_development.keyinput",
  "pk": 20,
  "fields": {
    "final_element": false,
    "_redirect": 31
  }
},
{
  "model": "contenttypes.contenttype",
  "pk": 1,
  "fields": {
    "app_label": "service_development",
    "model": "advertisement"
  }
},
{
  "model": "contenttypes.contenttype",
  "pk": 2,
  "fields": {
    "app_label": "service_development",
    "model": "callsession"
  }
},
{
  "model": "contenttypes.contenttype",
  "pk": 3,
  "fields": {
    "app_label": "service_development",
    "model": "callsessionstep"
  }
},
{
  "model": "contenttypes.contenttype",
  "pk": 4,
  "fields": {
    "app_label": "service_development",
    "model": "farmer"
  }
},
{
  "model": "contenttypes.contenttype",
  "pk": 5,
  "fields": {
    "app_label": "service_development",
    "model": "farmerinputcategory"
  }
},
{
  "model": "contenttypes.contenttype",
  "pk": 6,
  "fields": {
    "app_label": "service_development",
    "model": "language"
  }
},
{
  "model": "contenttypes.contenttype",
  "pk": 7,
  "fields": {
    "app_label": "service_development",
    "model": "seed"
  }
},
{
  "model": "contenttypes.contenttype",
  "pk": 8,
  "fields": {
    "app_label": "service_development",
    "model": "spokenfarmerinput"
  }
},
{
  "model": "contenttypes.contenttype",
  "pk": 9,
  "fields": {
    "app_label": "service_development",
    "model": "voicefragment"
  }
},
{
  "model": "contenttypes.contenttype",
  "pk": 10,
  "fields": {
    "app_label": "service_development",
    "model": "voicelabel"
  }
},
{
  "model": "contenttypes.contenttype",
  "pk": 11,
  "fields": {
    "app_label": "service_development",
    "model": "voiceservice"
  }
},
{
  "model": "contenttypes.contenttype",
  "pk": 12,
  "fields": {
    "app_label": "service_development",
    "model": "voiceservicesubelement"
  }
},
{
  "model": "contenttypes.contenttype",
  "pk": 13,
  "fields": {
    "app_label": "service_development",
    "model": "choiceoption"
  }
},
{
  "model": "contenttypes.contenttype",
  "pk": 14,
  "fields": {
    "app_label": "service_development",
    "model": "voiceserviceelement"
  }
},
{
  "model": "contenttypes.contenttype",
  "pk": 15,
  "fields": {
    "app_label": "service_development",
    "model": "choice"
  }
},
{
  "model": "contenttypes.contenttype",
  "pk": 16,
  "fields": {
    "app_label": "service_development",
    "model": "keyinputpresentation"
  }
},
{
  "model": "contenttypes.contenttype",
  "pk": 17,
  "fields": {
    "app_label": "service_development",
    "model": "messagepresentation"
  }
},
{
  "model": "contenttypes.contenttype",
  "pk": 18,
  "fields": {
    "app_label": "service_development",
    "model": "record"
  }
},
{
  "model": "contenttypes.contenttype",
  "pk": 19,
  "fields": {
    "app_label": "admin",
    "model": "logentry"
  }
},
{
  "model": "contenttypes.contenttype",
  "pk": 20,
  "fields": {
    "app_label": "auth",
    "model": "permission"
  }
},
{
  "model": "contenttypes.contenttype",
  "pk": 21,
  "fields": {
    "app_label": "auth",
    "model": "group"
  }
},
{
  "model": "contenttypes.contenttype",
  "pk": 22,
  "fields": {
    "app_label": "auth",
    "model": "user"
  }
},
{
  "model": "contenttypes.contenttype",
  "pk": 23,
  "fields": {
    "app_label": "contenttypes",
    "model": "contenttype"
  }
},
{
  "model": "contenttypes.contenttype",
  "pk": 24,
  "fields": {
    "app_label": "sessions",
    "model": "session"
  }
},
{
  "model": "contenttypes.contenttype",
  "pk": 25,
  "fields": {
    "app_label": "service_development",
    "model": "keyinput"
  }
},
{
  "model": "sessions.session",
  "pk": "r3b7n9c6gx55on45six8dw7b18uex7l6",
  "fields": {
    "session_data": "OWNhMThlNGQwOTcyZDdiNTNiZTM2M2QwNjgwZTFjMDI5YjE2MDU0Mjp7Il9hdXRoX3VzZXJfaWQiOiIxIiwiX2F1dGhfdXNlcl9iYWNrZW5kIjoiZGphbmdvLmNvbnRyaWIuYXV0aC5iYWNrZW5kcy5Nb2RlbEJhY2tlbmQiLCJfYXV0aF91c2VyX2hhc2giOiIzMGY2ZGUyOTA5YWRhYmZkNTBhYjNhMjRmNjg1NGEzMWEzOWViZmRmIn0=",
    "expire_date": "2019-05-13T15:04:24.069Z"
  }
},
{
  "model": "auth.permission",
  "pk": 1,
  "fields": {
    "name": "Can add advertisement",
    "content_type": 1,
    "codename": "add_advertisement"
  }
},
{
  "model": "auth.permission",
  "pk": 2,
  "fields": {
    "name": "Can change advertisement",
    "content_type": 1,
    "codename": "change_advertisement"
  }
},
{
  "model": "auth.permission",
  "pk": 3,
  "fields": {
    "name": "Can delete advertisement",
    "content_type": 1,
    "codename": "delete_advertisement"
  }
},
{
  "model": "auth.permission",
  "pk": 4,
  "fields": {
    "name": "Can add Call Session",
    "content_type": 2,
    "codename": "add_callsession"
  }
},
{
  "model": "auth.permission",
  "pk": 5,
  "fields": {
    "name": "Can change Call Session",
    "content_type": 2,
    "codename": "change_callsession"
  }
},
{
  "model": "auth.permission",
  "pk": 6,
  "fields": {
    "name": "Can delete Call Session",
    "content_type": 2,
    "codename": "delete_callsession"
  }
},
{
  "model": "auth.permission",
  "pk": 7,
  "fields": {
    "name": "Can add Call Session Step",
    "content_type": 3,
    "codename": "add_callsessionstep"
  }
},
{
  "model": "auth.permission",
  "pk": 8,
  "fields": {
    "name": "Can change Call Session Step",
    "content_type": 3,
    "codename": "change_callsessionstep"
  }
},
{
  "model": "auth.permission",
  "pk": 9,
  "fields": {
    "name": "Can delete Call Session Step",
    "content_type": 3,
    "codename": "delete_callsessionstep"
  }
},
{
  "model": "auth.permission",
  "pk": 10,
  "fields": {
    "name": "Can add Farmer",
    "content_type": 4,
    "codename": "add_farmer"
  }
},
{
  "model": "auth.permission",
  "pk": 11,
  "fields": {
    "name": "Can change Farmer",
    "content_type": 4,
    "codename": "change_farmer"
  }
},
{
  "model": "auth.permission",
  "pk": 12,
  "fields": {
    "name": "Can delete Farmer",
    "content_type": 4,
    "codename": "delete_farmer"
  }
},
{
  "model": "auth.permission",
  "pk": 13,
  "fields": {
    "name": "Can add Farmer Input Category",
    "content_type": 5,
    "codename": "add_farmerinputcategory"
  }
},
{
  "model": "auth.permission",
  "pk": 14,
  "fields": {
    "name": "Can change Farmer Input Category",
    "content_type": 5,
    "codename": "change_farmerinputcategory"
  }
},
{
  "model": "auth.permission",
  "pk": 15,
  "fields": {
    "name": "Can delete Farmer Input Category",
    "content_type": 5,
    "codename": "delete_farmerinputcategory"
  }
},
{
  "model": "auth.permission",
  "pk": 16,
  "fields": {
    "name": "Can add Language",
    "content_type": 6,
    "codename": "add_language"
  }
},
{
  "model": "auth.permission",
  "pk": 17,
  "fields": {
    "name": "Can change Language",
    "content_type": 6,
    "codename": "change_language"
  }
},
{
  "model": "auth.permission",
  "pk": 18,
  "fields": {
    "name": "Can delete Language",
    "content_type": 6,
    "codename": "delete_language"
  }
},
{
  "model": "auth.permission",
  "pk": 19,
  "fields": {
    "name": "Can add Seed",
    "content_type": 7,
    "codename": "add_seed"
  }
},
{
  "model": "auth.permission",
  "pk": 20,
  "fields": {
    "name": "Can change Seed",
    "content_type": 7,
    "codename": "change_seed"
  }
},
{
  "model": "auth.permission",
  "pk": 21,
  "fields": {
    "name": "Can delete Seed",
    "content_type": 7,
    "codename": "delete_seed"
  }
},
{
  "model": "auth.permission",
  "pk": 22,
  "fields": {
    "name": "Can add Spoken Farmer Input",
    "content_type": 8,
    "codename": "add_spokenfarmerinput"
  }
},
{
  "model": "auth.permission",
  "pk": 23,
  "fields": {
    "name": "Can change Spoken Farmer Input",
    "content_type": 8,
    "codename": "change_spokenfarmerinput"
  }
},
{
  "model": "auth.permission",
  "pk": 24,
  "fields": {
    "name": "Can delete Spoken Farmer Input",
    "content_type": 8,
    "codename": "delete_spokenfarmerinput"
  }
},
{
  "model": "auth.permission",
  "pk": 25,
  "fields": {
    "name": "Can add Voice Fragment",
    "content_type": 9,
    "codename": "add_voicefragment"
  }
},
{
  "model": "auth.permission",
  "pk": 26,
  "fields": {
    "name": "Can change Voice Fragment",
    "content_type": 9,
    "codename": "change_voicefragment"
  }
},
{
  "model": "auth.permission",
  "pk": 27,
  "fields": {
    "name": "Can delete Voice Fragment",
    "content_type": 9,
    "codename": "delete_voicefragment"
  }
},
{
  "model": "auth.permission",
  "pk": 28,
  "fields": {
    "name": "Can add Voice Label",
    "content_type": 10,
    "codename": "add_voicelabel"
  }
},
{
  "model": "auth.permission",
  "pk": 29,
  "fields": {
    "name": "Can change Voice Label",
    "content_type": 10,
    "codename": "change_voicelabel"
  }
},
{
  "model": "auth.permission",
  "pk": 30,
  "fields": {
    "name": "Can delete Voice Label",
    "content_type": 10,
    "codename": "delete_voicelabel"
  }
},
{
  "model": "auth.permission",
  "pk": 31,
  "fields": {
    "name": "Can add Voice Service",
    "content_type": 11,
    "codename": "add_voiceservice"
  }
},
{
  "model": "auth.permission",
  "pk": 32,
  "fields": {
    "name": "Can change Voice Service",
    "content_type": 11,
    "codename": "change_voiceservice"
  }
},
{
  "model": "auth.permission",
  "pk": 33,
  "fields": {
    "name": "Can delete Voice Service",
    "content_type": 11,
    "codename": "delete_voiceservice"
  }
},
{
  "model": "auth.permission",
  "pk": 34,
  "fields": {
    "name": "Can add Voice Service Sub-Element",
    "content_type": 12,
    "codename": "add_voiceservicesubelement"
  }
},
{
  "model": "auth.permission",
  "pk": 35,
  "fields": {
    "name": "Can change Voice Service Sub-Element",
    "content_type": 12,
    "codename": "change_voiceservicesubelement"
  }
},
{
  "model": "auth.permission",
  "pk": 36,
  "fields": {
    "name": "Can delete Voice Service Sub-Element",
    "content_type": 12,
    "codename": "delete_voiceservicesubelement"
  }
},
{
  "model": "auth.permission",
  "pk": 37,
  "fields": {
    "name": "Can add Voice Service",
    "content_type": 13,
    "codename": "add_choiceoption"
  }
},
{
  "model": "auth.permission",
  "pk": 38,
  "fields": {
    "name": "Can change Voice Service",
    "content_type": 13,
    "codename": "change_choiceoption"
  }
},
{
  "model": "auth.permission",
  "pk": 39,
  "fields": {
    "name": "Can delete Voice Service",
    "content_type": 13,
    "codename": "delete_choiceoption"
  }
},
{
  "model": "auth.permission",
  "pk": 40,
  "fields": {
    "name": "Can add Voice Service Element",
    "content_type": 14,
    "codename": "add_voiceserviceelement"
  }
},
{
  "model": "auth.permission",
  "pk": 41,
  "fields": {
    "name": "Can change Voice Service Element",
    "content_type": 14,
    "codename": "change_voiceserviceelement"
  }
},
{
  "model": "auth.permission",
  "pk": 42,
  "fields": {
    "name": "Can delete Voice Service Element",
    "content_type": 14,
    "codename": "delete_voiceserviceelement"
  }
},
{
  "model": "auth.permission",
  "pk": 43,
  "fields": {
    "name": "Can add Choice Element",
    "content_type": 15,
    "codename": "add_choice"
  }
},
{
  "model": "auth.permission",
  "pk": 44,
  "fields": {
    "name": "Can change Choice Element",
    "content_type": 15,
    "codename": "change_choice"
  }
},
{
  "model": "auth.permission",
  "pk": 45,
  "fields": {
    "name": "Can delete Choice Element",
    "content_type": 15,
    "codename": "delete_choice"
  }
},
{
  "model": "auth.permission",
  "pk": 46,
  "fields": {
    "name": "Can add Key input Presentation Element",
    "content_type": 16,
    "codename": "add_keyinputpresentation"
  }
},
{
  "model": "auth.permission",
  "pk": 47,
  "fields": {
    "name": "Can change Key input Presentation Element",
    "content_type": 16,
    "codename": "change_keyinputpresentation"
  }
},
{
  "model": "auth.permission",
  "pk": 48,
  "fields": {
    "name": "Can delete Key input Presentation Element",
    "content_type": 16,
    "codename": "delete_keyinputpresentation"
  }
},
{
  "model": "auth.permission",
  "pk": 49,
  "fields": {
    "name": "Can add Message Presentation Element",
    "content_type": 17,
    "codename": "add_messagepresentation"
  }
},
{
  "model": "auth.permission",
  "pk": 50,
  "fields": {
    "name": "Can change Message Presentation Element",
    "content_type": 17,
    "codename": "change_messagepresentation"
  }
},
{
  "model": "auth.permission",
  "pk": 51,
  "fields": {
    "name": "Can delete Message Presentation Element",
    "content_type": 17,
    "codename": "delete_messagepresentation"
  }
},
{
  "model": "auth.permission",
  "pk": 52,
  "fields": {
    "name": "Can add Spoken Input Element",
    "content_type": 18,
    "codename": "add_record"
  }
},
{
  "model": "auth.permission",
  "pk": 53,
  "fields": {
    "name": "Can change Spoken Input Element",
    "content_type": 18,
    "codename": "change_record"
  }
},
{
  "model": "auth.permission",
  "pk": 54,
  "fields": {
    "name": "Can delete Spoken Input Element",
    "content_type": 18,
    "codename": "delete_record"
  }
},
{
  "model": "auth.permission",
  "pk": 55,
  "fields": {
    "name": "Can add log entry",
    "content_type": 19,
    "codename": "add_logentry"
  }
},
{
  "model": "auth.permission",
  "pk": 56,
  "fields": {
    "name": "Can change log entry",
    "content_type": 19,
    "codename": "change_logentry"
  }
},
{
  "model": "auth.permission",
  "pk": 57,
  "fields": {
    "name": "Can delete log entry",
    "content_type": 19,
    "codename": "delete_logentry"
  }
},
{
  "model": "auth.permission",
  "pk": 58,
  "fields": {
    "name": "Can add permission",
    "content_type": 20,
    "codename": "add_permission"
  }
},
{
  "model": "auth.permission",
  "pk": 59,
  "fields": {
    "name": "Can change permission",
    "content_type": 20,
    "codename": "change_permission"
  }
},
{
  "model": "auth.permission",
  "pk": 60,
  "fields": {
    "name": "Can delete permission",
    "content_type": 20,
    "codename": "delete_permission"
  }
},
{
  "model": "auth.permission",
  "pk": 61,
  "fields": {
    "name": "Can add group",
    "content_type": 21,
    "codename": "add_group"
  }
},
{
  "model": "auth.permission",
  "pk": 62,
  "fields": {
    "name": "Can change group",
    "content_type": 21,
    "codename": "change_group"
  }
},
{
  "model": "auth.permission",
  "pk": 63,
  "fields": {
    "name": "Can delete group",
    "content_type": 21,
    "codename": "delete_group"
  }
},
{
  "model": "auth.permission",
  "pk": 64,
  "fields": {
    "name": "Can add user",
    "content_type": 22,
    "codename": "add_user"
  }
},
{
  "model": "auth.permission",
  "pk": 65,
  "fields": {
    "name": "Can change user",
    "content_type": 22,
    "codename": "change_user"
  }
},
{
  "model": "auth.permission",
  "pk": 66,
  "fields": {
    "name": "Can delete user",
    "content_type": 22,
    "codename": "delete_user"
  }
},
{
  "model": "auth.permission",
  "pk": 67,
  "fields": {
    "name": "Can add content type",
    "content_type": 23,
    "codename": "add_contenttype"
  }
},
{
  "model": "auth.permission",
  "pk": 68,
  "fields": {
    "name": "Can change content type",
    "content_type": 23,
    "codename": "change_contenttype"
  }
},
{
  "model": "auth.permission",
  "pk": 69,
  "fields": {
    "name": "Can delete content type",
    "content_type": 23,
    "codename": "delete_contenttype"
  }
},
{
  "model": "auth.permission",
  "pk": 70,
  "fields": {
    "name": "Can add session",
    "content_type": 24,
    "codename": "add_session"
  }
},
{
  "model": "auth.permission",
  "pk": 71,
  "fields": {
    "name": "Can change session",
    "content_type": 24,
    "codename": "change_session"
  }
},
{
  "model": "auth.permission",
  "pk": 72,
  "fields": {
    "name": "Can delete session",
    "content_type": 24,
    "codename": "delete_session"
  }
},
{
  "model": "auth.permission",
  "pk": 73,
  "fields": {
    "name": "Can add Key input Element",
    "content_type": 25,
    "codename": "add_keyinput"
  }
},
{
  "model": "auth.permission",
  "pk": 74,
  "fields": {
    "name": "Can change Key input Element",
    "content_type": 25,
    "codename": "change_keyinput"
  }
},
{
  "model": "auth.permission",
  "pk": 75,
  "fields": {
    "name": "Can delete Key input Element",
    "content_type": 25,
    "codename": "delete_keyinput"
  }
},
{
  "model": "auth.user",
  "pk": 1,
  "fields": {
    "password": "pbkdf2_sha256$100000$F6r14yqXOtMd$cYtF3HrHa0EXxRV4PjlMYxWihKKS7DPRzBPZHMx+7GM=",
    "last_login": "2019-04-29T15:04:24.066Z",
    "is_superuser": true,
    "username": "enya",
    "first_name": "",
    "last_name": "",
    "email": "e.s.nieland@student.vu.nl",
    "is_staff": true,
    "is_active": true,
    "date_joined": "2019-04-29T15:04:02.747Z",
    "groups": [],
    "user_permissions": []
  }
},
{
  "model": "admin.logentry",
  "pk": 1,
  "fields": {
    "action_time": "2019-04-29T15:05:34.397Z",
    "user": 1,
    "content_type": 16,
    "object_id": "8",
    "object_repr": "Key Input: test",
    "action_flag": 1,
    "change_message": "[{\"added\": {}}]"
  }
},
{
  "model": "admin.logentry",
  "pk": 2,
  "fields": {
    "action_time": "2019-04-29T15:05:48.233Z",
    "user": 1,
    "content_type": 11,
    "object_id": "1",
    "object_repr": "Voice Service: King's truth checker",
    "action_flag": 2,
    "change_message": "[{\"changed\": {\"fields\": [\"_start_element\"]}}]"
  }
},
{
  "model": "admin.logentry",
  "pk": 3,
  "fields": {
    "action_time": "2019-04-29T15:28:29.106Z",
    "user": 1,
    "content_type": 16,
    "object_id": "9",
    "object_repr": "Key Input: test",
    "action_flag": 1,
    "change_message": "[{\"added\": {}}]"
  }
},
{
  "model": "admin.logentry",
  "pk": 4,
  "fields": {
    "action_time": "2019-04-29T15:34:00.294Z",
    "user": 1,
    "content_type": 25,
    "object_id": "10",
    "object_repr": "Key Input: test",
    "action_flag": 1,
    "change_message": "[{\"added\": {}}]"
  }
},
{
  "model": "admin.logentry",
  "pk": 5,
  "fields": {
    "action_time": "2019-04-29T15:34:33.569Z",
    "user": 1,
    "content_type": 25,
    "object_id": "10",
    "object_repr": "Key Input: test3",
    "action_flag": 2,
    "change_message": "[{\"changed\": {\"fields\": [\"name\"]}}]"
  }
},
{
  "model": "admin.logentry",
  "pk": 6,
  "fields": {
    "action_time": "2019-04-29T15:34:45.489Z",
    "user": 1,
    "content_type": 11,
    "object_id": "1",
    "object_repr": "Voice Service: King's truth checker",
    "action_flag": 2,
    "change_message": "[{\"changed\": {\"fields\": [\"_start_element\"]}}]"
  }
},
{
  "model": "admin.logentry",
  "pk": 7,
  "fields": {
    "action_time": "2019-04-30T07:58:26.738Z",
    "user": 1,
    "content_type": 2,
    "object_id": "13",
    "object_repr": "10 (04/30/2019 7:46 a.m.)",
    "action_flag": 3,
    "change_message": ""
  }
},
{
  "model": "admin.logentry",
  "pk": 8,
  "fields": {
    "action_time": "2019-04-30T07:58:26.743Z",
    "user": 1,
    "content_type": 2,
    "object_id": "12",
    "object_repr": "1 (04/30/2019 7:46 a.m.)",
    "action_flag": 3,
    "change_message": ""
  }
},
{
  "model": "admin.logentry",
  "pk": 9,
  "fields": {
    "action_time": "2019-04-30T07:58:26.745Z",
    "user": 1,
    "content_type": 2,
    "object_id": "11",
    "object_repr": "5 (04/30/2019 7:46 a.m.)",
    "action_flag": 3,
    "change_message": ""
  }
},
{
  "model": "admin.logentry",
  "pk": 10,
  "fields": {
    "action_time": "2019-04-30T07:58:26.747Z",
    "user": 1,
    "content_type": 2,
    "object_id": "10",
    "object_repr": "5 (04/29/2019 4:04 p.m.)",
    "action_flag": 3,
    "change_message": ""
  }
},
{
  "model": "admin.logentry",
  "pk": 11,
  "fields": {
    "action_time": "2019-04-30T07:58:26.749Z",
    "user": 1,
    "content_type": 2,
    "object_id": "9",
    "object_repr": "5 (04/29/2019 4:03 p.m.)",
    "action_flag": 3,
    "change_message": ""
  }
},
{
  "model": "admin.logentry",
  "pk": 12,
  "fields": {
    "action_time": "2019-04-30T07:58:26.751Z",
    "user": 1,
    "content_type": 2,
    "object_id": "8",
    "object_repr": "3 (04/29/2019 3:51 p.m.)",
    "action_flag": 3,
    "change_message": ""
  }
},
{
  "model": "admin.logentry",
  "pk": 13,
  "fields": {
    "action_time": "2019-04-30T07:58:26.753Z",
    "user": 1,
    "content_type": 2,
    "object_id": "7",
    "object_repr": "3 (04/29/2019 3:34 p.m.)",
    "action_flag": 3,
    "change_message": ""
  }
},
{
  "model": "admin.logentry",
  "pk": 14,
  "fields": {
    "action_time": "2019-04-30T07:58:26.755Z",
    "user": 1,
    "content_type": 2,
    "object_id": "6",
    "object_repr": "3 (04/29/2019 3:24 p.m.)",
    "action_flag": 3,
    "change_message": ""
  }
},
{
  "model": "admin.logentry",
  "pk": 15,
  "fields": {
    "action_time": "2019-04-30T07:58:26.757Z",
    "user": 1,
    "content_type": 2,
    "object_id": "5",
    "object_repr": "2 (04/29/2019 3:24 p.m.)",
    "action_flag": 3,
    "change_message": ""
  }
},
{
  "model": "admin.logentry",
  "pk": 16,
  "fields": {
    "action_time": "2019-04-30T07:58:26.759Z",
    "user": 1,
    "content_type": 2,
    "object_id": "4",
    "object_repr": "2 (04/29/2019 3:16 p.m.)",
    "action_flag": 3,
    "change_message": ""
  }
},
{
  "model": "admin.logentry",
  "pk": 17,
  "fields": {
    "action_time": "2019-04-30T07:58:26.762Z",
    "user": 1,
    "content_type": 2,
    "object_id": "3",
    "object_repr": "1 (04/29/2019 3:14 p.m.)",
    "action_flag": 3,
    "change_message": ""
  }
},
{
  "model": "admin.logentry",
  "pk": 18,
  "fields": {
    "action_time": "2019-04-30T07:58:26.765Z",
    "user": 1,
    "content_type": 2,
    "object_id": "2",
    "object_repr": "11 (04/29/2019 3:14 p.m.)",
    "action_flag": 3,
    "change_message": ""
  }
},
{
  "model": "admin.logentry",
  "pk": 19,
  "fields": {
    "action_time": "2019-04-30T07:58:26.771Z",
    "user": 1,
    "content_type": 2,
    "object_id": "1",
    "object_repr": "11 (04/29/2019 3:06 p.m.)",
    "action_flag": 3,
    "change_message": ""
  }
},
{
  "model": "admin.logentry",
  "pk": 20,
  "fields": {
    "action_time": "2019-04-30T07:59:12.663Z",
    "user": 1,
    "content_type": 2,
    "object_id": "16",
    "object_repr": "2 (04/30/2019 7:58 a.m.)",
    "action_flag": 3,
    "change_message": ""
  }
},
{
  "model": "admin.logentry",
  "pk": 21,
  "fields": {
    "action_time": "2019-04-30T07:59:12.668Z",
    "user": 1,
    "content_type": 2,
    "object_id": "15",
    "object_repr": "1 (04/30/2019 7:58 a.m.)",
    "action_flag": 3,
    "change_message": ""
  }
},
{
  "model": "admin.logentry",
  "pk": 22,
  "fields": {
    "action_time": "2019-04-30T07:59:12.670Z",
    "user": 1,
    "content_type": 2,
    "object_id": "14",
    "object_repr": "1 (04/30/2019 7:58 a.m.)",
    "action_flag": 3,
    "change_message": ""
  }
},
{
  "model": "admin.logentry",
  "pk": 23,
  "fields": {
    "action_time": "2019-04-30T07:59:46.354Z",
    "user": 1,
    "content_type": 4,
    "object_id": "7",
    "object_repr": "10",
    "action_flag": 3,
    "change_message": ""
  }
},
{
  "model": "admin.logentry",
  "pk": 24,
  "fields": {
    "action_time": "2019-04-30T07:59:46.359Z",
    "user": 1,
    "content_type": 4,
    "object_id": "6",
    "object_repr": "5",
    "action_flag": 3,
    "change_message": ""
  }
},
{
  "model": "admin.logentry",
  "pk": 25,
  "fields": {
    "action_time": "2019-04-30T07:59:46.361Z",
    "user": 1,
    "content_type": 4,
    "object_id": "5",
    "object_repr": "3",
    "action_flag": 3,
    "change_message": ""
  }
},
{
  "model": "admin.logentry",
  "pk": 26,
  "fields": {
    "action_time": "2019-04-30T07:59:46.363Z",
    "user": 1,
    "content_type": 4,
    "object_id": "4",
    "object_repr": "2",
    "action_flag": 3,
    "change_message": ""
  }
},
{
  "model": "admin.logentry",
  "pk": 27,
  "fields": {
    "action_time": "2019-04-30T07:59:46.365Z",
    "user": 1,
    "content_type": 4,
    "object_id": "3",
    "object_repr": "1",
    "action_flag": 3,
    "change_message": ""
  }
},
{
  "model": "admin.logentry",
  "pk": 28,
  "fields": {
    "action_time": "2019-04-30T07:59:46.368Z",
    "user": 1,
    "content_type": 4,
    "object_id": "2",
    "object_repr": "11",
    "action_flag": 3,
    "change_message": ""
  }
},
{
  "model": "admin.logentry",
  "pk": 29,
  "fields": {
    "action_time": "2019-04-30T07:59:56.470Z",
    "user": 1,
    "content_type": 2,
    "object_id": "18",
    "object_repr": "684 (04/30/2019 7:59 a.m.)",
    "action_flag": 3,
    "change_message": ""
  }
},
{
  "model": "admin.logentry",
  "pk": 30,
  "fields": {
    "action_time": "2019-04-30T07:59:56.475Z",
    "user": 1,
    "content_type": 2,
    "object_id": "17",
    "object_repr": "1 (04/30/2019 7:59 a.m.)",
    "action_flag": 3,
    "change_message": ""
  }
},
{
  "model": "admin.logentry",
  "pk": 31,
  "fields": {
    "action_time": "2019-04-30T08:41:22.172Z",
    "user": 1,
    "content_type": 11,
    "object_id": "1",
    "object_repr": "Voice Service: King's truth checker",
    "action_flag": 2,
    "change_message": "[{\"changed\": {\"fields\": [\"_start_element\"]}}]"
  }
},
{
  "model": "admin.logentry",
  "pk": 32,
  "fields": {
    "action_time": "2019-04-30T08:48:23.180Z",
    "user": 1,
    "content_type": 11,
    "object_id": "1",
    "object_repr": "Voice Service: King's truth checker",
    "action_flag": 2,
    "change_message": "[{\"changed\": {\"fields\": [\"supported_languages\", \"_start_element\"]}}]"
  }
},
{
  "model": "admin.logentry",
  "pk": 33,
  "fields": {
    "action_time": "2019-04-30T08:48:37.034Z",
    "user": 1,
    "content_type": 11,
    "object_id": "1",
    "object_repr": "Voice Service: King's truth checker",
    "action_flag": 2,
    "change_message": "[{\"changed\": {\"fields\": [\"active\"]}}]"
  }
},
{
  "model": "admin.logentry",
  "pk": 34,
  "fields": {
    "action_time": "2019-04-30T09:09:59.956Z",
    "user": 1,
    "content_type": 7,
    "object_id": "1",
    "object_repr": "Rice",
    "action_flag": 1,
    "change_message": "[{\"added\": {}}]"
  }
},
{
  "model": "admin.logentry",
  "pk": 35,
  "fields": {
    "action_time": "2019-04-30T11:14:35.116Z",
    "user": 1,
    "content_type": 4,
    "object_id": "23",
    "object_repr": "40",
    "action_flag": 3,
    "change_message": ""
  }
},
{
  "model": "admin.logentry",
  "pk": 36,
  "fields": {
    "action_time": "2019-04-30T11:14:35.121Z",
    "user": 1,
    "content_type": 4,
    "object_id": "22",
    "object_repr": "30",
    "action_flag": 3,
    "change_message": ""
  }
},
{
  "model": "admin.logentry",
  "pk": 37,
  "fields": {
    "action_time": "2019-04-30T11:14:35.123Z",
    "user": 1,
    "content_type": 4,
    "object_id": "21",
    "object_repr": "20",
    "action_flag": 3,
    "change_message": ""
  }
},
{
  "model": "admin.logentry",
  "pk": 38,
  "fields": {
    "action_time": "2019-04-30T11:14:35.125Z",
    "user": 1,
    "content_type": 4,
    "object_id": "20",
    "object_repr": "16",
    "action_flag": 3,
    "change_message": ""
  }
},
{
  "model": "admin.logentry",
  "pk": 39,
  "fields": {
    "action_time": "2019-04-30T11:14:35.127Z",
    "user": 1,
    "content_type": 4,
    "object_id": "19",
    "object_repr": "15",
    "action_flag": 3,
    "change_message": ""
  }
},
{
  "model": "admin.logentry",
  "pk": 40,
  "fields": {
    "action_time": "2019-04-30T11:14:35.129Z",
    "user": 1,
    "content_type": 4,
    "object_id": "18",
    "object_repr": "14",
    "action_flag": 3,
    "change_message": ""
  }
},
{
  "model": "admin.logentry",
  "pk": 41,
  "fields": {
    "action_time": "2019-04-30T11:14:35.131Z",
    "user": 1,
    "content_type": 4,
    "object_id": "17",
    "object_repr": "13",
    "action_flag": 3,
    "change_message": ""
  }
},
{
  "model": "admin.logentry",
  "pk": 42,
  "fields": {
    "action_time": "2019-04-30T11:14:35.133Z",
    "user": 1,
    "content_type": 4,
    "object_id": "16",
    "object_repr": "12",
    "action_flag": 3,
    "change_message": ""
  }
},
{
  "model": "admin.logentry",
  "pk": 43,
  "fields": {
    "action_time": "2019-04-30T11:14:35.135Z",
    "user": 1,
    "content_type": 4,
    "object_id": "15",
    "object_repr": "11",
    "action_flag": 3,
    "change_message": ""
  }
},
{
  "model": "admin.logentry",
  "pk": 44,
  "fields": {
    "action_time": "2019-04-30T11:14:35.137Z",
    "user": 1,
    "content_type": 4,
    "object_id": "14",
    "object_repr": "10",
    "action_flag": 3,
    "change_message": ""
  }
},
{
  "model": "admin.logentry",
  "pk": 45,
  "fields": {
    "action_time": "2019-04-30T11:14:35.138Z",
    "user": 1,
    "content_type": 4,
    "object_id": "13",
    "object_repr": "7",
    "action_flag": 3,
    "change_message": ""
  }
},
{
  "model": "admin.logentry",
  "pk": 46,
  "fields": {
    "action_time": "2019-04-30T11:14:35.141Z",
    "user": 1,
    "content_type": 4,
    "object_id": "12",
    "object_repr": "6",
    "action_flag": 3,
    "change_message": ""
  }
},
{
  "model": "admin.logentry",
  "pk": 47,
  "fields": {
    "action_time": "2019-04-30T11:14:35.144Z",
    "user": 1,
    "content_type": 4,
    "object_id": "11",
    "object_repr": "5",
    "action_flag": 3,
    "change_message": ""
  }
},
{
  "model": "admin.logentry",
  "pk": 48,
  "fields": {
    "action_time": "2019-04-30T11:14:35.145Z",
    "user": 1,
    "content_type": 4,
    "object_id": "10",
    "object_repr": "3",
    "action_flag": 3,
    "change_message": ""
  }
},
{
  "model": "admin.logentry",
  "pk": 49,
  "fields": {
    "action_time": "2019-04-30T11:14:35.147Z",
    "user": 1,
    "content_type": 4,
    "object_id": "9",
    "object_repr": "2",
    "action_flag": 3,
    "change_message": ""
  }
},
{
  "model": "admin.logentry",
  "pk": 50,
  "fields": {
    "action_time": "2019-04-30T11:14:35.149Z",
    "user": 1,
    "content_type": 4,
    "object_id": "8",
    "object_repr": "1",
    "action_flag": 3,
    "change_message": ""
  }
},
{
  "model": "admin.logentry",
  "pk": 51,
  "fields": {
    "action_time": "2019-04-30T11:14:46.760Z",
    "user": 1,
    "content_type": 2,
    "object_id": "52",
    "object_repr": "50 (04/30/2019 11:12 a.m.)",
    "action_flag": 3,
    "change_message": ""
  }
},
{
  "model": "admin.logentry",
  "pk": 52,
  "fields": {
    "action_time": "2019-04-30T11:14:46.765Z",
    "user": 1,
    "content_type": 2,
    "object_id": "51",
    "object_repr": "50 (04/30/2019 11:12 a.m.)",
    "action_flag": 3,
    "change_message": ""
  }
},
{
  "model": "admin.logentry",
  "pk": 53,
  "fields": {
    "action_time": "2019-04-30T11:14:46.768Z",
    "user": 1,
    "content_type": 2,
    "object_id": "50",
    "object_repr": "40 (04/30/2019 10:23 a.m.)",
    "action_flag": 3,
    "change_message": ""
  }
},
{
  "model": "admin.logentry",
  "pk": 54,
  "fields": {
    "action_time": "2019-04-30T11:14:46.770Z",
    "user": 1,
    "content_type": 2,
    "object_id": "49",
    "object_repr": "40 (04/30/2019 10:21 a.m.)",
    "action_flag": 3,
    "change_message": ""
  }
},
{
  "model": "admin.logentry",
  "pk": 55,
  "fields": {
    "action_time": "2019-04-30T11:14:46.772Z",
    "user": 1,
    "content_type": 2,
    "object_id": "48",
    "object_repr": "40 (04/30/2019 10 a.m.)",
    "action_flag": 3,
    "change_message": ""
  }
},
{
  "model": "admin.logentry",
  "pk": 56,
  "fields": {
    "action_time": "2019-04-30T11:14:46.774Z",
    "user": 1,
    "content_type": 2,
    "object_id": "47",
    "object_repr": "40 (04/30/2019 9:55 a.m.)",
    "action_flag": 3,
    "change_message": ""
  }
},
{
  "model": "admin.logentry",
  "pk": 57,
  "fields": {
    "action_time": "2019-04-30T11:14:46.776Z",
    "user": 1,
    "content_type": 2,
    "object_id": "46",
    "object_repr": "40 (04/30/2019 9:54 a.m.)",
    "action_flag": 3,
    "change_message": ""
  }
},
{
  "model": "admin.logentry",
  "pk": 58,
  "fields": {
    "action_time": "2019-04-30T11:14:46.777Z",
    "user": 1,
    "content_type": 2,
    "object_id": "45",
    "object_repr": "40 (04/30/2019 9:53 a.m.)",
    "action_flag": 3,
    "change_message": ""
  }
},
{
  "model": "admin.logentry",
  "pk": 59,
  "fields": {
    "action_time": "2019-04-30T11:14:46.779Z",
    "user": 1,
    "content_type": 2,
    "object_id": "44",
    "object_repr": "40 (04/30/2019 9:52 a.m.)",
    "action_flag": 3,
    "change_message": ""
  }
},
{
  "model": "admin.logentry",
  "pk": 60,
  "fields": {
    "action_time": "2019-04-30T11:14:46.781Z",
    "user": 1,
    "content_type": 2,
    "object_id": "43",
    "object_repr": "40 (04/30/2019 9:49 a.m.)",
    "action_flag": 3,
    "change_message": ""
  }
},
{
  "model": "admin.logentry",
  "pk": 61,
  "fields": {
    "action_time": "2019-04-30T11:14:46.784Z",
    "user": 1,
    "content_type": 2,
    "object_id": "42",
    "object_repr": "40 (04/30/2019 9:46 a.m.)",
    "action_flag": 3,
    "change_message": ""
  }
},
{
  "model": "admin.logentry",
  "pk": 62,
  "fields": {
    "action_time": "2019-04-30T11:14:46.787Z",
    "user": 1,
    "content_type": 2,
    "object_id": "41",
    "object_repr": "30 (04/30/2019 9:42 a.m.)",
    "action_flag": 3,
    "change_message": ""
  }
},
{
  "model": "admin.logentry",
  "pk": 63,
  "fields": {
    "action_time": "2019-04-30T11:14:46.789Z",
    "user": 1,
    "content_type": 2,
    "object_id": "40",
    "object_repr": "20 (04/30/2019 9:35 a.m.)",
    "action_flag": 3,
    "change_message": ""
  }
},
{
  "model": "admin.logentry",
  "pk": 64,
  "fields": {
    "action_time": "2019-04-30T11:14:46.791Z",
    "user": 1,
    "content_type": 2,
    "object_id": "39",
    "object_repr": "16 (04/30/2019 9:29 a.m.)",
    "action_flag": 3,
    "change_message": ""
  }
},
{
  "model": "admin.logentry",
  "pk": 65,
  "fields": {
    "action_time": "2019-04-30T11:14:46.793Z",
    "user": 1,
    "content_type": 2,
    "object_id": "38",
    "object_repr": "16 (04/30/2019 9:29 a.m.)",
    "action_flag": 3,
    "change_message": ""
  }
},
{
  "model": "admin.logentry",
  "pk": 66,
  "fields": {
    "action_time": "2019-04-30T11:14:46.795Z",
    "user": 1,
    "content_type": 2,
    "object_id": "37",
    "object_repr": "15 (04/30/2019 9:06 a.m.)",
    "action_flag": 3,
    "change_message": ""
  }
},
{
  "model": "admin.logentry",
  "pk": 67,
  "fields": {
    "action_time": "2019-04-30T11:14:46.797Z",
    "user": 1,
    "content_type": 2,
    "object_id": "36",
    "object_repr": "15 (04/30/2019 9:05 a.m.)",
    "action_flag": 3,
    "change_message": ""
  }
},
{
  "model": "admin.logentry",
  "pk": 68,
  "fields": {
    "action_time": "2019-04-30T11:14:46.800Z",
    "user": 1,
    "content_type": 2,
    "object_id": "35",
    "object_repr": "14 (04/30/2019 9:04 a.m.)",
    "action_flag": 3,
    "change_message": ""
  }
},
{
  "model": "admin.logentry",
  "pk": 69,
  "fields": {
    "action_time": "2019-04-30T11:14:46.802Z",
    "user": 1,
    "content_type": 2,
    "object_id": "34",
    "object_repr": "13 (04/30/2019 9:03 a.m.)",
    "action_flag": 3,
    "change_message": ""
  }
},
{
  "model": "admin.logentry",
  "pk": 70,
  "fields": {
    "action_time": "2019-04-30T11:14:46.804Z",
    "user": 1,
    "content_type": 2,
    "object_id": "33",
    "object_repr": "12 (04/30/2019 8:55 a.m.)",
    "action_flag": 3,
    "change_message": ""
  }
},
{
  "model": "admin.logentry",
  "pk": 71,
  "fields": {
    "action_time": "2019-04-30T11:14:46.806Z",
    "user": 1,
    "content_type": 2,
    "object_id": "32",
    "object_repr": "11 (04/30/2019 8:53 a.m.)",
    "action_flag": 3,
    "change_message": ""
  }
},
{
  "model": "admin.logentry",
  "pk": 72,
  "fields": {
    "action_time": "2019-04-30T11:14:46.808Z",
    "user": 1,
    "content_type": 2,
    "object_id": "31",
    "object_repr": "11 (04/30/2019 8:51 a.m.)",
    "action_flag": 3,
    "change_message": ""
  }
},
{
  "model": "admin.logentry",
  "pk": 73,
  "fields": {
    "action_time": "2019-04-30T11:14:46.810Z",
    "user": 1,
    "content_type": 2,
    "object_id": "30",
    "object_repr": "10 (04/30/2019 8:49 a.m.)",
    "action_flag": 3,
    "change_message": ""
  }
},
{
  "model": "admin.logentry",
  "pk": 74,
  "fields": {
    "action_time": "2019-04-30T11:14:46.813Z",
    "user": 1,
    "content_type": 2,
    "object_id": "29",
    "object_repr": "10 (04/30/2019 8:49 a.m.)",
    "action_flag": 3,
    "change_message": ""
  }
},
{
  "model": "admin.logentry",
  "pk": 75,
  "fields": {
    "action_time": "2019-04-30T11:14:46.815Z",
    "user": 1,
    "content_type": 2,
    "object_id": "28",
    "object_repr": "7 (04/30/2019 8:42 a.m.)",
    "action_flag": 3,
    "change_message": ""
  }
},
{
  "model": "admin.logentry",
  "pk": 76,
  "fields": {
    "action_time": "2019-04-30T11:14:46.819Z",
    "user": 1,
    "content_type": 2,
    "object_id": "27",
    "object_repr": "7 (04/30/2019 8:41 a.m.)",
    "action_flag": 3,
    "change_message": ""
  }
},
{
  "model": "admin.logentry",
  "pk": 77,
  "fields": {
    "action_time": "2019-04-30T11:14:46.822Z",
    "user": 1,
    "content_type": 2,
    "object_id": "26",
    "object_repr": "6 (04/30/2019 8:41 a.m.)",
    "action_flag": 3,
    "change_message": ""
  }
},
{
  "model": "admin.logentry",
  "pk": 78,
  "fields": {
    "action_time": "2019-04-30T11:14:46.824Z",
    "user": 1,
    "content_type": 2,
    "object_id": "25",
    "object_repr": "6 (04/30/2019 8:39 a.m.)",
    "action_flag": 3,
    "change_message": ""
  }
},
{
  "model": "admin.logentry",
  "pk": 79,
  "fields": {
    "action_time": "2019-04-30T11:14:46.826Z",
    "user": 1,
    "content_type": 2,
    "object_id": "24",
    "object_repr": "5 (04/30/2019 8:38 a.m.)",
    "action_flag": 3,
    "change_message": ""
  }
},
{
  "model": "admin.logentry",
  "pk": 80,
  "fields": {
    "action_time": "2019-04-30T11:14:46.828Z",
    "user": 1,
    "content_type": 2,
    "object_id": "23",
    "object_repr": "5 (04/30/2019 8:37 a.m.)",
    "action_flag": 3,
    "change_message": ""
  }
},
{
  "model": "admin.logentry",
  "pk": 81,
  "fields": {
    "action_time": "2019-04-30T11:14:46.831Z",
    "user": 1,
    "content_type": 2,
    "object_id": "22",
    "object_repr": "4 (04/30/2019 8:28 a.m.)",
    "action_flag": 3,
    "change_message": ""
  }
},
{
  "model": "admin.logentry",
  "pk": 82,
  "fields": {
    "action_time": "2019-04-30T11:14:46.834Z",
    "user": 1,
    "content_type": 2,
    "object_id": "21",
    "object_repr": "3 (04/30/2019 8:26 a.m.)",
    "action_flag": 3,
    "change_message": ""
  }
},
{
  "model": "admin.logentry",
  "pk": 83,
  "fields": {
    "action_time": "2019-04-30T11:14:46.836Z",
    "user": 1,
    "content_type": 2,
    "object_id": "20",
    "object_repr": "2 (04/30/2019 8:25 a.m.)",
    "action_flag": 3,
    "change_message": ""
  }
},
{
  "model": "admin.logentry",
  "pk": 84,
  "fields": {
    "action_time": "2019-04-30T11:14:46.838Z",
    "user": 1,
    "content_type": 2,
    "object_id": "19",
    "object_repr": "1 (04/30/2019 8 a.m.)",
    "action_flag": 3,
    "change_message": ""
  }
},
{
  "model": "admin.logentry",
  "pk": 85,
  "fields": {
    "action_time": "2019-04-30T12:06:18.936Z",
    "user": 1,
    "content_type": 1,
    "object_id": "34",
    "object_repr": "",
    "action_flag": 3,
    "change_message": ""
  }
},
{
  "model": "admin.logentry",
  "pk": 86,
  "fields": {
    "action_time": "2019-04-30T12:06:18.941Z",
    "user": 1,
    "content_type": 1,
    "object_id": "33",
    "object_repr": "",
    "action_flag": 3,
    "change_message": ""
  }
},
{
  "model": "admin.logentry",
  "pk": 87,
  "fields": {
    "action_time": "2019-04-30T12:06:18.944Z",
    "user": 1,
    "content_type": 1,
    "object_id": "32",
    "object_repr": "",
    "action_flag": 3,
    "change_message": ""
  }
},
{
  "model": "admin.logentry",
  "pk": 88,
  "fields": {
    "action_time": "2019-04-30T12:06:18.945Z",
    "user": 1,
    "content_type": 1,
    "object_id": "31",
    "object_repr": "",
    "action_flag": 3,
    "change_message": ""
  }
},
{
  "model": "admin.logentry",
  "pk": 89,
  "fields": {
    "action_time": "2019-04-30T12:06:18.947Z",
    "user": 1,
    "content_type": 1,
    "object_id": "30",
    "object_repr": "",
    "action_flag": 3,
    "change_message": ""
  }
},
{
  "model": "admin.logentry",
  "pk": 90,
  "fields": {
    "action_time": "2019-04-30T12:06:18.949Z",
    "user": 1,
    "content_type": 1,
    "object_id": "29",
    "object_repr": "",
    "action_flag": 3,
    "change_message": ""
  }
},
{
  "model": "admin.logentry",
  "pk": 91,
  "fields": {
    "action_time": "2019-04-30T12:06:18.951Z",
    "user": 1,
    "content_type": 1,
    "object_id": "28",
    "object_repr": "",
    "action_flag": 3,
    "change_message": ""
  }
},
{
  "model": "admin.logentry",
  "pk": 92,
  "fields": {
    "action_time": "2019-04-30T12:06:18.953Z",
    "user": 1,
    "content_type": 1,
    "object_id": "27",
    "object_repr": "",
    "action_flag": 3,
    "change_message": ""
  }
},
{
  "model": "admin.logentry",
  "pk": 93,
  "fields": {
    "action_time": "2019-04-30T12:06:18.955Z",
    "user": 1,
    "content_type": 1,
    "object_id": "26",
    "object_repr": "",
    "action_flag": 3,
    "change_message": ""
  }
},
{
  "model": "admin.logentry",
  "pk": 94,
  "fields": {
    "action_time": "2019-04-30T12:06:18.957Z",
    "user": 1,
    "content_type": 1,
    "object_id": "25",
    "object_repr": "",
    "action_flag": 3,
    "change_message": ""
  }
},
{
  "model": "admin.logentry",
  "pk": 95,
  "fields": {
    "action_time": "2019-04-30T12:06:18.960Z",
    "user": 1,
    "content_type": 1,
    "object_id": "24",
    "object_repr": "",
    "action_flag": 3,
    "change_message": ""
  }
},
{
  "model": "admin.logentry",
  "pk": 96,
  "fields": {
    "action_time": "2019-04-30T12:06:18.963Z",
    "user": 1,
    "content_type": 1,
    "object_id": "23",
    "object_repr": "",
    "action_flag": 3,
    "change_message": ""
  }
},
{
  "model": "admin.logentry",
  "pk": 97,
  "fields": {
    "action_time": "2019-04-30T12:06:18.965Z",
    "user": 1,
    "content_type": 1,
    "object_id": "22",
    "object_repr": "",
    "action_flag": 3,
    "change_message": ""
  }
},
{
  "model": "admin.logentry",
  "pk": 98,
  "fields": {
    "action_time": "2019-04-30T12:06:18.966Z",
    "user": 1,
    "content_type": 1,
    "object_id": "21",
    "object_repr": "",
    "action_flag": 3,
    "change_message": ""
  }
},
{
  "model": "admin.logentry",
  "pk": 99,
  "fields": {
    "action_time": "2019-04-30T12:06:18.968Z",
    "user": 1,
    "content_type": 1,
    "object_id": "20",
    "object_repr": "",
    "action_flag": 3,
    "change_message": ""
  }
},
{
  "model": "admin.logentry",
  "pk": 100,
  "fields": {
    "action_time": "2019-04-30T12:06:18.970Z",
    "user": 1,
    "content_type": 1,
    "object_id": "19",
    "object_repr": "",
    "action_flag": 3,
    "change_message": ""
  }
},
{
  "model": "admin.logentry",
  "pk": 101,
  "fields": {
    "action_time": "2019-04-30T12:06:18.972Z",
    "user": 1,
    "content_type": 1,
    "object_id": "18",
    "object_repr": "",
    "action_flag": 3,
    "change_message": ""
  }
},
{
  "model": "admin.logentry",
  "pk": 102,
  "fields": {
    "action_time": "2019-04-30T12:06:18.975Z",
    "user": 1,
    "content_type": 1,
    "object_id": "17",
    "object_repr": "",
    "action_flag": 3,
    "change_message": ""
  }
},
{
  "model": "admin.logentry",
  "pk": 103,
  "fields": {
    "action_time": "2019-04-30T12:06:18.977Z",
    "user": 1,
    "content_type": 1,
    "object_id": "16",
    "object_repr": "",
    "action_flag": 3,
    "change_message": ""
  }
},
{
  "model": "admin.logentry",
  "pk": 104,
  "fields": {
    "action_time": "2019-04-30T12:06:18.978Z",
    "user": 1,
    "content_type": 1,
    "object_id": "15",
    "object_repr": "",
    "action_flag": 3,
    "change_message": ""
  }
},
{
  "model": "admin.logentry",
  "pk": 105,
  "fields": {
    "action_time": "2019-04-30T12:06:18.980Z",
    "user": 1,
    "content_type": 1,
    "object_id": "14",
    "object_repr": "",
    "action_flag": 3,
    "change_message": ""
  }
},
{
  "model": "admin.logentry",
  "pk": 106,
  "fields": {
    "action_time": "2019-04-30T12:06:18.982Z",
    "user": 1,
    "content_type": 1,
    "object_id": "13",
    "object_repr": "",
    "action_flag": 3,
    "change_message": ""
  }
},
{
  "model": "admin.logentry",
  "pk": 107,
  "fields": {
    "action_time": "2019-04-30T12:06:18.985Z",
    "user": 1,
    "content_type": 1,
    "object_id": "12",
    "object_repr": "",
    "action_flag": 3,
    "change_message": ""
  }
},
{
  "model": "admin.logentry",
  "pk": 108,
  "fields": {
    "action_time": "2019-04-30T12:06:18.987Z",
    "user": 1,
    "content_type": 1,
    "object_id": "11",
    "object_repr": "",
    "action_flag": 3,
    "change_message": ""
  }
},
{
  "model": "admin.logentry",
  "pk": 109,
  "fields": {
    "action_time": "2019-04-30T12:06:18.989Z",
    "user": 1,
    "content_type": 1,
    "object_id": "10",
    "object_repr": "",
    "action_flag": 3,
    "change_message": ""
  }
},
{
  "model": "admin.logentry",
  "pk": 110,
  "fields": {
    "action_time": "2019-04-30T12:06:18.992Z",
    "user": 1,
    "content_type": 1,
    "object_id": "9",
    "object_repr": "",
    "action_flag": 3,
    "change_message": ""
  }
},
{
  "model": "admin.logentry",
  "pk": 111,
  "fields": {
    "action_time": "2019-04-30T12:06:18.995Z",
    "user": 1,
    "content_type": 1,
    "object_id": "8",
    "object_repr": "",
    "action_flag": 3,
    "change_message": ""
  }
},
{
  "model": "admin.logentry",
  "pk": 112,
  "fields": {
    "action_time": "2019-04-30T12:06:18.998Z",
    "user": 1,
    "content_type": 1,
    "object_id": "7",
    "object_repr": "",
    "action_flag": 3,
    "change_message": ""
  }
},
{
  "model": "admin.logentry",
  "pk": 113,
  "fields": {
    "action_time": "2019-04-30T12:06:19.000Z",
    "user": 1,
    "content_type": 1,
    "object_id": "6",
    "object_repr": "",
    "action_flag": 3,
    "change_message": ""
  }
},
{
  "model": "admin.logentry",
  "pk": 114,
  "fields": {
    "action_time": "2019-04-30T12:06:19.002Z",
    "user": 1,
    "content_type": 1,
    "object_id": "5",
    "object_repr": "",
    "action_flag": 3,
    "change_message": ""
  }
},
{
  "model": "admin.logentry",
  "pk": 115,
  "fields": {
    "action_time": "2019-04-30T12:06:19.005Z",
    "user": 1,
    "content_type": 1,
    "object_id": "4",
    "object_repr": "",
    "action_flag": 3,
    "change_message": ""
  }
},
{
  "model": "admin.logentry",
  "pk": 116,
  "fields": {
    "action_time": "2019-04-30T12:06:19.008Z",
    "user": 1,
    "content_type": 1,
    "object_id": "3",
    "object_repr": "",
    "action_flag": 3,
    "change_message": ""
  }
},
{
  "model": "admin.logentry",
  "pk": 117,
  "fields": {
    "action_time": "2019-04-30T12:06:19.010Z",
    "user": 1,
    "content_type": 1,
    "object_id": "2",
    "object_repr": "",
    "action_flag": 3,
    "change_message": ""
  }
},
{
  "model": "admin.logentry",
  "pk": 118,
  "fields": {
    "action_time": "2019-04-30T12:06:19.011Z",
    "user": 1,
    "content_type": 1,
    "object_id": "1",
    "object_repr": "",
    "action_flag": 3,
    "change_message": ""
  }
},
{
  "model": "admin.logentry",
  "pk": 119,
  "fields": {
    "action_time": "2019-04-30T13:03:42.084Z",
    "user": 1,
    "content_type": 11,
    "object_id": "1",
    "object_repr": "Voice Service: Create or Update an Advertisment",
    "action_flag": 2,
    "change_message": "[{\"changed\": {\"fields\": [\"name\", \"description\", \"_start_element\"]}}]"
  }
},
{
  "model": "admin.logentry",
  "pk": 120,
  "fields": {
    "action_time": "2019-04-30T13:04:33.870Z",
    "user": 1,
    "content_type": 15,
    "object_id": "2",
    "object_repr": "Create or Update an Advertisment",
    "action_flag": 2,
    "change_message": "[{\"changed\": {\"fields\": [\"name\", \"description\", \"voice_label\"]}}, {\"changed\": {\"name\": \"Voice Service\", \"object\": \"(Create or Update an Advertisment): Create\", \"fields\": [\"name\", \"description\"]}}, {\"changed\": {\"name\": \"Voice Service\", \"object\": \"(Create or Update an Advertisment): Update\", \"fields\": [\"name\", \"description\"]}}]"
  }
},
{
  "model": "admin.logentry",
  "pk": 121,
  "fields": {
    "action_time": "2019-04-30T13:05:30.466Z",
    "user": 1,
    "content_type": 15,
    "object_id": "11",
    "object_repr": "Choose Seed",
    "action_flag": 1,
    "change_message": "[{\"added\": {}}, {\"added\": {\"name\": \"Voice Service\", \"object\": \"(Choose Seed): Rice\"}}, {\"added\": {\"name\": \"Voice Service\", \"object\": \"(Choose Seed): Cotton\"}}, {\"added\": {\"name\": \"Voice Service\", \"object\": \"(Choose Seed): Maize\"}}]"
  }
},
{
  "model": "admin.logentry",
  "pk": 122,
  "fields": {
    "action_time": "2019-04-30T13:05:43.568Z",
    "user": 1,
    "content_type": 15,
    "object_id": "2",
    "object_repr": "Create or Update an Advertisment",
    "action_flag": 2,
    "change_message": "[{\"changed\": {\"name\": \"Voice Service\", \"object\": \"(Create or Update an Advertisment): Create\", \"fields\": [\"_redirect\"]}}, {\"changed\": {\"name\": \"Voice Service\", \"object\": \"(Create or Update an Advertisment): Update\", \"fields\": [\"_redirect\"]}}]"
  }
},
{
  "model": "admin.logentry",
  "pk": 123,
  "fields": {
    "action_time": "2019-04-30T13:06:59.814Z",
    "user": 1,
    "content_type": 15,
    "object_id": "15",
    "object_repr": "What do you want to change?",
    "action_flag": 1,
    "change_message": "[{\"added\": {}}, {\"added\": {\"name\": \"Voice Service\", \"object\": \"(What do you want to change?): Quantity\"}}, {\"added\": {\"name\": \"Voice Service\", \"object\": \"(What do you want to change?): Price\"}}]"
  }
},
{
  "model": "admin.logentry",
  "pk": 124,
  "fields": {
    "action_time": "2019-04-30T13:07:30.955Z",
    "user": 1,
    "content_type": 15,
    "object_id": "11",
    "object_repr": "Choose Seed (Update)",
    "action_flag": 2,
    "change_message": "[{\"changed\": {\"fields\": [\"name\"]}}, {\"changed\": {\"name\": \"Voice Service\", \"object\": \"(Choose Seed (Update)): Rice\", \"fields\": [\"_redirect\"]}}, {\"changed\": {\"name\": \"Voice Service\", \"object\": \"(Choose Seed (Update)): Cotton\", \"fields\": [\"_redirect\"]}}, {\"changed\": {\"name\": \"Voice Service\", \"object\": \"(Choose Seed (Update)): Maize\", \"fields\": [\"_redirect\"]}}]"
  }
},
{
  "model": "admin.logentry",
  "pk": 125,
  "fields": {
    "action_time": "2019-04-30T13:08:10.560Z",
    "user": 1,
    "content_type": 25,
    "object_id": "10",
    "object_repr": "Key Input: Quantity (Update)",
    "action_flag": 2,
    "change_message": "[{\"changed\": {\"fields\": [\"name\", \"description\"]}}]"
  }
},
{
  "model": "admin.logentry",
  "pk": 126,
  "fields": {
    "action_time": "2019-04-30T13:08:34.856Z",
    "user": 1,
    "content_type": 25,
    "object_id": "18",
    "object_repr": "Key Input: Price (Update)",
    "action_flag": 1,
    "change_message": "[{\"added\": {}}]"
  }
},
{
  "model": "admin.logentry",
  "pk": 127,
  "fields": {
    "action_time": "2019-04-30T13:08:46.297Z",
    "user": 1,
    "content_type": 25,
    "object_id": "19",
    "object_repr": "Key Input: Quantity (Create)",
    "action_flag": 1,
    "change_message": "[{\"added\": {}}]"
  }
},
{
  "model": "admin.logentry",
  "pk": 128,
  "fields": {
    "action_time": "2019-04-30T13:08:59.510Z",
    "user": 1,
    "content_type": 25,
    "object_id": "20",
    "object_repr": "Key Input: Price (Create)",
    "action_flag": 1,
    "change_message": "[{\"added\": {}}]"
  }
},
{
  "model": "admin.logentry",
  "pk": 129,
  "fields": {
    "action_time": "2019-04-30T13:09:07.108Z",
    "user": 1,
    "content_type": 25,
    "object_id": "19",
    "object_repr": "Key Input: Quantity (Create)",
    "action_flag": 2,
    "change_message": "[{\"changed\": {\"fields\": [\"_redirect\"]}}]"
  }
},
{
  "model": "admin.logentry",
  "pk": 130,
  "fields": {
    "action_time": "2019-04-30T13:09:35.067Z",
    "user": 1,
    "content_type": 15,
    "object_id": "15",
    "object_repr": "What do you want to change?",
    "action_flag": 2,
    "change_message": "[{\"changed\": {\"name\": \"Voice Service\", \"object\": \"(What do you want to change?): Quantity\", \"fields\": [\"_redirect\"]}}, {\"changed\": {\"name\": \"Voice Service\", \"object\": \"(What do you want to change?): Price\", \"fields\": [\"_redirect\"]}}]"
  }
},
{
  "model": "admin.logentry",
  "pk": 131,
  "fields": {
    "action_time": "2019-04-30T13:10:18.948Z",
    "user": 1,
    "content_type": 15,
    "object_id": "21",
    "object_repr": "Is the recorded update correct?",
    "action_flag": 1,
    "change_message": "[{\"added\": {}}, {\"added\": {\"name\": \"Voice Service\", \"object\": \"(Is the recorded update correct?): Yes\"}}, {\"added\": {\"name\": \"Voice Service\", \"object\": \"(Is the recorded update correct?): No\"}}]"
  }
},
{
  "model": "admin.logentry",
  "pk": 132,
  "fields": {
    "action_time": "2019-04-30T13:11:39.113Z",
    "user": 1,
    "content_type": 15,
    "object_id": "24",
    "object_repr": "Do you want to perform another action?",
    "action_flag": 1,
    "change_message": "[{\"added\": {}}, {\"added\": {\"name\": \"Voice Service\", \"object\": \"(Do you want to perform another action?): Yes\"}}, {\"added\": {\"name\": \"Voice Service\", \"object\": \"(Do you want to perform another action?): No\"}}]"
  }
},
{
  "model": "admin.logentry",
  "pk": 133,
  "fields": {
    "action_time": "2019-04-30T13:12:14.654Z",
    "user": 1,
    "content_type": 15,
    "object_id": "2",
    "object_repr": "What action do you want to perform?",
    "action_flag": 2,
    "change_message": "[{\"changed\": {\"fields\": [\"name\"]}}]"
  }
},
{
  "model": "admin.logentry",
  "pk": 134,
  "fields": {
    "action_time": "2019-04-30T13:12:28.913Z",
    "user": 1,
    "content_type": 15,
    "object_id": "15",
    "object_repr": "What do you want to change?",
    "action_flag": 2,
    "change_message": "[]"
  }
},
{
  "model": "admin.logentry",
  "pk": 135,
  "fields": {
    "action_time": "2019-04-30T13:12:37.747Z",
    "user": 1,
    "content_type": 15,
    "object_id": "11",
    "object_repr": "Choose Seed (Update)",
    "action_flag": 2,
    "change_message": "[]"
  }
},
{
  "model": "admin.logentry",
  "pk": 136,
  "fields": {
    "action_time": "2019-04-30T13:12:45.441Z",
    "user": 1,
    "content_type": 15,
    "object_id": "2",
    "object_repr": "What action do you want to perform?",
    "action_flag": 2,
    "change_message": "[]"
  }
},
{
  "model": "admin.logentry",
  "pk": 137,
  "fields": {
    "action_time": "2019-04-30T13:12:52.470Z",
    "user": 1,
    "content_type": 15,
    "object_id": "2",
    "object_repr": "What action do you want to perform?",
    "action_flag": 2,
    "change_message": "[]"
  }
},
{
  "model": "admin.logentry",
  "pk": 138,
  "fields": {
    "action_time": "2019-04-30T13:13:05.709Z",
    "user": 1,
    "content_type": 15,
    "object_id": "24",
    "object_repr": "Do you want to perform another action?",
    "action_flag": 2,
    "change_message": "[]"
  }
},
{
  "model": "admin.logentry",
  "pk": 139,
  "fields": {
    "action_time": "2019-04-30T13:14:11.301Z",
    "user": 1,
    "content_type": 15,
    "object_id": "27",
    "object_repr": "Choose Seed (Create)",
    "action_flag": 1,
    "change_message": "[{\"added\": {}}, {\"added\": {\"name\": \"Voice Service\", \"object\": \"(Choose Seed (Create)): Rice\"}}, {\"added\": {\"name\": \"Voice Service\", \"object\": \"(Choose Seed (Create)): Cotton\"}}, {\"added\": {\"name\": \"Voice Service\", \"object\": \"(Choose Seed (Create)): Maize\"}}]"
  }
},
{
  "model": "admin.logentry",
  "pk": 140,
  "fields": {
    "action_time": "2019-04-30T13:14:25.388Z",
    "user": 1,
    "content_type": 15,
    "object_id": "2",
    "object_repr": "What action do you want to perform?",
    "action_flag": 2,
    "change_message": "[{\"changed\": {\"name\": \"Voice Service\", \"object\": \"(What action do you want to perform?): Create\", \"fields\": [\"_redirect\"]}}]"
  }
},
{
  "model": "admin.logentry",
  "pk": 141,
  "fields": {
    "action_time": "2019-04-30T13:15:16.829Z",
    "user": 1,
    "content_type": 15,
    "object_id": "31",
    "object_repr": "Is the recorded data correct?",
    "action_flag": 1,
    "change_message": "[{\"added\": {}}, {\"added\": {\"name\": \"Voice Service\", \"object\": \"(Is the recorded data correct?): Yes\"}}, {\"added\": {\"name\": \"Voice Service\", \"object\": \"(Is the recorded data correct?): No\"}}]"
  }
},
{
  "model": "admin.logentry",
  "pk": 142,
  "fields": {
    "action_time": "2019-04-30T13:15:56.088Z",
    "user": 1,
    "content_type": 15,
    "object_id": "27",
    "object_repr": "Choose Seed (Create)",
    "action_flag": 2,
    "change_message": "[{\"changed\": {\"name\": \"Voice Service\", \"object\": \"(Choose Seed (Create)): Rice\", \"fields\": [\"_redirect\"]}}, {\"changed\": {\"name\": \"Voice Service\", \"object\": \"(Choose Seed (Create)): Cotton\", \"fields\": [\"_redirect\"]}}, {\"changed\": {\"name\": \"Voice Service\", \"object\": \"(Choose Seed (Create)): Maize\", \"fields\": [\"_redirect\"]}}]"
  }
},
{
  "model": "admin.logentry",
  "pk": 143,
  "fields": {
    "action_time": "2019-04-30T13:16:28.294Z",
    "user": 1,
    "content_type": 25,
    "object_id": "20",
    "object_repr": "Key Input: Price (Create)",
    "action_flag": 2,
    "change_message": "[{\"changed\": {\"fields\": [\"_redirect\"]}}]"
  }
},
{
  "model": "admin.logentry",
  "pk": 144,
  "fields": {
    "action_time": "2019-04-30T13:16:48.559Z",
    "user": 1,
    "content_type": 1,
    "object_id": "35",
    "object_repr": "",
    "action_flag": 3,
    "change_message": ""
  }
},
{
  "model": "admin.logentry",
  "pk": 145,
  "fields": {
    "action_time": "2019-04-30T13:17:05.103Z",
    "user": 1,
    "content_type": 4,
    "object_id": "25",
    "object_repr": "20",
    "action_flag": 3,
    "change_message": ""
  }
},
{
  "model": "admin.logentry",
  "pk": 146,
  "fields": {
    "action_time": "2019-04-30T13:17:05.107Z",
    "user": 1,
    "content_type": 4,
    "object_id": "24",
    "object_repr": "10",
    "action_flag": 3,
    "change_message": ""
  }
},
{
  "model": "admin.logentry",
  "pk": 147,
  "fields": {
    "action_time": "2019-04-30T13:17:18.358Z",
    "user": 1,
    "content_type": 6,
    "object_id": "1",
    "object_repr": "Nederlands (nl)",
    "action_flag": 3,
    "change_message": ""
  }
},
{
  "model": "admin.logentry",
  "pk": 148,
  "fields": {
    "action_time": "2019-04-30T13:17:33.842Z",
    "user": 1,
    "content_type": 17,
    "object_id": "7",
    "object_repr": "Message: King is boring",
    "action_flag": 3,
    "change_message": ""
  }
},
{
  "model": "admin.logentry",
  "pk": 149,
  "fields": {
    "action_time": "2019-04-30T13:17:33.846Z",
    "user": 1,
    "content_type": 17,
    "object_id": "5",
    "object_repr": "Message: This is the truth",
    "action_flag": 3,
    "change_message": ""
  }
}
]
