[
  {
    "model": "service_development.voicelabel",
    "pk": 1,
    "fields": {
      "name": "Dutch language",
      "description": "Nederlandse taal"
    }
  },
  {
    "model": "service_development.voicelabel",
    "pk": 2,
    "fields": {
      "name": "General error message",
      "description": ""
    }
  },
  {
    "model": "service_development.voicelabel",
    "pk": 3,
    "fields": {
      "name": "This is the truth",
      "description": ""
    }
  },
  {
    "model": "service_development.voicelabel",
    "pk": 4,
    "fields": {
      "name": "English language",
      "description": ""
    }
  },
  {
    "model": "service_development.voicelabel",
    "pk": 5,
    "fields": {
      "name": "Thank you for using this service",
      "description": ""
    }
  },
  {
    "model": "service_development.voicelabel",
    "pk": 6,
    "fields": {
      "name": "Wow, it must be a really boring guy!",
      "description": ""
    }
  },
  {
    "model": "service_development.voicelabel",
    "pk": 7,
    "fields": {
      "name": "French language",
      "description": ""
    }
  },
  {
    "model": "service_development.voicelabel",
    "pk": 8,
    "fields": {
      "name": "Please select your language",
      "description": ""
    }
  },
  {
    "model": "service_development.voicelabel",
    "pk": 9,
    "fields": {
      "name": "Pre Choice Option",
      "description": ""
    }
  },
  {
    "model": "service_development.voicelabel",
    "pk": 10,
    "fields": {
      "name": "Post Choice Option",
      "description": ""
    }
  },
  {
    "model": "service_development.voicelabel",
    "pk": 11,
    "fields": {
      "name": "One",
      "description": ""
    }
  },
  {
    "model": "service_development.voicelabel",
    "pk": 12,
    "fields": {
      "name": "Two",
      "description": ""
    }
  },
  {
    "model": "service_development.voicelabel",
    "pk": 13,
    "fields": {
      "name": "Three",
      "description": ""
    }
  },
  {
    "model": "service_development.voicelabel",
    "pk": 14,
    "fields": {
      "name": "Four",
      "description": ""
    }
  },
  {
    "model": "service_development.voicelabel",
    "pk": 15,
    "fields": {
      "name": "Five",
      "description": ""
    }
  },
  {
    "model": "service_development.voicelabel",
    "pk": 16,
    "fields": {
      "name": "Six",
      "description": ""
    }
  },
  {
    "model": "service_development.voicelabel",
    "pk": 17,
    "fields": {
      "name": "Seven",
      "description": ""
    }
  },
  {
    "model": "service_development.voicelabel",
    "pk": 18,
    "fields": {
      "name": "Eight",
      "description": ""
    }
  },
  {
    "model": "service_development.voicelabel",
    "pk": 19,
    "fields": {
      "name": "Nine",
      "description": ""
    }
  },
  {
    "model": "service_development.voicelabel",
    "pk": 20,
    "fields": {
      "name": "Zero",
      "description": ""
    }
  },
  {
    "model": "service_development.voicelabel",
    "pk": 21,
    "fields": {
      "name": "Yes",
      "description": ""
    }
  },
  {
    "model": "service_development.voicelabel",
    "pk": 22,
    "fields": {
      "name": "No",
      "description": ""
    }
  },
  {
    "model": "service_development.voicelabel",
    "pk": 23,
    "fields": {
      "name": "Does the king like to drink beer?",
      "description": ""
    }
  },
  {
    "model": "service_development.voicelabel",
    "pk": 25,
    "fields": {
      "name": "Please speak your message",
      "description": ""
    }
  },
  {
    "model": "service_development.voicelabel",
    "pk": 26,
    "fields": {
      "name": "Radio Question",
      "description": null
    }
  },
  {
    "model": "service_development.voicelabel",
    "pk": 27,
    "fields": {
      "name": "elaborate_choice",
      "description": "Would you like to leave a voice-message to elaborate on your choice? Press 1 for: Yes. Press 2 for: No."
    }
  },
  {
    "model": "service_development.voicelabel",
    "pk": 28,
    "fields": {
      "name": "record_beep",
      "description": "You can record a message after the beep, to stop the recording press pound."
    }
  },
  {
    "model": "service_development.voicelabel",
    "pk": 29,
    "fields": {
      "name": "no voice",
      "description": "We did not hear anything, please speak your message"
    }
  },
  {
    "model": "service_development.voicelabel",
    "pk": 30,
    "fields": {
      "name": "Your message",
      "description": "You recorded the following message:"
    }
  },
  {
    "model": "service_development.voicelabel",
    "pk": 31,
    "fields": {
      "name": "recording satisfaction",
      "description": "To keep it, press 1. To try again press 2. To discard press 3."
    }
  },
  {
    "model": "service_development.voicelabel",
    "pk": 32,
    "fields": {
      "name": "thank feedback",
      "description": "Thank you for your feedback, the results of this poll will be announced on the radio within an hour"
    }
  },
  {
    "model": "service_development.voicelabel",
    "pk": 33,
    "fields": {
      "name": "Infrastructure",
      "description": null
    }
  },
  {
    "model": "service_development.voicelabel",
    "pk": 34,
    "fields": {
      "name": "Health Service",
      "description": null
    }
  },
  {
    "model": "service_development.voicelabel",
    "pk": 35,
    "fields": {
      "name": "Food Security",
      "description": null
    }
  },
  {
    "model": "service_development.voicelabel",
    "pk": 36,
    "fields": {
      "name": "Educational Program",
      "description": null
    }
  },
  {
    "model": "service_development.voicelabel",
    "pk": 67,
    "fields": {
      "name": "Yes-No-Label-Start",
      "description": "Yes-No-Label-Start"
    }
  },
  {
    "model": "service_development.voicelabel",
    "pk": 68,
    "fields": {
      "name": "Yes-No-Record-Beep",
      "description": null
    }
  },
  {
    "model": "service_development.language",
    "pk": 1,
    "fields": {
      "name": "Nederlands",
      "code": "nl",
      "voice_label": 1,
      "error_message": 2,
      "select_language": 8,
      "pre_choice_option": 9,
      "post_choice_option": 10,
      "one": 11,
      "two": 12,
      "three": 13,
      "four": 14,
      "five": 15,
      "six": 16,
      "seven": 17,
      "eight": 18,
      "nine": 19,
      "zero": 20
    }
  },
  {
    "model": "service_development.language",
    "pk": 2,
    "fields": {
      "name": "English",
      "code": "en",
      "voice_label": 4,
      "error_message": 2,
      "select_language": 8,
      "pre_choice_option": 9,
      "post_choice_option": 10,
      "one": 11,
      "two": 12,
      "three": 13,
      "four": 14,
      "five": 15,
      "six": 16,
      "seven": 17,
      "eight": 18,
      "nine": 19,
      "zero": 20
    }
  },
  {
    "model": "service_development.language",
    "pk": 3,
    "fields": {
      "name": "Francais",
      "code": "fr",
      "voice_label": 7,
      "error_message": 2,
      "select_language": 8,
      "pre_choice_option": 9,
      "post_choice_option": 10,
      "one": 11,
      "two": 12,
      "three": 13,
      "four": 14,
      "five": 15,
      "six": 16,
      "seven": 17,
      "eight": 18,
      "nine": 19,
      "zero": 20
    }
  },
  {
    "model": "service_development.voicefragment",
    "pk": 1,
    "fields": {
      "parent": 6,
      "language": 2,
      "audio": "boring_guy_en.wav"
    }
  },
  {
    "model": "service_development.voicefragment",
    "pk": 2,
    "fields": {
      "parent": 6,
      "language": 1,
      "audio": "boring_guy_nl.wav"
    }
  },
  {
    "model": "service_development.voicefragment",
    "pk": 6,
    "fields": {
      "parent": 22,
      "language": 1,
      "audio": "no_nl.wav"
    }
  },
  {
    "model": "service_development.voicefragment",
    "pk": 7,
    "fields": {
      "parent": 22,
      "language": 2,
      "audio": "no_en.wav"
    }
  },
  {
    "model": "service_development.voicefragment",
    "pk": 8,
    "fields": {
      "parent": 22,
      "language": 3,
      "audio": "no_fr.wav"
    }
  },
  {
    "model": "service_development.voicefragment",
    "pk": 9,
    "fields": {
      "parent": 21,
      "language": 1,
      "audio": "yes_nl.wav"
    }
  },
  {
    "model": "service_development.voicefragment",
    "pk": 10,
    "fields": {
      "parent": 21,
      "language": 2,
      "audio": "yes_en.wav"
    }
  },
  {
    "model": "service_development.voicefragment",
    "pk": 11,
    "fields": {
      "parent": 21,
      "language": 3,
      "audio": "yes_fr.wav"
    }
  },
  {
    "model": "service_development.voicefragment",
    "pk": 12,
    "fields": {
      "parent": 20,
      "language": 1,
      "audio": "0_nl.wav"
    }
  },
  {
    "model": "service_development.voicefragment",
    "pk": 13,
    "fields": {
      "parent": 20,
      "language": 2,
      "audio": "0_en.wav"
    }
  },
  {
    "model": "service_development.voicefragment",
    "pk": 14,
    "fields": {
      "parent": 20,
      "language": 3,
      "audio": "0_fr.wav"
    }
  },
  {
    "model": "service_development.voicefragment",
    "pk": 15,
    "fields": {
      "parent": 19,
      "language": 1,
      "audio": "9_nl.wav"
    }
  },
  {
    "model": "service_development.voicefragment",
    "pk": 16,
    "fields": {
      "parent": 19,
      "language": 2,
      "audio": "9_en.wav"
    }
  },
  {
    "model": "service_development.voicefragment",
    "pk": 17,
    "fields": {
      "parent": 19,
      "language": 3,
      "audio": "9_fr.wav"
    }
  },
  {
    "model": "service_development.voicefragment",
    "pk": 18,
    "fields": {
      "parent": 18,
      "language": 1,
      "audio": "8_nl.wav"
    }
  },
  {
    "model": "service_development.voicefragment",
    "pk": 19,
    "fields": {
      "parent": 18,
      "language": 2,
      "audio": "8_en.wav"
    }
  },
  {
    "model": "service_development.voicefragment",
    "pk": 20,
    "fields": {
      "parent": 18,
      "language": 3,
      "audio": "8_fr.wav"
    }
  },
  {
    "model": "service_development.voicefragment",
    "pk": 21,
    "fields": {
      "parent": 17,
      "language": 1,
      "audio": "7_nl.wav"
    }
  },
  {
    "model": "service_development.voicefragment",
    "pk": 22,
    "fields": {
      "parent": 17,
      "language": 2,
      "audio": "7_en.wav"
    }
  },
  {
    "model": "service_development.voicefragment",
    "pk": 23,
    "fields": {
      "parent": 17,
      "language": 3,
      "audio": "7_fr.wav"
    }
  },
  {
    "model": "service_development.voicefragment",
    "pk": 24,
    "fields": {
      "parent": 16,
      "language": 1,
      "audio": "6_nl.wav"
    }
  },
  {
    "model": "service_development.voicefragment",
    "pk": 25,
    "fields": {
      "parent": 16,
      "language": 2,
      "audio": "6_en.wav"
    }
  },
  {
    "model": "service_development.voicefragment",
    "pk": 26,
    "fields": {
      "parent": 16,
      "language": 3,
      "audio": "6_fr.wav"
    }
  },
  {
    "model": "service_development.voicefragment",
    "pk": 27,
    "fields": {
      "parent": 15,
      "language": 1,
      "audio": "5_nl.wav"
    }
  },
  {
    "model": "service_development.voicefragment",
    "pk": 28,
    "fields": {
      "parent": 15,
      "language": 2,
      "audio": "5_en.wav"
    }
  },
  {
    "model": "service_development.voicefragment",
    "pk": 29,
    "fields": {
      "parent": 15,
      "language": 3,
      "audio": "5_fr.wav"
    }
  },
  {
    "model": "service_development.voicefragment",
    "pk": 30,
    "fields": {
      "parent": 14,
      "language": 1,
      "audio": "4_nl.wav"
    }
  },
  {
    "model": "service_development.voicefragment",
    "pk": 31,
    "fields": {
      "parent": 14,
      "language": 3,
      "audio": "4_fr.wav"
    }
  },
  {
    "model": "service_development.voicefragment",
    "pk": 32,
    "fields": {
      "parent": 14,
      "language": 2,
      "audio": "4_en.wav"
    }
  },
  {
    "model": "service_development.voicefragment",
    "pk": 33,
    "fields": {
      "parent": 13,
      "language": 1,
      "audio": "3_nl.wav"
    }
  },
  {
    "model": "service_development.voicefragment",
    "pk": 34,
    "fields": {
      "parent": 13,
      "language": 2,
      "audio": "3_en.wav"
    }
  },
  {
    "model": "service_development.voicefragment",
    "pk": 35,
    "fields": {
      "parent": 13,
      "language": 3,
      "audio": "3_fr.wav"
    }
  },
  {
    "model": "service_development.voicefragment",
    "pk": 36,
    "fields": {
      "parent": 12,
      "language": 1,
      "audio": "2_nl.wav"
    }
  },
  {
    "model": "service_development.voicefragment",
    "pk": 37,
    "fields": {
      "parent": 12,
      "language": 2,
      "audio": "2_en.wav"
    }
  },
  {
    "model": "service_development.voicefragment",
    "pk": 38,
    "fields": {
      "parent": 12,
      "language": 3,
      "audio": "2_fr.wav"
    }
  },
  {
    "model": "service_development.voicefragment",
    "pk": 39,
    "fields": {
      "parent": 11,
      "language": 1,
      "audio": "1_nl.wav"
    }
  },
  {
    "model": "service_development.voicefragment",
    "pk": 40,
    "fields": {
      "parent": 11,
      "language": 2,
      "audio": "1_en.wav"
    }
  },
  {
    "model": "service_development.voicefragment",
    "pk": 41,
    "fields": {
      "parent": 11,
      "language": 3,
      "audio": "1_fr.wav"
    }
  },
  {
    "model": "service_development.voicefragment",
    "pk": 42,
    "fields": {
      "parent": 10,
      "language": 1,
      "audio": "post_choice_option_nl.wav"
    }
  },
  {
    "model": "service_development.voicefragment",
    "pk": 43,
    "fields": {
      "parent": 10,
      "language": 2,
      "audio": "post_choice_option_en.wav"
    }
  },
  {
    "model": "service_development.voicefragment",
    "pk": 44,
    "fields": {
      "parent": 10,
      "language": 3,
      "audio": "post_choice_option_fr.wav"
    }
  },
  {
    "model": "service_development.voicefragment",
    "pk": 45,
    "fields": {
      "parent": 9,
      "language": 1,
      "audio": "pre_choice_option_nl.wav"
    }
  },
  {
    "model": "service_development.voicefragment",
    "pk": 46,
    "fields": {
      "parent": 9,
      "language": 2,
      "audio": "pre_choice_option_en.wav"
    }
  },
  {
    "model": "service_development.voicefragment",
    "pk": 47,
    "fields": {
      "parent": 9,
      "language": 3,
      "audio": "pre_choice_option_fr.wav"
    }
  },
  {
    "model": "service_development.voicefragment",
    "pk": 48,
    "fields": {
      "parent": 8,
      "language": 1,
      "audio": "select_language_nl.wav"
    }
  },
  {
    "model": "service_development.voicefragment",
    "pk": 49,
    "fields": {
      "parent": 8,
      "language": 2,
      "audio": "select_language_en.wav"
    }
  },
  {
    "model": "service_development.voicefragment",
    "pk": 50,
    "fields": {
      "parent": 8,
      "language": 3,
      "audio": "select_language_fr.wav"
    }
  },
  {
    "model": "service_development.voicefragment",
    "pk": 51,
    "fields": {
      "parent": 7,
      "language": 1,
      "audio": "french_nl.wav"
    }
  },
  {
    "model": "service_development.voicefragment",
    "pk": 52,
    "fields": {
      "parent": 7,
      "language": 2,
      "audio": "french_en.wav"
    }
  },
  {
    "model": "service_development.voicefragment",
    "pk": 53,
    "fields": {
      "parent": 7,
      "language": 3,
      "audio": "french_fr.wav"
    }
  },
  {
    "model": "service_development.voicefragment",
    "pk": 54,
    "fields": {
      "parent": 6,
      "language": 3,
      "audio": "boring_guy_fr.wav"
    }
  },
  {
    "model": "service_development.voicefragment",
    "pk": 55,
    "fields": {
      "parent": 5,
      "language": 1,
      "audio": "thank_you_for_using_nl.wav"
    }
  },
  {
    "model": "service_development.voicefragment",
    "pk": 56,
    "fields": {
      "parent": 5,
      "language": 2,
      "audio": "thank_you_for_using_en.wav"
    }
  },
  {
    "model": "service_development.voicefragment",
    "pk": 57,
    "fields": {
      "parent": 5,
      "language": 3,
      "audio": "thank_you_for_using_fr.wav"
    }
  },
  {
    "model": "service_development.voicefragment",
    "pk": 58,
    "fields": {
      "parent": 4,
      "language": 1,
      "audio": "english_nl.wav"
    }
  },
  {
    "model": "service_development.voicefragment",
    "pk": 59,
    "fields": {
      "parent": 4,
      "language": 2,
      "audio": "english_en.wav"
    }
  },
  {
    "model": "service_development.voicefragment",
    "pk": 60,
    "fields": {
      "parent": 4,
      "language": 3,
      "audio": "english_fr.wav"
    }
  },
  {
    "model": "service_development.voicefragment",
    "pk": 61,
    "fields": {
      "parent": 3,
      "language": 1,
      "audio": "truth_nl.wav"
    }
  },
  {
    "model": "service_development.voicefragment",
    "pk": 62,
    "fields": {
      "parent": 3,
      "language": 2,
      "audio": "truth_en.wav"
    }
  },
  {
    "model": "service_development.voicefragment",
    "pk": 63,
    "fields": {
      "parent": 3,
      "language": 3,
      "audio": "truth_fr.wav"
    }
  },
  {
    "model": "service_development.voicefragment",
    "pk": 64,
    "fields": {
      "parent": 2,
      "language": 1,
      "audio": "error_nl.wav"
    }
  },
  {
    "model": "service_development.voicefragment",
    "pk": 65,
    "fields": {
      "parent": 2,
      "language": 2,
      "audio": "error_en.wav"
    }
  },
  {
    "model": "service_development.voicefragment",
    "pk": 66,
    "fields": {
      "parent": 2,
      "language": 3,
      "audio": "error_fr.wav"
    }
  },
  {
    "model": "service_development.voicefragment",
    "pk": 67,
    "fields": {
      "parent": 1,
      "language": 1,
      "audio": "dutch_nl.wav"
    }
  },
  {
    "model": "service_development.voicefragment",
    "pk": 68,
    "fields": {
      "parent": 1,
      "language": 2,
      "audio": "dutch_en.wav"
    }
  },
  {
    "model": "service_development.voicefragment",
    "pk": 69,
    "fields": {
      "parent": 1,
      "language": 3,
      "audio": "dutch_fr.wav"
    }
  },
  {
    "model": "service_development.voicefragment",
    "pk": 70,
    "fields": {
      "parent": 23,
      "language": 1,
      "audio": "king_question_nl.wav"
    }
  },
  {
    "model": "service_development.voicefragment",
    "pk": 71,
    "fields": {
      "parent": 23,
      "language": 2,
      "audio": "king_question_en.wav"
    }
  },
  {
    "model": "service_development.voicefragment",
    "pk": 72,
    "fields": {
      "parent": 23,
      "language": 3,
      "audio": "king_question_fr.wav"
    }
  },
  {
    "model": "service_development.voicefragment",
    "pk": 74,
    "fields": {
      "parent": 25,
      "language": 3,
      "audio": "speakYourMessage.wav"
    }
  },
  {
    "model": "service_development.voicefragment",
    "pk": 75,
    "fields": {
      "parent": 26,
      "language": 2,
      "audio": "question_of_the_day.wav"
    }
  },
  {
    "model": "service_development.voicefragment",
    "pk": 76,
    "fields": {
      "parent": 27,
      "language": 2,
      "audio": "elaborate_question.wav"
    }
  },
  {
    "model": "service_development.voicefragment",
    "pk": 77,
    "fields": {
      "parent": 28,
      "language": 2,
      "audio": "record_instructions.wav"
    }
  },
  {
    "model": "service_development.voicefragment",
    "pk": 78,
    "fields": {
      "parent": 29,
      "language": 2,
      "audio": "no_voice.wav"
    }
  },
  {
    "model": "service_development.voicefragment",
    "pk": 79,
    "fields": {
      "parent": 30,
      "language": 2,
      "audio": "your_message.wav"
    }
  },
  {
    "model": "service_development.voicefragment",
    "pk": 80,
    "fields": {
      "parent": 31,
      "language": 2,
      "audio": "record_satisfaction.wav"
    }
  },
  {
    "model": "service_development.voicefragment",
    "pk": 81,
    "fields": {
      "parent": 32,
      "language": 2,
      "audio": "thank_you_feedback.wav"
    }
  },
  {
    "model": "service_development.voicefragment",
    "pk": 82,
    "fields": {
      "parent": 33,
      "language": 2,
      "audio": "infrastructure.wav"
    }
  },
  {
    "model": "service_development.voicefragment",
    "pk": 83,
    "fields": {
      "parent": 34,
      "language": 2,
      "audio": "health_service.wav"
    }
  },
  {
    "model": "service_development.voicefragment",
    "pk": 84,
    "fields": {
      "parent": 35,
      "language": 2,
      "audio": "food_security.wav"
    }
  },
  {
    "model": "service_development.voicefragment",
    "pk": 85,
    "fields": {
      "parent": 36,
      "language": 2,
      "audio": "educational_program.wav"
    }
  },
  {
    "model": "service_development.voicefragment",
    "pk": 116,
    "fields": {
      "parent": 67,
      "language": 2,
      "audio": "king_question_en_OmPlh6g.wav"
    }
  },
  {
    "model": "service_development.voicefragment",
    "pk": 117,
    "fields": {
      "parent": 67,
      "language": 1,
      "audio": "king_question_nl_lN2Usj4.wav"
    }
  },
  {
    "model": "service_development.voicefragment",
    "pk": 118,
    "fields": {
      "parent": 68,
      "language": 2,
      "audio": "record_instructions_kgSxt2O.wav"
    }
  },
  {
    "model": "service_development.voiceservicesubelement",
    "pk": 2,
    "fields": {
      "service": 1,
      "creation_date": "2017-04-23T19:30:23.792Z",
      "modification_date": "2018-02-16T16:42:26.402Z",
      "name": "Does the king like to drink beer?",
      "description": "",
      "voice_label": 23
    }
  },
  {
    "model": "service_development.voiceservicesubelement",
    "pk": 3,
    "fields": {
      "service": 1,
      "creation_date": "2017-04-23T19:32:07.853Z",
      "modification_date": "2018-01-25T14:35:48.977Z",
      "name": "Yes",
      "description": "King <3's BEER",
      "voice_label": 21
    }
  },
  {
    "model": "service_development.voiceservicesubelement",
    "pk": 4,
    "fields": {
      "service": 1,
      "creation_date": "2017-04-23T19:32:07.854Z",
      "modification_date": "2018-02-16T16:42:26.405Z",
      "name": "No",
      "description": "",
      "voice_label": 22
    }
  },
  {
    "model": "service_development.voiceservicesubelement",
    "pk": 5,
    "fields": {
      "service": 1,
      "creation_date": "2017-04-23T19:49:50.055Z",
      "modification_date": "2018-02-16T16:42:51.484Z",
      "name": "This is the truth",
      "description": "",
      "voice_label": 3
    }
  },
  {
    "model": "service_development.voiceservicesubelement",
    "pk": 6,
    "fields": {
      "service": 1,
      "creation_date": "2017-04-23T21:11:06.805Z",
      "modification_date": "2017-04-23T21:33:29.853Z",
      "name": "Thank you for using this service",
      "description": "",
      "voice_label": 5
    }
  },
  {
    "model": "service_development.voiceservicesubelement",
    "pk": 7,
    "fields": {
      "service": 1,
      "creation_date": "2017-04-23T21:36:55.756Z",
      "modification_date": "2017-04-23T21:36:55.756Z",
      "name": "King is boring",
      "description": "",
      "voice_label": 6
    }
  },
  {
    "model": "service_development.voiceservicesubelement",
    "pk": 8,
    "fields": {
      "service": 2,
      "creation_date": "2020-04-22T10:13:50.651Z",
      "modification_date": "2020-05-13T19:05:32.577Z",
      "name": "Radio Question Of The Day",
      "description": "",
      "voice_label": 26
    }
  },
  {
    "model": "service_development.voiceservicesubelement",
    "pk": 9,
    "fields": {
      "service": 2,
      "creation_date": "2020-04-22T10:13:50.655Z",
      "modification_date": "2020-05-13T19:05:32.599Z",
      "name": "Infrastructure",
      "description": "Infrastructure",
      "voice_label": 33
    }
  },
  {
    "model": "service_development.voiceservicesubelement",
    "pk": 10,
    "fields": {
      "service": 2,
      "creation_date": "2020-04-22T10:13:50.662Z",
      "modification_date": "2020-05-13T19:05:32.609Z",
      "name": "Health services",
      "description": "Health services",
      "voice_label": 34
    }
  },
  {
    "model": "service_development.voiceservicesubelement",
    "pk": 11,
    "fields": {
      "service": 2,
      "creation_date": "2020-04-22T10:13:50.663Z",
      "modification_date": "2020-05-13T19:05:32.616Z",
      "name": "Educational programmes",
      "description": "Educational programmes",
      "voice_label": 36
    }
  },
  {
    "model": "service_development.voiceservicesubelement",
    "pk": 12,
    "fields": {
      "service": 2,
      "creation_date": "2020-04-22T10:13:50.664Z",
      "modification_date": "2020-05-13T19:05:32.621Z",
      "name": "Food security",
      "description": "Food security",
      "voice_label": 35
    }
  },
  {
    "model": "service_development.voiceservicesubelement",
    "pk": 13,
    "fields": {
      "service": 2,
      "creation_date": "2020-04-22T10:16:29.060Z",
      "modification_date": "2020-05-12T12:38:26.500Z",
      "name": "[YES] Thank you for using this service",
      "description": "",
      "voice_label": 5
    }
  },
  {
    "model": "service_development.voiceservicesubelement",
    "pk": 14,
    "fields": {
      "service": 3,
      "creation_date": "2020-04-23T07:57:28.827Z",
      "modification_date": "2020-05-13T19:23:59.354Z",
      "name": "Record message",
      "description": "Would you like to leave a voice-message to elaborate on your choice? Press 1 for: Yes. Press 2 for: No.",
      "voice_label": 27
    }
  },
  {
    "model": "service_development.voiceservicesubelement",
    "pk": 15,
    "fields": {
      "service": 3,
      "creation_date": "2020-04-23T07:57:28.831Z",
      "modification_date": "2020-05-13T19:23:59.363Z",
      "name": "Record-positive",
      "description": "Positive",
      "voice_label": 21
    }
  },
  {
    "model": "service_development.voiceservicesubelement",
    "pk": 16,
    "fields": {
      "service": 3,
      "creation_date": "2020-04-23T07:57:28.833Z",
      "modification_date": "2020-05-13T18:54:04.432Z",
      "name": "Record-negative",
      "description": "Negative",
      "voice_label": 22
    }
  },
  {
    "model": "service_development.voiceservicesubelement",
    "pk": 17,
    "fields": {
      "service": 3,
      "creation_date": "2020-04-23T08:12:44.899Z",
      "modification_date": "2020-05-13T19:53:21.693Z",
      "name": "record after beep",
      "description": "You can record a message after the beep, to stop the recording press pound.",
      "voice_label": 28
    }
  },
  {
    "model": "service_development.voiceservicesubelement",
    "pk": 18,
    "fields": {
      "service": 2,
      "creation_date": "2020-05-12T12:08:17.529Z",
      "modification_date": "2020-05-12T12:12:13.059Z",
      "name": "Language picker",
      "description": "Let's the user pick a language",
      "voice_label": 8
    }
  },
  {
    "model": "service_development.voiceservicesubelement",
    "pk": 19,
    "fields": {
      "service": 2,
      "creation_date": "2020-05-12T12:08:17.533Z",
      "modification_date": "2020-05-12T12:12:13.064Z",
      "name": "Dutch",
      "description": "The Dutch language",
      "voice_label": 1
    }
  },
  {
    "model": "service_development.voiceservicesubelement",
    "pk": 20,
    "fields": {
      "service": 2,
      "creation_date": "2020-05-12T12:08:17.536Z",
      "modification_date": "2020-05-12T12:12:13.067Z",
      "name": "English",
      "description": "The English language",
      "voice_label": 4
    }
  },
  {
    "model": "service_development.voiceservicesubelement",
    "pk": 21,
    "fields": {
      "service": 2,
      "creation_date": "2020-05-12T12:10:43.312Z",
      "modification_date": "2020-05-12T12:38:41.869Z",
      "name": "Radio Question - Yes/No",
      "description": "This",
      "voice_label": 23
    }
  },
  {
    "model": "service_development.voiceservicesubelement",
    "pk": 22,
    "fields": {
      "service": 2,
      "creation_date": "2020-05-12T12:10:43.316Z",
      "modification_date": "2020-05-12T12:13:45.410Z",
      "name": "Yes",
      "description": "Let the user pick yes",
      "voice_label": 21
    }
  },
  {
    "model": "service_development.voiceservicesubelement",
    "pk": 23,
    "fields": {
      "service": 2,
      "creation_date": "2020-05-12T12:10:43.320Z",
      "modification_date": "2020-05-12T12:38:41.873Z",
      "name": "No",
      "description": "Let the user pick no",
      "voice_label": 22
    }
  },
  {
    "model": "service_development.voiceservicesubelement",
    "pk": 24,
    "fields": {
      "service": 2,
      "creation_date": "2020-05-12T12:38:18.458Z",
      "modification_date": "2020-05-12T12:38:18.458Z",
      "name": "[NO] Thank you for using this service",
      "description": "",
      "voice_label": 5
    }
  },
  {
    "model": "service_development.voiceservicesubelement",
    "pk": 25,
    "fields": {
      "service": 3,
      "creation_date": "2020-05-12T17:48:59.986Z",
      "modification_date": "2020-05-13T19:05:45.674Z",
      "name": "Yes-No-Choice",
      "description": "",
      "voice_label": 67
    }
  },
  {
    "model": "service_development.voiceservicesubelement",
    "pk": 26,
    "fields": {
      "service": 3,
      "creation_date": "2020-05-12T17:48:59.990Z",
      "modification_date": "2020-05-13T19:05:45.681Z",
      "name": "Yes",
      "description": "",
      "voice_label": 21
    }
  },
  {
    "model": "service_development.voiceservicesubelement",
    "pk": 27,
    "fields": {
      "service": 3,
      "creation_date": "2020-05-12T17:48:59.994Z",
      "modification_date": "2020-05-13T19:05:45.686Z",
      "name": "No",
      "description": "",
      "voice_label": 22
    }
  },
  {
    "model": "service_development.voiceservicesubelement",
    "pk": 28,
    "fields": {
      "service": 3,
      "creation_date": "2020-05-12T17:50:26.031Z",
      "modification_date": "2020-05-12T17:50:26.031Z",
      "name": "Yes-No-End-Presentation",
      "description": "",
      "voice_label": 5
    }
  },
  {
    "model": "service_development.voiceserviceelement",
    "pk": 2,
    "fields": {}
  },
  {
    "model": "service_development.voiceserviceelement",
    "pk": 5,
    "fields": {}
  },
  {
    "model": "service_development.voiceserviceelement",
    "pk": 6,
    "fields": {}
  },
  {
    "model": "service_development.voiceserviceelement",
    "pk": 7,
    "fields": {}
  },
  {
    "model": "service_development.voiceserviceelement",
    "pk": 8,
    "fields": {}
  },
  {
    "model": "service_development.voiceserviceelement",
    "pk": 13,
    "fields": {}
  },
  {
    "model": "service_development.voiceserviceelement",
    "pk": 14,
    "fields": {}
  },
  {
    "model": "service_development.voiceserviceelement",
    "pk": 17,
    "fields": {}
  },
  {
    "model": "service_development.voiceserviceelement",
    "pk": 18,
    "fields": {}
  },
  {
    "model": "service_development.voiceserviceelement",
    "pk": 21,
    "fields": {}
  },
  {
    "model": "service_development.voiceserviceelement",
    "pk": 24,
    "fields": {}
  },
  {
    "model": "service_development.voiceserviceelement",
    "pk": 25,
    "fields": {}
  },
  {
    "model": "service_development.voiceserviceelement",
    "pk": 28,
    "fields": {}
  },
  {
    "model": "service_development.voiceservice",
    "pk": 1,
    "fields": {
      "name": "King's truth checker",
      "description": "Checks the user's knowledge about the king of the Netherlands",
      "creation_date": "2017-04-23T19:23:52.392Z",
      "modification_date": "2018-02-16T09:58:43.936Z",
      "active": false,
      "_start_element": 2,
      "registration": "preferred",
      "registration_language": true,
      "registration_name": false,
      "supported_languages": [
        1,
        2,
        3
      ]
    }
  },
  {
    "model": "service_development.voiceservice",
    "pk": 2,
    "fields": {
      "name": "Foroba-Blon",
      "description": "Foroba-Blon",
      "creation_date": "2020-04-22T09:29:13.202Z",
      "modification_date": "2020-05-12T12:36:03.368Z",
      "active": true,
      "_start_element": 18,
      "registration": "preferred",
      "registration_language": true,
      "registration_name": false,
      "supported_languages": [
        1
      ]
    }
  },
  {
    "model": "service_development.voiceservice",
    "pk": 3,
    "fields": {
      "name": "Yes-No-Service",
      "description": "Yes-No-Service",
      "creation_date": "2020-05-12T17:44:39.014Z",
      "modification_date": "2020-05-12T17:54:05.665Z",
      "active": true,
      "_start_element": 25,
      "registration": "disabled",
      "registration_language": true,
      "registration_name": false,
      "supported_languages": [
        1,
        2
      ]
    }
  },
  {
    "model": "service_development.kasadakauser",
    "pk": 1,
    "fields": {
      "caller_id": "456",
      "first_name": "Henk",
      "last_name": "Ernia",
      "creation_date": "2018-02-02T11:10:27.670Z",
      "modification_date": "2018-02-12T14:44:24.019Z",
      "language": 1,
      "service": 1
    }
  },
  {
    "model": "service_development.kasadakauser",
    "pk": 2,
    "fields": {
      "caller_id": "00491707792749",
      "first_name": "",
      "last_name": "",
      "creation_date": "2020-04-22T08:57:17.598Z",
      "modification_date": "2020-04-22T08:57:17.598Z",
      "language": 2,
      "service": 1
    }
  },
  {
    "model": "service_development.kasadakauser",
    "pk": 3,
    "fields": {
      "caller_id": "0652697207",
      "first_name": "",
      "last_name": "",
      "creation_date": "2020-05-12T12:32:59.038Z",
      "modification_date": "2020-05-12T12:32:59.038Z",
      "language": 1,
      "service": 2
    }
  },
  {
    "model": "service_development.kasadakauser",
    "pk": 4,
    "fields": {
      "caller_id": "0615629289",
      "first_name": "",
      "last_name": "",
      "creation_date": "2020-05-15T13:17:27.623Z",
      "modification_date": "2020-05-15T13:17:27.623Z",
      "language": 1,
      "service": 2
    }
  },
  {
    "model": "service_development.callsession",
    "pk": 1,
    "fields": {
      "start": "2020-04-22T10:18:53.196Z",
      "end": "2020-04-22T10:18:53.345Z",
      "user": null,
      "caller_id": null,
      "service": 2,
      "_language": 1
    }
  },
  {
    "model": "service_development.callsession",
    "pk": 2,
    "fields": {
      "start": "2020-04-22T08:57:00.673Z",
      "end": "2020-04-22T08:57:30.137Z",
      "user": 2,
      "caller_id": "00491707792749",
      "service": 1,
      "_language": 2
    }
  },
  {
    "model": "service_development.callsession",
    "pk": 3,
    "fields": {
      "start": "2020-04-22T10:38:19.869Z",
      "end": "2020-04-22T10:38:19.955Z",
      "user": null,
      "caller_id": null,
      "service": 2,
      "_language": 1
    }
  },
  {
    "model": "service_development.callsession",
    "pk": 4,
    "fields": {
      "start": "2020-04-22T10:39:21.552Z",
      "end": "2020-04-22T10:39:57.040Z",
      "user": null,
      "caller_id": "00491707792749",
      "service": 2,
      "_language": 1
    }
  },
  {
    "model": "service_development.callsession",
    "pk": 5,
    "fields": {
      "start": "2020-04-22T10:43:42.673Z",
      "end": "2020-05-12T16:22:26.194Z",
      "user": null,
      "caller_id": "0652713778",
      "service": 2,
      "_language": 1
    }
  },
  {
    "model": "service_development.callsession",
    "pk": 6,
    "fields": {
      "start": "2020-04-22T10:57:20.122Z",
      "end": "2020-04-22T10:57:45.792Z",
      "user": null,
      "caller_id": "0683965742",
      "service": 2,
      "_language": 1
    }
  },
  {
    "model": "service_development.callsession",
    "pk": 7,
    "fields": {
      "start": "2020-04-22T12:37:12.447Z",
      "end": "2020-04-22T12:37:30.781Z",
      "user": null,
      "caller_id": "0615629289",
      "service": 2,
      "_language": 1
    }
  },
  {
    "model": "service_development.callsession",
    "pk": 8,
    "fields": {
      "start": "2020-04-22T12:39:12.316Z",
      "end": "2020-04-22T12:39:12.429Z",
      "user": null,
      "caller_id": null,
      "service": 2,
      "_language": 1
    }
  },
  {
    "model": "service_development.callsession",
    "pk": 9,
    "fields": {
      "start": "2020-04-23T07:46:26.829Z",
      "end": "2020-04-23T07:46:26.897Z",
      "user": null,
      "caller_id": null,
      "service": 2,
      "_language": 1
    }
  },
  {
    "model": "service_development.callsession",
    "pk": 10,
    "fields": {
      "start": "2020-04-23T08:15:24.398Z",
      "end": null,
      "user": null,
      "caller_id": null,
      "service": 1,
      "_language": null
    }
  },
  {
    "model": "service_development.callsession",
    "pk": 11,
    "fields": {
      "start": "2020-04-23T08:15:43.541Z",
      "end": "2020-04-23T08:17:00.898Z",
      "user": null,
      "caller_id": null,
      "service": 2,
      "_language": 1
    }
  },
  {
    "model": "service_development.callsession",
    "pk": 12,
    "fields": {
      "start": "2020-04-23T08:17:10.874Z",
      "end": "2020-04-23T08:17:24.152Z",
      "user": null,
      "caller_id": null,
      "service": 2,
      "_language": 1
    }
  },
  {
    "model": "service_development.callsession",
    "pk": 13,
    "fields": {
      "start": "2020-04-23T08:22:10.337Z",
      "end": "2020-04-23T08:22:34.183Z",
      "user": null,
      "caller_id": "0683965742",
      "service": 2,
      "_language": 1
    }
  },
  {
    "model": "service_development.callsession",
    "pk": 14,
    "fields": {
      "start": "2020-04-23T08:23:30.783Z",
      "end": "2020-04-23T08:24:28.148Z",
      "user": null,
      "caller_id": "0683965742",
      "service": 2,
      "_language": 1
    }
  },
  {
    "model": "service_development.callsession",
    "pk": 15,
    "fields": {
      "start": "2020-04-23T08:28:19.061Z",
      "end": "2020-04-23T08:29:18.151Z",
      "user": null,
      "caller_id": "0683965742",
      "service": 2,
      "_language": 1
    }
  },
  {
    "model": "service_development.callsession",
    "pk": 16,
    "fields": {
      "start": "2020-04-25T08:47:32.310Z",
      "end": null,
      "user": null,
      "caller_id": null,
      "service": 2,
      "_language": 1
    }
  },
  {
    "model": "service_development.callsession",
    "pk": 17,
    "fields": {
      "start": "2020-04-30T17:35:33.265Z",
      "end": "2020-04-30T17:36:42.200Z",
      "user": null,
      "caller_id": "00491707792749",
      "service": 2,
      "_language": 1
    }
  },
  {
    "model": "service_development.callsession",
    "pk": 18,
    "fields": {
      "start": "2020-04-30T17:42:09.534Z",
      "end": "2020-04-30T17:42:09.624Z",
      "user": null,
      "caller_id": "00491707792749",
      "service": 2,
      "_language": 1
    }
  },
  {
    "model": "service_development.callsession",
    "pk": 19,
    "fields": {
      "start": "2020-04-30T17:44:06.886Z",
      "end": "2020-04-30T17:44:06.974Z",
      "user": null,
      "caller_id": "00491707792749",
      "service": 2,
      "_language": 1
    }
  },
  {
    "model": "service_development.callsession",
    "pk": 20,
    "fields": {
      "start": "2020-04-30T17:52:32.623Z",
      "end": "2020-04-30T17:52:32.708Z",
      "user": null,
      "caller_id": "00491707792749",
      "service": 2,
      "_language": 1
    }
  },
  {
    "model": "service_development.callsession",
    "pk": 21,
    "fields": {
      "start": "2020-04-30T17:55:11.407Z",
      "end": "2020-04-30T17:55:41.170Z",
      "user": null,
      "caller_id": "0652697207",
      "service": 2,
      "_language": 1
    }
  },
  {
    "model": "service_development.callsession",
    "pk": 22,
    "fields": {
      "start": "2020-04-30T18:01:04.693Z",
      "end": "2020-04-30T18:01:04.779Z",
      "user": null,
      "caller_id": "00491707792749",
      "service": 2,
      "_language": 1
    }
  },
  {
    "model": "service_development.callsession",
    "pk": 23,
    "fields": {
      "start": "2020-04-30T18:08:26.026Z",
      "end": "2020-04-30T18:08:54.162Z",
      "user": null,
      "caller_id": "00491707792749",
      "service": 2,
      "_language": 1
    }
  },
  {
    "model": "service_development.callsession",
    "pk": 24,
    "fields": {
      "start": "2020-04-30T18:12:19.181Z",
      "end": "2020-04-30T18:13:32.159Z",
      "user": null,
      "caller_id": "00491707792749",
      "service": 2,
      "_language": 1
    }
  },
  {
    "model": "service_development.callsession",
    "pk": 57,
    "fields": {
      "start": "2020-05-05T13:24:48.739Z",
      "end": null,
      "user": null,
      "caller_id": "00233244944304",
      "service": 2,
      "_language": 1
    }
  },
  {
    "model": "service_development.callsession",
    "pk": 58,
    "fields": {
      "start": "2020-05-05T13:25:03.141Z",
      "end": "2020-05-05T13:27:47.410Z",
      "user": null,
      "caller_id": "00233244944304",
      "service": 2,
      "_language": 1
    }
  },
  {
    "model": "service_development.callsession",
    "pk": 59,
    "fields": {
      "start": "2020-05-11T15:20:20.894Z",
      "end": "2020-05-11T15:20:20.978Z",
      "user": null,
      "caller_id": null,
      "service": 2,
      "_language": 1
    }
  },
  {
    "model": "service_development.callsession",
    "pk": 60,
    "fields": {
      "start": "2020-05-11T15:25:13.118Z",
      "end": "2020-05-11T15:25:13.189Z",
      "user": null,
      "caller_id": null,
      "service": 2,
      "_language": 1
    }
  },
  {
    "model": "service_development.callsession",
    "pk": 61,
    "fields": {
      "start": "2020-05-11T15:25:40.796Z",
      "end": "2020-05-11T15:25:40.903Z",
      "user": null,
      "caller_id": null,
      "service": 2,
      "_language": 1
    }
  },
  {
    "model": "service_development.callsession",
    "pk": 62,
    "fields": {
      "start": "2020-05-11T15:30:30.338Z",
      "end": "2020-05-11T15:30:30.433Z",
      "user": null,
      "caller_id": null,
      "service": 2,
      "_language": 1
    }
  },
  {
    "model": "service_development.callsession",
    "pk": 63,
    "fields": {
      "start": "2020-05-11T15:32:00.554Z",
      "end": "2020-05-11T15:32:00.636Z",
      "user": null,
      "caller_id": null,
      "service": 2,
      "_language": 1
    }
  },
  {
    "model": "service_development.callsession",
    "pk": 64,
    "fields": {
      "start": "2020-05-11T15:37:25.173Z",
      "end": "2020-05-11T15:38:16.952Z",
      "user": null,
      "caller_id": "0652697207",
      "service": 2,
      "_language": 1
    }
  },
  {
    "model": "service_development.callsession",
    "pk": 65,
    "fields": {
      "start": "2020-05-11T15:54:01.984Z",
      "end": null,
      "user": null,
      "caller_id": null,
      "service": 1,
      "_language": null
    }
  },
  {
    "model": "service_development.callsession",
    "pk": 66,
    "fields": {
      "start": "2020-05-12T12:11:47.508Z",
      "end": "2020-05-12T12:13:03.986Z",
      "user": null,
      "caller_id": null,
      "service": 2,
      "_language": 1
    }
  },
  {
    "model": "service_development.callsession",
    "pk": 67,
    "fields": {
      "start": "2020-05-12T12:15:24.273Z",
      "end": "2020-05-12T12:15:44.163Z",
      "user": null,
      "caller_id": "0652697207",
      "service": 2,
      "_language": 1
    }
  },
  {
    "model": "service_development.callsession",
    "pk": 68,
    "fields": {
      "start": "2020-05-12T12:20:13.009Z",
      "end": "2020-05-12T12:20:13.095Z",
      "user": null,
      "caller_id": null,
      "service": 2,
      "_language": 1
    }
  },
  {
    "model": "service_development.callsession",
    "pk": 69,
    "fields": {
      "start": "2020-05-12T12:20:44.709Z",
      "end": null,
      "user": null,
      "caller_id": null,
      "service": 1,
      "_language": null
    }
  },
  {
    "model": "service_development.callsession",
    "pk": 70,
    "fields": {
      "start": "2020-05-12T12:32:01.678Z",
      "end": "2020-05-12T12:32:01.778Z",
      "user": null,
      "caller_id": "0652697207",
      "service": 2,
      "_language": 1
    }
  },
  {
    "model": "service_development.callsession",
    "pk": 71,
    "fields": {
      "start": "2020-05-12T12:32:58.951Z",
      "end": "2020-05-12T12:32:59.202Z",
      "user": 3,
      "caller_id": "0652697207",
      "service": 2,
      "_language": 1
    }
  },
  {
    "model": "service_development.callsession",
    "pk": 72,
    "fields": {
      "start": "2020-05-12T12:34:11.192Z",
      "end": "2020-05-12T12:34:11.326Z",
      "user": 3,
      "caller_id": "0652697207",
      "service": 2,
      "_language": 1
    }
  },
  {
    "model": "service_development.callsession",
    "pk": 73,
    "fields": {
      "start": "2020-05-12T12:34:34.519Z",
      "end": "2020-05-12T12:34:34.617Z",
      "user": 3,
      "caller_id": "0652697207",
      "service": 2,
      "_language": 1
    }
  },
  {
    "model": "service_development.callsession",
    "pk": 74,
    "fields": {
      "start": "2020-05-12T12:35:24.529Z",
      "end": "2020-05-12T12:35:34.422Z",
      "user": 3,
      "caller_id": "0652697207",
      "service": 2,
      "_language": 1
    }
  },
  {
    "model": "service_development.callsession",
    "pk": 75,
    "fields": {
      "start": "2020-05-12T17:51:26.880Z",
      "end": "2020-05-12T17:52:50.841Z",
      "user": null,
      "caller_id": null,
      "service": 3,
      "_language": 2
    }
  },
  {
    "model": "service_development.callsession",
    "pk": 76,
    "fields": {
      "start": "2020-05-12T17:54:25.023Z",
      "end": "2020-05-12T17:56:24.384Z",
      "user": null,
      "caller_id": null,
      "service": 3,
      "_language": 2
    }
  },
  {
    "model": "service_development.callsession",
    "pk": 77,
    "fields": {
      "start": "2020-05-12T17:58:06.587Z",
      "end": "2020-05-12T17:58:19.842Z",
      "user": null,
      "caller_id": "00491707792749",
      "service": 3,
      "_language": 2
    }
  },
  {
    "model": "service_development.callsession",
    "pk": 78,
    "fields": {
      "start": "2020-05-12T18:09:42.546Z",
      "end": "2020-05-12T18:10:10.184Z",
      "user": null,
      "caller_id": "00491707792749",
      "service": 3,
      "_language": 2
    }
  },
  {
    "model": "service_development.callsession",
    "pk": 79,
    "fields": {
      "start": "2020-05-12T18:23:35.533Z",
      "end": "2020-05-12T18:23:58.563Z",
      "user": null,
      "caller_id": "00491707792749",
      "service": 3,
      "_language": 1
    }
  },
  {
    "model": "service_development.callsession",
    "pk": 80,
    "fields": {
      "start": "2020-05-13T19:20:05.901Z",
      "end": "2020-05-13T19:20:37.811Z",
      "user": null,
      "caller_id": "00491707792749",
      "service": 3,
      "_language": 2
    }
  },
  {
    "model": "service_development.callsession",
    "pk": 81,
    "fields": {
      "start": "2020-05-13T19:24:21.208Z",
      "end": "2020-05-13T19:25:27.361Z",
      "user": null,
      "caller_id": "00491707792749",
      "service": 3,
      "_language": 2
    }
  },
  {
    "model": "service_development.callsession",
    "pk": 82,
    "fields": {
      "start": "2020-05-13T19:49:04.509Z",
      "end": "2020-05-13T19:49:34.423Z",
      "user": null,
      "caller_id": "00491707792749",
      "service": 3,
      "_language": 2
    }
  },
  {
    "model": "service_development.callsession",
    "pk": 83,
    "fields": {
      "start": "2020-05-13T19:53:39.346Z",
      "end": "2020-05-13T19:54:33.473Z",
      "user": null,
      "caller_id": "00491707792749",
      "service": 3,
      "_language": 2
    }
  },
  {
    "model": "service_development.callsession",
    "pk": 84,
    "fields": {
      "start": "2020-05-14T10:08:55.349Z",
      "end": null,
      "user": null,
      "caller_id": null,
      "service": 3,
      "_language": null
    }
  },
  {
    "model": "service_development.callsession",
    "pk": 85,
    "fields": {
      "start": "2020-05-15T13:05:04.477Z",
      "end": null,
      "user": null,
      "caller_id": "1234",
      "service": 1,
      "_language": null
    }
  },
  {
    "model": "service_development.callsession",
    "pk": 86,
    "fields": {
      "start": "2020-05-15T13:17:27.528Z",
      "end": "2020-05-15T13:17:27.760Z",
      "user": 4,
      "caller_id": "0615629289",
      "service": 2,
      "_language": 1
    }
  },
  {
    "model": "service_development.callsession",
    "pk": 87,
    "fields": {
      "start": "2020-05-15T13:17:51.067Z",
      "end": "2020-05-15T13:17:51.188Z",
      "user": 4,
      "caller_id": "0615629289",
      "service": 2,
      "_language": 1
    }
  },
  {
    "model": "service_development.callsession",
    "pk": 88,
    "fields": {
      "start": "2020-05-15T13:18:33.077Z",
      "end": "2020-05-15T13:18:33.165Z",
      "user": 4,
      "caller_id": "0615629289",
      "service": 2,
      "_language": 1
    }
  },
  {
    "model": "service_development.callsession",
    "pk": 89,
    "fields": {
      "start": "2020-05-15T13:20:09.118Z",
      "end": "2020-05-15T13:20:09.216Z",
      "user": 4,
      "caller_id": "0615629289",
      "service": 2,
      "_language": 1
    }
  },
  {
    "model": "service_development.callsession",
    "pk": 90,
    "fields": {
      "start": "2020-05-15T13:23:23.441Z",
      "end": "2020-05-15T13:23:23.625Z",
      "user": 4,
      "caller_id": "0615629289",
      "service": 2,
      "_language": 1
    }
  },
  {
    "model": "service_development.callsession",
    "pk": 91,
    "fields": {
      "start": "2020-05-15T13:25:59.918Z",
      "end": "2020-05-15T13:26:10.711Z",
      "user": 4,
      "caller_id": "0615629289",
      "service": 2,
      "_language": 1
    }
  },
  {
    "model": "service_development.callsession",
    "pk": 92,
    "fields": {
      "start": "2020-05-15T15:54:04.402Z",
      "end": "2020-05-15T15:54:30.223Z",
      "user": 4,
      "caller_id": "0615629289",
      "service": 2,
      "_language": 1
    }
  },
  {
    "model": "service_development.callsession",
    "pk": 93,
    "fields": {
      "start": "2020-05-15T17:52:11.545Z",
      "end": "2020-05-15T17:52:27.326Z",
      "user": 4,
      "caller_id": "0615629289",
      "service": 2,
      "_language": 1
    }
  },
  {
    "model": "service_development.callsession",
    "pk": 94,
    "fields": {
      "start": "2020-05-15T17:52:56.144Z",
      "end": "2020-05-15T17:53:04.383Z",
      "user": 4,
      "caller_id": "0615629289",
      "service": 2,
      "_language": 1
    }
  },
  {
    "model": "service_development.callsessionstep",
    "pk": 1,
    "fields": {
      "time": "2020-04-22T10:18:53.348Z",
      "session": 1,
      "_visited_element": 8,
      "description": null
    }
  },
  {
    "model": "service_development.callsessionstep",
    "pk": 2,
    "fields": {
      "time": "2020-04-22T08:48:41.786Z",
      "session": 1,
      "_visited_element": 2,
      "description": null
    }
  },
  {
    "model": "service_development.callsessionstep",
    "pk": 3,
    "fields": {
      "time": "2020-04-22T08:57:16.762Z",
      "session": 2,
      "_visited_element": null,
      "description": "Language selected, English"
    }
  },
  {
    "model": "service_development.callsessionstep",
    "pk": 4,
    "fields": {
      "time": "2020-04-22T08:57:18.278Z",
      "session": 2,
      "_visited_element": null,
      "description": "Registered as user: 00491707792749"
    }
  },
  {
    "model": "service_development.callsessionstep",
    "pk": 5,
    "fields": {
      "time": "2020-04-22T08:57:18.460Z",
      "session": 2,
      "_visited_element": 2,
      "description": null
    }
  },
  {
    "model": "service_development.callsessionstep",
    "pk": 6,
    "fields": {
      "time": "2020-04-22T08:57:29.414Z",
      "session": 2,
      "_visited_element": 5,
      "description": null
    }
  },
  {
    "model": "service_development.callsessionstep",
    "pk": 7,
    "fields": {
      "time": "2020-04-22T08:57:30.386Z",
      "session": 2,
      "_visited_element": 6,
      "description": null
    }
  },
  {
    "model": "service_development.callsessionstep",
    "pk": 8,
    "fields": {
      "time": "2020-04-22T10:38:19.958Z",
      "session": 3,
      "_visited_element": 8,
      "description": null
    }
  },
  {
    "model": "service_development.callsessionstep",
    "pk": 9,
    "fields": {
      "time": "2020-04-22T10:39:21.679Z",
      "session": 4,
      "_visited_element": 8,
      "description": null
    }
  },
  {
    "model": "service_development.callsessionstep",
    "pk": 10,
    "fields": {
      "time": "2020-04-22T10:39:57.043Z",
      "session": 4,
      "_visited_element": 13,
      "description": null
    }
  },
  {
    "model": "service_development.callsessionstep",
    "pk": 11,
    "fields": {
      "time": "2020-04-22T10:43:42.828Z",
      "session": 5,
      "_visited_element": 8,
      "description": null
    }
  },
  {
    "model": "service_development.callsessionstep",
    "pk": 12,
    "fields": {
      "time": "2020-04-22T10:44:18.378Z",
      "session": 5,
      "_visited_element": 13,
      "description": null
    }
  },
  {
    "model": "service_development.callsessionstep",
    "pk": 13,
    "fields": {
      "time": "2020-04-22T10:57:20.209Z",
      "session": 6,
      "_visited_element": 8,
      "description": null
    }
  },
  {
    "model": "service_development.callsessionstep",
    "pk": 14,
    "fields": {
      "time": "2020-04-22T10:57:45.795Z",
      "session": 6,
      "_visited_element": 13,
      "description": null
    }
  },
  {
    "model": "service_development.callsessionstep",
    "pk": 15,
    "fields": {
      "time": "2020-04-22T12:37:12.560Z",
      "session": 7,
      "_visited_element": 8,
      "description": null
    }
  },
  {
    "model": "service_development.callsessionstep",
    "pk": 16,
    "fields": {
      "time": "2020-04-22T12:37:30.785Z",
      "session": 7,
      "_visited_element": 13,
      "description": null
    }
  },
  {
    "model": "service_development.callsessionstep",
    "pk": 17,
    "fields": {
      "time": "2020-04-22T12:39:12.436Z",
      "session": 8,
      "_visited_element": 8,
      "description": null
    }
  },
  {
    "model": "service_development.callsessionstep",
    "pk": 18,
    "fields": {
      "time": "2020-04-23T07:46:26.899Z",
      "session": 9,
      "_visited_element": 8,
      "description": null
    }
  },
  {
    "model": "service_development.callsessionstep",
    "pk": 19,
    "fields": {
      "time": "2020-04-23T08:15:43.599Z",
      "session": 11,
      "_visited_element": 8,
      "description": null
    }
  },
  {
    "model": "service_development.callsessionstep",
    "pk": 20,
    "fields": {
      "time": "2020-04-23T08:16:04.292Z",
      "session": 11,
      "_visited_element": 13,
      "description": null
    }
  },
  {
    "model": "service_development.callsessionstep",
    "pk": 21,
    "fields": {
      "time": "2020-04-23T08:17:00.901Z",
      "session": 11,
      "_visited_element": 13,
      "description": null
    }
  },
  {
    "model": "service_development.callsessionstep",
    "pk": 22,
    "fields": {
      "time": "2020-04-23T08:17:10.949Z",
      "session": 12,
      "_visited_element": 8,
      "description": null
    }
  },
  {
    "model": "service_development.callsessionstep",
    "pk": 23,
    "fields": {
      "time": "2020-04-23T08:17:24.154Z",
      "session": 12,
      "_visited_element": 14,
      "description": null
    }
  },
  {
    "model": "service_development.callsessionstep",
    "pk": 24,
    "fields": {
      "time": "2020-04-23T08:22:10.443Z",
      "session": 13,
      "_visited_element": 8,
      "description": null
    }
  },
  {
    "model": "service_development.callsessionstep",
    "pk": 25,
    "fields": {
      "time": "2020-04-23T08:22:24.786Z",
      "session": 13,
      "_visited_element": 14,
      "description": null
    }
  },
  {
    "model": "service_development.callsessionstep",
    "pk": 26,
    "fields": {
      "time": "2020-04-23T08:22:34.191Z",
      "session": 13,
      "_visited_element": 13,
      "description": null
    }
  },
  {
    "model": "service_development.callsessionstep",
    "pk": 27,
    "fields": {
      "time": "2020-04-23T08:23:30.868Z",
      "session": 14,
      "_visited_element": 8,
      "description": null
    }
  },
  {
    "model": "service_development.callsessionstep",
    "pk": 28,
    "fields": {
      "time": "2020-04-23T08:23:42.052Z",
      "session": 14,
      "_visited_element": 14,
      "description": null
    }
  },
  {
    "model": "service_development.callsessionstep",
    "pk": 29,
    "fields": {
      "time": "2020-04-23T08:23:47.193Z",
      "session": 14,
      "_visited_element": 17,
      "description": null
    }
  },
  {
    "model": "service_development.callsessionstep",
    "pk": 30,
    "fields": {
      "time": "2020-04-23T08:24:05.422Z",
      "session": 14,
      "_visited_element": 17,
      "description": null
    }
  },
  {
    "model": "service_development.callsessionstep",
    "pk": 31,
    "fields": {
      "time": "2020-04-23T08:24:28.151Z",
      "session": 14,
      "_visited_element": 13,
      "description": null
    }
  },
  {
    "model": "service_development.callsessionstep",
    "pk": 32,
    "fields": {
      "time": "2020-04-23T08:28:19.149Z",
      "session": 15,
      "_visited_element": 8,
      "description": null
    }
  },
  {
    "model": "service_development.callsessionstep",
    "pk": 33,
    "fields": {
      "time": "2020-04-23T08:28:44.242Z",
      "session": 15,
      "_visited_element": 14,
      "description": null
    }
  },
  {
    "model": "service_development.callsessionstep",
    "pk": 34,
    "fields": {
      "time": "2020-04-23T08:28:55.205Z",
      "session": 15,
      "_visited_element": 17,
      "description": null
    }
  },
  {
    "model": "service_development.callsessionstep",
    "pk": 35,
    "fields": {
      "time": "2020-04-23T08:29:18.153Z",
      "session": 15,
      "_visited_element": 13,
      "description": null
    }
  },
  {
    "model": "service_development.callsessionstep",
    "pk": 36,
    "fields": {
      "time": "2020-04-30T17:35:33.402Z",
      "session": 17,
      "_visited_element": 8,
      "description": null
    }
  },
  {
    "model": "service_development.callsessionstep",
    "pk": 37,
    "fields": {
      "time": "2020-04-30T17:35:58.574Z",
      "session": 17,
      "_visited_element": 14,
      "description": null
    }
  },
  {
    "model": "service_development.callsessionstep",
    "pk": 38,
    "fields": {
      "time": "2020-04-30T17:36:14.197Z",
      "session": 17,
      "_visited_element": 17,
      "description": null
    }
  },
  {
    "model": "service_development.callsessionstep",
    "pk": 39,
    "fields": {
      "time": "2020-04-30T17:36:42.202Z",
      "session": 17,
      "_visited_element": 13,
      "description": null
    }
  },
  {
    "model": "service_development.callsessionstep",
    "pk": 40,
    "fields": {
      "time": "2020-04-30T17:42:09.626Z",
      "session": 18,
      "_visited_element": 8,
      "description": null
    }
  },
  {
    "model": "service_development.callsessionstep",
    "pk": 41,
    "fields": {
      "time": "2020-04-30T17:44:06.976Z",
      "session": 19,
      "_visited_element": 8,
      "description": null
    }
  },
  {
    "model": "service_development.callsessionstep",
    "pk": 42,
    "fields": {
      "time": "2020-04-30T17:52:32.710Z",
      "session": 20,
      "_visited_element": 8,
      "description": null
    }
  },
  {
    "model": "service_development.callsessionstep",
    "pk": 43,
    "fields": {
      "time": "2020-04-30T17:55:11.499Z",
      "session": 21,
      "_visited_element": 8,
      "description": null
    }
  },
  {
    "model": "service_development.callsessionstep",
    "pk": 44,
    "fields": {
      "time": "2020-04-30T17:55:30.932Z",
      "session": 21,
      "_visited_element": 14,
      "description": null
    }
  },
  {
    "model": "service_development.callsessionstep",
    "pk": 45,
    "fields": {
      "time": "2020-04-30T17:55:41.172Z",
      "session": 21,
      "_visited_element": 13,
      "description": null
    }
  },
  {
    "model": "service_development.callsessionstep",
    "pk": 46,
    "fields": {
      "time": "2020-04-30T18:01:04.781Z",
      "session": 22,
      "_visited_element": 8,
      "description": null
    }
  },
  {
    "model": "service_development.callsessionstep",
    "pk": 47,
    "fields": {
      "time": "2020-04-30T18:08:26.118Z",
      "session": 23,
      "_visited_element": 8,
      "description": null
    }
  },
  {
    "model": "service_development.callsessionstep",
    "pk": 48,
    "fields": {
      "time": "2020-04-30T18:08:54.165Z",
      "session": 23,
      "_visited_element": 14,
      "description": null
    }
  },
  {
    "model": "service_development.callsessionstep",
    "pk": 49,
    "fields": {
      "time": "2020-04-30T18:12:19.278Z",
      "session": 24,
      "_visited_element": 8,
      "description": null
    }
  },
  {
    "model": "service_development.callsessionstep",
    "pk": 50,
    "fields": {
      "time": "2020-04-30T18:12:45.867Z",
      "session": 24,
      "_visited_element": 14,
      "description": null
    }
  },
  {
    "model": "service_development.callsessionstep",
    "pk": 51,
    "fields": {
      "time": "2020-04-30T18:12:57.346Z",
      "session": 24,
      "_visited_element": 17,
      "description": null
    }
  },
  {
    "model": "service_development.callsessionstep",
    "pk": 52,
    "fields": {
      "time": "2020-04-30T18:13:32.161Z",
      "session": 24,
      "_visited_element": 13,
      "description": null
    }
  },
  {
    "model": "service_development.callsessionstep",
    "pk": 82,
    "fields": {
      "time": "2020-05-05T13:25:03.336Z",
      "session": 58,
      "_visited_element": 8,
      "description": null
    }
  },
  {
    "model": "service_development.callsessionstep",
    "pk": 83,
    "fields": {
      "time": "2020-05-05T13:25:32.238Z",
      "session": 58,
      "_visited_element": 14,
      "description": null
    }
  },
  {
    "model": "service_development.callsessionstep",
    "pk": 84,
    "fields": {
      "time": "2020-05-05T13:25:45.323Z",
      "session": 58,
      "_visited_element": 17,
      "description": null
    }
  },
  {
    "model": "service_development.callsessionstep",
    "pk": 85,
    "fields": {
      "time": "2020-05-05T13:26:09.182Z",
      "session": 58,
      "_visited_element": 17,
      "description": null
    }
  },
  {
    "model": "service_development.callsessionstep",
    "pk": 86,
    "fields": {
      "time": "2020-05-05T13:26:27.854Z",
      "session": 58,
      "_visited_element": 17,
      "description": null
    }
  },
  {
    "model": "service_development.callsessionstep",
    "pk": 87,
    "fields": {
      "time": "2020-05-05T13:26:49.382Z",
      "session": 58,
      "_visited_element": 17,
      "description": null
    }
  },
  {
    "model": "service_development.callsessionstep",
    "pk": 88,
    "fields": {
      "time": "2020-05-05T13:27:18.033Z",
      "session": 58,
      "_visited_element": 17,
      "description": null
    }
  },
  {
    "model": "service_development.callsessionstep",
    "pk": 89,
    "fields": {
      "time": "2020-05-05T13:27:47.414Z",
      "session": 58,
      "_visited_element": 13,
      "description": null
    }
  },
  {
    "model": "service_development.callsessionstep",
    "pk": 90,
    "fields": {
      "time": "2020-05-11T15:20:20.981Z",
      "session": 59,
      "_visited_element": 8,
      "description": null
    }
  },
  {
    "model": "service_development.callsessionstep",
    "pk": 91,
    "fields": {
      "time": "2020-05-11T15:25:13.193Z",
      "session": 60,
      "_visited_element": 8,
      "description": null
    }
  },
  {
    "model": "service_development.callsessionstep",
    "pk": 92,
    "fields": {
      "time": "2020-05-11T15:25:40.908Z",
      "session": 61,
      "_visited_element": 8,
      "description": null
    }
  },
  {
    "model": "service_development.callsessionstep",
    "pk": 93,
    "fields": {
      "time": "2020-05-11T15:30:30.436Z",
      "session": 62,
      "_visited_element": 8,
      "description": null
    }
  },
  {
    "model": "service_development.callsessionstep",
    "pk": 94,
    "fields": {
      "time": "2020-05-11T15:32:00.639Z",
      "session": 63,
      "_visited_element": 8,
      "description": null
    }
  },
  {
    "model": "service_development.callsessionstep",
    "pk": 95,
    "fields": {
      "time": "2020-05-11T15:37:25.280Z",
      "session": 64,
      "_visited_element": 8,
      "description": null
    }
  },
  {
    "model": "service_development.callsessionstep",
    "pk": 96,
    "fields": {
      "time": "2020-05-11T15:37:47.091Z",
      "session": 64,
      "_visited_element": 14,
      "description": null
    }
  },
  {
    "model": "service_development.callsessionstep",
    "pk": 97,
    "fields": {
      "time": "2020-05-11T15:37:58.515Z",
      "session": 64,
      "_visited_element": 17,
      "description": null
    }
  },
  {
    "model": "service_development.callsessionstep",
    "pk": 98,
    "fields": {
      "time": "2020-05-11T15:38:16.954Z",
      "session": 64,
      "_visited_element": 17,
      "description": null
    }
  },
  {
    "model": "service_development.callsessionstep",
    "pk": 99,
    "fields": {
      "time": "2020-05-12T12:11:47.607Z",
      "session": 66,
      "_visited_element": 8,
      "description": null
    }
  },
  {
    "model": "service_development.callsessionstep",
    "pk": 100,
    "fields": {
      "time": "2020-05-12T12:13:03.990Z",
      "session": 66,
      "_visited_element": 14,
      "description": null
    }
  },
  {
    "model": "service_development.callsessionstep",
    "pk": 101,
    "fields": {
      "time": "2020-05-12T12:15:24.365Z",
      "session": 67,
      "_visited_element": 18,
      "description": null
    }
  },
  {
    "model": "service_development.callsessionstep",
    "pk": 102,
    "fields": {
      "time": "2020-05-12T12:15:35.511Z",
      "session": 67,
      "_visited_element": 21,
      "description": null
    }
  },
  {
    "model": "service_development.callsessionstep",
    "pk": 103,
    "fields": {
      "time": "2020-05-12T12:15:44.167Z",
      "session": 67,
      "_visited_element": 13,
      "description": null
    }
  },
  {
    "model": "service_development.callsessionstep",
    "pk": 104,
    "fields": {
      "time": "2020-05-12T12:20:13.098Z",
      "session": 68,
      "_visited_element": 18,
      "description": null
    }
  },
  {
    "model": "service_development.callsessionstep",
    "pk": 105,
    "fields": {
      "time": "2020-05-12T12:32:01.781Z",
      "session": 70,
      "_visited_element": 21,
      "description": null
    }
  },
  {
    "model": "service_development.callsessionstep",
    "pk": 106,
    "fields": {
      "time": "2020-05-12T12:32:59.047Z",
      "session": 71,
      "_visited_element": null,
      "description": "Registered as user: 0652697207"
    }
  },
  {
    "model": "service_development.callsessionstep",
    "pk": 107,
    "fields": {
      "time": "2020-05-12T12:32:59.205Z",
      "session": 71,
      "_visited_element": 21,
      "description": null
    }
  },
  {
    "model": "service_development.callsessionstep",
    "pk": 108,
    "fields": {
      "time": "2020-05-12T12:34:11.329Z",
      "session": 72,
      "_visited_element": 21,
      "description": null
    }
  },
  {
    "model": "service_development.callsessionstep",
    "pk": 109,
    "fields": {
      "time": "2020-05-12T12:34:34.619Z",
      "session": 73,
      "_visited_element": 21,
      "description": null
    }
  },
  {
    "model": "service_development.callsessionstep",
    "pk": 110,
    "fields": {
      "time": "2020-05-12T12:35:24.639Z",
      "session": 74,
      "_visited_element": 21,
      "description": null
    }
  },
  {
    "model": "service_development.callsessionstep",
    "pk": 111,
    "fields": {
      "time": "2020-05-12T12:35:34.425Z",
      "session": 74,
      "_visited_element": 13,
      "description": null
    }
  },
  {
    "model": "service_development.callsessionstep",
    "pk": 112,
    "fields": {
      "time": "2020-05-12T16:22:26.196Z",
      "session": 5,
      "_visited_element": null,
      "description": "Language selected, Nederlands"
    }
  },
  {
    "model": "service_development.callsessionstep",
    "pk": 113,
    "fields": {
      "time": "2020-05-12T17:52:50.843Z",
      "session": 75,
      "_visited_element": null,
      "description": "Language selected, English"
    }
  },
  {
    "model": "service_development.callsessionstep",
    "pk": 114,
    "fields": {
      "time": "2020-05-12T17:54:49.220Z",
      "session": 76,
      "_visited_element": null,
      "description": "Language selected, English"
    }
  },
  {
    "model": "service_development.callsessionstep",
    "pk": 115,
    "fields": {
      "time": "2020-05-12T17:54:49.380Z",
      "session": 76,
      "_visited_element": 25,
      "description": null
    }
  },
  {
    "model": "service_development.callsessionstep",
    "pk": 116,
    "fields": {
      "time": "2020-05-12T17:56:24.387Z",
      "session": 76,
      "_visited_element": 28,
      "description": null
    }
  },
  {
    "model": "service_development.callsessionstep",
    "pk": 117,
    "fields": {
      "time": "2020-05-12T17:58:19.689Z",
      "session": 77,
      "_visited_element": null,
      "description": "Language selected, English"
    }
  },
  {
    "model": "service_development.callsessionstep",
    "pk": 118,
    "fields": {
      "time": "2020-05-12T17:58:19.845Z",
      "session": 77,
      "_visited_element": 25,
      "description": null
    }
  },
  {
    "model": "service_development.callsessionstep",
    "pk": 119,
    "fields": {
      "time": "2020-05-12T18:09:54.680Z",
      "session": 78,
      "_visited_element": null,
      "description": "Language selected, English"
    }
  },
  {
    "model": "service_development.callsessionstep",
    "pk": 120,
    "fields": {
      "time": "2020-05-12T18:09:56.530Z",
      "session": 78,
      "_visited_element": 25,
      "description": null
    }
  },
  {
    "model": "service_development.callsessionstep",
    "pk": 121,
    "fields": {
      "time": "2020-05-12T18:10:10.243Z",
      "session": 78,
      "_visited_element": 28,
      "description": null
    }
  },
  {
    "model": "service_development.callsessionstep",
    "pk": 122,
    "fields": {
      "time": "2020-05-12T18:23:46.535Z",
      "session": 79,
      "_visited_element": null,
      "description": "Language selected, Nederlands"
    }
  },
  {
    "model": "service_development.callsessionstep",
    "pk": 123,
    "fields": {
      "time": "2020-05-12T18:23:46.673Z",
      "session": 79,
      "_visited_element": 25,
      "description": null
    }
  },
  {
    "model": "service_development.callsessionstep",
    "pk": 124,
    "fields": {
      "time": "2020-05-12T18:23:58.565Z",
      "session": 79,
      "_visited_element": 28,
      "description": null
    }
  },
  {
    "model": "service_development.callsessionstep",
    "pk": 125,
    "fields": {
      "time": "2020-05-13T19:20:15.480Z",
      "session": 80,
      "_visited_element": null,
      "description": "Language selected, English"
    }
  },
  {
    "model": "service_development.callsessionstep",
    "pk": 126,
    "fields": {
      "time": "2020-05-13T19:20:15.616Z",
      "session": 80,
      "_visited_element": 25,
      "description": null
    }
  },
  {
    "model": "service_development.callsessionstep",
    "pk": 127,
    "fields": {
      "time": "2020-05-13T19:20:25.915Z",
      "session": 80,
      "_visited_element": 14,
      "description": null
    }
  },
  {
    "model": "service_development.callsessionstep",
    "pk": 128,
    "fields": {
      "time": "2020-05-13T19:20:37.815Z",
      "session": 80,
      "_visited_element": 14,
      "description": null
    }
  },
  {
    "model": "service_development.callsessionstep",
    "pk": 129,
    "fields": {
      "time": "2020-05-13T19:24:31.837Z",
      "session": 81,
      "_visited_element": null,
      "description": "Language selected, English"
    }
  },
  {
    "model": "service_development.callsessionstep",
    "pk": 130,
    "fields": {
      "time": "2020-05-13T19:24:32.080Z",
      "session": 81,
      "_visited_element": 25,
      "description": null
    }
  },
  {
    "model": "service_development.callsessionstep",
    "pk": 131,
    "fields": {
      "time": "2020-05-13T19:24:42.226Z",
      "session": 81,
      "_visited_element": 14,
      "description": null
    }
  },
  {
    "model": "service_development.callsessionstep",
    "pk": 132,
    "fields": {
      "time": "2020-05-13T19:24:54.227Z",
      "session": 81,
      "_visited_element": 17,
      "description": null
    }
  },
  {
    "model": "service_development.callsessionstep",
    "pk": 133,
    "fields": {
      "time": "2020-05-13T19:25:27.366Z",
      "session": 81,
      "_visited_element": 13,
      "description": null
    }
  },
  {
    "model": "service_development.callsessionstep",
    "pk": 134,
    "fields": {
      "time": "2020-05-13T19:49:12.930Z",
      "session": 82,
      "_visited_element": null,
      "description": "Language selected, English"
    }
  },
  {
    "model": "service_development.callsessionstep",
    "pk": 135,
    "fields": {
      "time": "2020-05-13T19:49:13.019Z",
      "session": 82,
      "_visited_element": 25,
      "description": null
    }
  },
  {
    "model": "service_development.callsessionstep",
    "pk": 136,
    "fields": {
      "time": "2020-05-13T19:49:22.806Z",
      "session": 82,
      "_visited_element": 14,
      "description": null
    }
  },
  {
    "model": "service_development.callsessionstep",
    "pk": 137,
    "fields": {
      "time": "2020-05-13T19:49:34.426Z",
      "session": 82,
      "_visited_element": 17,
      "description": null
    }
  },
  {
    "model": "service_development.callsessionstep",
    "pk": 138,
    "fields": {
      "time": "2020-05-13T19:53:42.007Z",
      "session": 83,
      "_visited_element": null,
      "description": "Language selected, English"
    }
  },
  {
    "model": "service_development.callsessionstep",
    "pk": 139,
    "fields": {
      "time": "2020-05-13T19:53:42.178Z",
      "session": 83,
      "_visited_element": 25,
      "description": null
    }
  },
  {
    "model": "service_development.callsessionstep",
    "pk": 140,
    "fields": {
      "time": "2020-05-13T19:53:48.874Z",
      "session": 83,
      "_visited_element": 14,
      "description": null
    }
  },
  {
    "model": "service_development.callsessionstep",
    "pk": 141,
    "fields": {
      "time": "2020-05-13T19:54:02.769Z",
      "session": 83,
      "_visited_element": 17,
      "description": null
    }
  },
  {
    "model": "service_development.callsessionstep",
    "pk": 142,
    "fields": {
      "time": "2020-05-13T19:54:33.476Z",
      "session": 83,
      "_visited_element": 28,
      "description": null
    }
  },
  {
    "model": "service_development.callsessionstep",
    "pk": 143,
    "fields": {
      "time": "2020-05-15T13:17:27.629Z",
      "session": 86,
      "_visited_element": null,
      "description": "Registered as user: 0615629289"
    }
  },
  {
    "model": "service_development.callsessionstep",
    "pk": 144,
    "fields": {
      "time": "2020-05-15T13:17:27.763Z",
      "session": 86,
      "_visited_element": 18,
      "description": null
    }
  },
  {
    "model": "service_development.callsessionstep",
    "pk": 145,
    "fields": {
      "time": "2020-05-15T13:17:51.190Z",
      "session": 87,
      "_visited_element": 18,
      "description": null
    }
  },
  {
    "model": "service_development.callsessionstep",
    "pk": 146,
    "fields": {
      "time": "2020-05-15T13:18:33.167Z",
      "session": 88,
      "_visited_element": 18,
      "description": null
    }
  },
  {
    "model": "service_development.callsessionstep",
    "pk": 147,
    "fields": {
      "time": "2020-05-15T13:20:09.220Z",
      "session": 89,
      "_visited_element": 18,
      "description": null
    }
  },
  {
    "model": "service_development.callsessionstep",
    "pk": 148,
    "fields": {
      "time": "2020-05-15T13:23:23.628Z",
      "session": 90,
      "_visited_element": 18,
      "description": null
    }
  },
  {
    "model": "service_development.callsessionstep",
    "pk": 149,
    "fields": {
      "time": "2020-05-15T13:26:00.055Z",
      "session": 91,
      "_visited_element": 18,
      "description": null
    }
  },
  {
    "model": "service_development.callsessionstep",
    "pk": 150,
    "fields": {
      "time": "2020-05-15T13:26:03.771Z",
      "session": 91,
      "_visited_element": 21,
      "description": null
    }
  },
  {
    "model": "service_development.callsessionstep",
    "pk": 151,
    "fields": {
      "time": "2020-05-15T13:26:10.714Z",
      "session": 91,
      "_visited_element": 13,
      "description": null
    }
  },
  {
    "model": "service_development.callsessionstep",
    "pk": 152,
    "fields": {
      "time": "2020-05-15T15:54:04.530Z",
      "session": 92,
      "_visited_element": 18,
      "description": null
    }
  },
  {
    "model": "service_development.callsessionstep",
    "pk": 153,
    "fields": {
      "time": "2020-05-15T15:54:18.462Z",
      "session": 92,
      "_visited_element": 21,
      "description": null
    }
  },
  {
    "model": "service_development.callsessionstep",
    "pk": 154,
    "fields": {
      "time": "2020-05-15T15:54:30.228Z",
      "session": 92,
      "_visited_element": 24,
      "description": null
    }
  },
  {
    "model": "service_development.callsessionstep",
    "pk": 155,
    "fields": {
      "time": "2020-05-15T17:52:11.633Z",
      "session": 93,
      "_visited_element": 18,
      "description": null
    }
  },
  {
    "model": "service_development.callsessionstep",
    "pk": 156,
    "fields": {
      "time": "2020-05-15T17:52:20.818Z",
      "session": 93,
      "_visited_element": 21,
      "description": null
    }
  },
  {
    "model": "service_development.callsessionstep",
    "pk": 157,
    "fields": {
      "time": "2020-05-15T17:52:27.329Z",
      "session": 93,
      "_visited_element": 13,
      "description": null
    }
  },
  {
    "model": "service_development.callsessionstep",
    "pk": 158,
    "fields": {
      "time": "2020-05-15T17:52:56.236Z",
      "session": 94,
      "_visited_element": 18,
      "description": null
    }
  },
  {
    "model": "service_development.callsessionstep",
    "pk": 159,
    "fields": {
      "time": "2020-05-15T17:53:00.480Z",
      "session": 94,
      "_visited_element": 21,
      "description": null
    }
  },
  {
    "model": "service_development.callsessionstep",
    "pk": 160,
    "fields": {
      "time": "2020-05-15T17:53:04.385Z",
      "session": 94,
      "_visited_element": 13,
      "description": null
    }
  },
  {
    "model": "service_development.choice",
    "pk": 2,
    "fields": {}
  },
  {
    "model": "service_development.choice",
    "pk": 8,
    "fields": {}
  },
  {
    "model": "service_development.choice",
    "pk": 14,
    "fields": {}
  },
  {
    "model": "service_development.choice",
    "pk": 18,
    "fields": {}
  },
  {
    "model": "service_development.choice",
    "pk": 21,
    "fields": {}
  },
  {
    "model": "service_development.choice",
    "pk": 25,
    "fields": {}
  },
  {
    "model": "service_development.choiceoption",
    "pk": 3,
    "fields": {
      "parent": 2,
      "_redirect": 5
    }
  },
  {
    "model": "service_development.choiceoption",
    "pk": 4,
    "fields": {
      "parent": 2,
      "_redirect": 7
    }
  },
  {
    "model": "service_development.choiceoption",
    "pk": 9,
    "fields": {
      "parent": 8,
      "_redirect": null
    }
  },
  {
    "model": "service_development.choiceoption",
    "pk": 10,
    "fields": {
      "parent": 8,
      "_redirect": null
    }
  },
  {
    "model": "service_development.choiceoption",
    "pk": 11,
    "fields": {
      "parent": 8,
      "_redirect": null
    }
  },
  {
    "model": "service_development.choiceoption",
    "pk": 12,
    "fields": {
      "parent": 8,
      "_redirect": null
    }
  },
  {
    "model": "service_development.choiceoption",
    "pk": 15,
    "fields": {
      "parent": 14,
      "_redirect": 17
    }
  },
  {
    "model": "service_development.choiceoption",
    "pk": 16,
    "fields": {
      "parent": 14,
      "_redirect": 28
    }
  },
  {
    "model": "service_development.choiceoption",
    "pk": 19,
    "fields": {
      "parent": 18,
      "_redirect": 21
    }
  },
  {
    "model": "service_development.choiceoption",
    "pk": 20,
    "fields": {
      "parent": 18,
      "_redirect": 21
    }
  },
  {
    "model": "service_development.choiceoption",
    "pk": 22,
    "fields": {
      "parent": 21,
      "_redirect": 13
    }
  },
  {
    "model": "service_development.choiceoption",
    "pk": 23,
    "fields": {
      "parent": 21,
      "_redirect": 24
    }
  },
  {
    "model": "service_development.choiceoption",
    "pk": 26,
    "fields": {
      "parent": 25,
      "_redirect": 14
    }
  },
  {
    "model": "service_development.choiceoption",
    "pk": 27,
    "fields": {
      "parent": 25,
      "_redirect": 14
    }
  },
  {
    "model": "service_development.messagepresentation",
    "pk": 5,
    "fields": {
      "final_element": false,
      "_redirect": 6
    }
  },
  {
    "model": "service_development.messagepresentation",
    "pk": 6,
    "fields": {
      "final_element": true,
      "_redirect": null
    }
  },
  {
    "model": "service_development.messagepresentation",
    "pk": 7,
    "fields": {
      "final_element": false,
      "_redirect": 6
    }
  },
  {
    "model": "service_development.messagepresentation",
    "pk": 13,
    "fields": {
      "final_element": true,
      "_redirect": null
    }
  },
  {
    "model": "service_development.messagepresentation",
    "pk": 24,
    "fields": {
      "final_element": true,
      "_redirect": null
    }
  },
  {
    "model": "service_development.messagepresentation",
    "pk": 28,
    "fields": {
      "final_element": true,
      "_redirect": null
    }
  },
  {
    "model": "service_development.userinputcategory",
    "pk": 1,
    "fields": {
      "name": "messages",
      "description": null,
      "service": 3
    }
  },
  {
    "model": "service_development.spokenuserinput",
    "pk": 1,
    "fields": {
      "audio": "uploads/recording_14_17.wav",
      "time": "2020-04-23T08:24:28.075Z",
      "session": 14,
      "category": 1,
      "description": null
    }
  },
  {
    "model": "service_development.spokenuserinput",
    "pk": 2,
    "fields": {
      "audio": "uploads/recording_15_17.wav",
      "time": "2020-04-23T08:29:18.111Z",
      "session": 15,
      "category": 1,
      "description": null
    }
  },
  {
    "model": "service_development.spokenuserinput",
    "pk": 3,
    "fields": {
      "audio": "uploads/recording_17_17.wav",
      "time": "2020-04-30T17:36:42.125Z",
      "session": 17,
      "category": 1,
      "description": null
    }
  },
  {
    "model": "service_development.spokenuserinput",
    "pk": 4,
    "fields": {
      "audio": "uploads/recording_24_17.wav",
      "time": "2020-04-30T18:13:32.092Z",
      "session": 24,
      "category": 1,
      "description": null
    }
  },
  {
    "model": "service_development.spokenuserinput",
    "pk": 37,
    "fields": {
      "audio": "uploads/recording_58_17.wav",
      "time": "2020-05-05T13:27:47.329Z",
      "session": 58,
      "category": 1,
      "description": null
    }
  },
  {
    "model": "service_development.spokenuserinput",
    "pk": 38,
    "fields": {
      "audio": "uploads/recording_81_17.wav",
      "time": "2020-05-13T19:25:27.282Z",
      "session": 81,
      "category": 1,
      "description": null
    }
  },
  {
    "model": "service_development.spokenuserinput",
    "pk": 39,
    "fields": {
      "audio": "uploads/recording_83_17.wav",
      "time": "2020-05-13T19:54:33.402Z",
      "session": 83,
      "category": 1,
      "description": null
    }
  },
  {
    "model": "service_development.record",
    "pk": 17,
    "fields": {
      "not_heard_voice_label": 29,
      "repeat_recording_to_caller": true,
      "repeat_voice_label": 30,
      "ask_confirmation": true,
      "ask_confirmation_voice_label": 31,
      "final_voice_label": 32,
      "input_category": 1,
      "max_time_input": 179,
      "_redirect": 28
    }
  },
  {
    "model": "service_development.choicesaved",
    "pk": 1,
    "fields": {
      "call_date": "2020-05-12T17:56:24.327Z",
      "choice": "Yes",
      "session": 81
    }
  },
  {
    "model": "service_development.choicesaved",
    "pk": 2,
    "fields": {
      "call_date": "2020-05-12T18:10:08.994Z",
      "choice": "No",
      "session": 81
    }
  },
  {
    "model": "service_development.choicesaved",
    "pk": 3,
    "fields": {
      "call_date": "2020-05-12T18:23:58.521Z",
      "choice": "Yes",
      "session": 81
    }
  },
  {
    "model": "service_development.choicesaved",
    "pk": 4,
    "fields": {
      "call_date": "2020-05-13T19:20:25.837Z",
      "choice": "No",
      "session": 81
    }
  },
  {
    "model": "service_development.choicesaved",
    "pk": 5,
    "fields": {
      "call_date": "2020-05-13T19:20:37.768Z",
      "choice": "Record-positive",
      "session": 81
    }
  },
  {
    "model": "service_development.choicesaved",
    "pk": 6,
    "fields": {
      "call_date": "2020-05-13T19:24:42.175Z",
      "choice": "No",
      "session": 81
    }
  },
  {
    "model": "service_development.choicesaved",
    "pk": 7,
    "fields": {
      "call_date": "2020-05-13T19:24:54.137Z",
      "choice": "Record-positive",
      "session": 81
    }
  },
  {
    "model": "service_development.choicesaved",
    "pk": 8,
    "fields": {
      "call_date": "2020-05-13T19:49:22.763Z",
      "choice": "Yes",
      "session": 81
    }
  },
  {
    "model": "service_development.choicesaved",
    "pk": 9,
    "fields": {
      "call_date": "2020-05-13T19:49:34.330Z",
      "choice": "Record-positive",
      "session": 83
    }
  },
  {
    "model": "service_development.choicesaved",
    "pk": 10,
    "fields": {
      "call_date": "2020-05-13T19:53:48.798Z",
      "choice": "Yes",
      "session": 83
    }
  },
  {
    "model": "service_development.choicesaved",
    "pk": 11,
    "fields": {
      "call_date": "2020-05-13T19:54:02.693Z",
      "choice": "Record-positive",
      "session": 83
    }
  },
  {
    "model": "service_development.choicesaved",
    "pk": 12,
    "fields": {
      "call_date": "2020-05-15T13:26:03.724Z",
      "choice": "Dutch",
      "session": 83
    }
  },
  {
    "model": "service_development.choicesaved",
    "pk": 13,
    "fields": {
      "call_date": "2020-05-15T13:26:10.643Z",
      "choice": "Yes",
      "session": 91
    }
  },
  {
    "model": "service_development.choicesaved",
    "pk": 14,
    "fields": {
      "call_date": "2020-05-15T15:54:18.388Z",
      "choice": "English",
      "session": 92
    }
  },
  {
    "model": "service_development.choicesaved",
    "pk": 15,
    "fields": {
      "call_date": "2020-05-15T15:54:30.183Z",
      "choice": "No",
      "session": 92
    }
  },
  {
    "model": "service_development.choicesaved",
    "pk": 16,
    "fields": {
      "call_date": "2020-05-15T17:52:20.773Z",
      "choice": "Dutch",
      "session": 93
    }
  },
  {
    "model": "service_development.choicesaved",
    "pk": 17,
    "fields": {
      "call_date": "2020-05-15T17:52:27.285Z",
      "choice": "Yes",
      "session": 93
    }
  },
  {
    "model": "service_development.choicesaved",
    "pk": 18,
    "fields": {
      "call_date": "2020-05-15T17:53:00.409Z",
      "choice": "Dutch",
      "session": 94
    }
  },
  {
    "model": "service_development.choicesaved",
    "pk": 19,
    "fields": {
      "call_date": "2020-05-15T17:53:04.340Z",
      "choice": "Yes",
      "session": 94
    }
  },
  {
    "model": "auth.user",
    "pk": 1,
    "fields": {
      "password": "pbkdf2_sha256$180000$KJzaUmUGhnPn$n+vuQdJLwNdZR4BTjDxrgZOtvN3AAsRcw6q3A2Ie5HI=",
      "last_login": "2020-05-12T12:02:36.085Z",
      "is_superuser": true,
      "username": "group2",
      "first_name": "",
      "last_name": "",
      "email": "m.funke5+kasadaka@gmail.com",
      "is_staff": true,
      "is_active": true,
      "date_joined": "2020-04-22T08:25:40.267Z",
      "groups": [],
      "user_permissions": []
    }
  },
  {
    "model": "sessions.session",
    "pk": "6b0swzvitojff14oup3njouiiwa8fv87",
    "fields": {
      "session_data": "NDI5MjkyNzdjYjUyNWZkM2I2YzFjNmIxZjk1OTc4MzVmYzhhNzk3Yzp7Il9hdXRoX3VzZXJfaWQiOiIxIiwiX2F1dGhfdXNlcl9iYWNrZW5kIjoiZGphbmdvLmNvbnRyaWIuYXV0aC5iYWNrZW5kcy5Nb2RlbEJhY2tlbmQiLCJfYXV0aF91c2VyX2hhc2giOiI0ZmE3MjI2YTYxNmYwYTk0YWE5Yzk3NGNjNjRjOWJiYzg2Yjk2NGRjIn0=",
      "expire_date": "2020-05-06T12:32:56.276Z"
    }
  },
  {
    "model": "sessions.session",
    "pk": "6dclgw3ctehr5ulwafczg4hgpvs0jt40",
    "fields": {
      "session_data": "NDI5MjkyNzdjYjUyNWZkM2I2YzFjNmIxZjk1OTc4MzVmYzhhNzk3Yzp7Il9hdXRoX3VzZXJfaWQiOiIxIiwiX2F1dGhfdXNlcl9iYWNrZW5kIjoiZGphbmdvLmNvbnRyaWIuYXV0aC5iYWNrZW5kcy5Nb2RlbEJhY2tlbmQiLCJfYXV0aF91c2VyX2hhc2giOiI0ZmE3MjI2YTYxNmYwYTk0YWE5Yzk3NGNjNjRjOWJiYzg2Yjk2NGRjIn0=",
      "expire_date": "2020-05-06T12:33:38.023Z"
    }
  },
  {
    "model": "sessions.session",
    "pk": "6lc26l9wvml0f5plhzs2w20fftg42s63",
    "fields": {
      "session_data": "NDI5MjkyNzdjYjUyNWZkM2I2YzFjNmIxZjk1OTc4MzVmYzhhNzk3Yzp7Il9hdXRoX3VzZXJfaWQiOiIxIiwiX2F1dGhfdXNlcl9iYWNrZW5kIjoiZGphbmdvLmNvbnRyaWIuYXV0aC5iYWNrZW5kcy5Nb2RlbEJhY2tlbmQiLCJfYXV0aF91c2VyX2hhc2giOiI0ZmE3MjI2YTYxNmYwYTk0YWE5Yzk3NGNjNjRjOWJiYzg2Yjk2NGRjIn0=",
      "expire_date": "2020-05-26T12:02:36.090Z"
    }
  },
  {
    "model": "sessions.session",
    "pk": "6zuh7hwj2afywtden5n30foa2qj7tb35",
    "fields": {
      "session_data": "NDI5MjkyNzdjYjUyNWZkM2I2YzFjNmIxZjk1OTc4MzVmYzhhNzk3Yzp7Il9hdXRoX3VzZXJfaWQiOiIxIiwiX2F1dGhfdXNlcl9iYWNrZW5kIjoiZGphbmdvLmNvbnRyaWIuYXV0aC5iYWNrZW5kcy5Nb2RlbEJhY2tlbmQiLCJfYXV0aF91c2VyX2hhc2giOiI0ZmE3MjI2YTYxNmYwYTk0YWE5Yzk3NGNjNjRjOWJiYzg2Yjk2NGRjIn0=",
      "expire_date": "2020-05-07T07:45:37.989Z"
    }
  },
  {
    "model": "sessions.session",
    "pk": "j1qben0ji9wt5dkhz503oahnfhbhemlu",
    "fields": {
      "session_data": "NDI5MjkyNzdjYjUyNWZkM2I2YzFjNmIxZjk1OTc4MzVmYzhhNzk3Yzp7Il9hdXRoX3VzZXJfaWQiOiIxIiwiX2F1dGhfdXNlcl9iYWNrZW5kIjoiZGphbmdvLmNvbnRyaWIuYXV0aC5iYWNrZW5kcy5Nb2RlbEJhY2tlbmQiLCJfYXV0aF91c2VyX2hhc2giOiI0ZmE3MjI2YTYxNmYwYTk0YWE5Yzk3NGNjNjRjOWJiYzg2Yjk2NGRjIn0=",
      "expire_date": "2020-05-06T12:32:50.324Z"
    }
  },
  {
    "model": "sessions.session",
    "pk": "nsm364l2p46wqrr5fbatvy4okmzh1whr",
    "fields": {
      "session_data": "NDI5MjkyNzdjYjUyNWZkM2I2YzFjNmIxZjk1OTc4MzVmYzhhNzk3Yzp7Il9hdXRoX3VzZXJfaWQiOiIxIiwiX2F1dGhfdXNlcl9iYWNrZW5kIjoiZGphbmdvLmNvbnRyaWIuYXV0aC5iYWNrZW5kcy5Nb2RlbEJhY2tlbmQiLCJfYXV0aF91c2VyX2hhc2giOiI0ZmE3MjI2YTYxNmYwYTk0YWE5Yzk3NGNjNjRjOWJiYzg2Yjk2NGRjIn0=",
      "expire_date": "2020-05-06T12:33:10.577Z"
    }
  },
  {
    "model": "sessions.session",
    "pk": "slljct6zyjv56j2zz4bplhdsa1a0uubn",
    "fields": {
      "session_data": "NDI5MjkyNzdjYjUyNWZkM2I2YzFjNmIxZjk1OTc4MzVmYzhhNzk3Yzp7Il9hdXRoX3VzZXJfaWQiOiIxIiwiX2F1dGhfdXNlcl9iYWNrZW5kIjoiZGphbmdvLmNvbnRyaWIuYXV0aC5iYWNrZW5kcy5Nb2RlbEJhY2tlbmQiLCJfYXV0aF91c2VyX2hhc2giOiI0ZmE3MjI2YTYxNmYwYTk0YWE5Yzk3NGNjNjRjOWJiYzg2Yjk2NGRjIn0=",
      "expire_date": "2020-05-14T17:49:47.769Z"
    }
  },
  {
    "model": "sessions.session",
    "pk": "uawaihcdirjmp3ndwtgz35goif9ve0nw",
    "fields": {
      "session_data": "NDI5MjkyNzdjYjUyNWZkM2I2YzFjNmIxZjk1OTc4MzVmYzhhNzk3Yzp7Il9hdXRoX3VzZXJfaWQiOiIxIiwiX2F1dGhfdXNlcl9iYWNrZW5kIjoiZGphbmdvLmNvbnRyaWIuYXV0aC5iYWNrZW5kcy5Nb2RlbEJhY2tlbmQiLCJfYXV0aF91c2VyX2hhc2giOiI0ZmE3MjI2YTYxNmYwYTk0YWE5Yzk3NGNjNjRjOWJiYzg2Yjk2NGRjIn0=",
      "expire_date": "2020-05-06T12:35:28.235Z"
    }
  },
  {
    "model": "sessions.session",
    "pk": "ut9h44az56zf9l0rpb1x50pulif1y9n1",
    "fields": {
      "session_data": "NDI5MjkyNzdjYjUyNWZkM2I2YzFjNmIxZjk1OTc4MzVmYzhhNzk3Yzp7Il9hdXRoX3VzZXJfaWQiOiIxIiwiX2F1dGhfdXNlcl9iYWNrZW5kIjoiZGphbmdvLmNvbnRyaWIuYXV0aC5iYWNrZW5kcy5Nb2RlbEJhY2tlbmQiLCJfYXV0aF91c2VyX2hhc2giOiI0ZmE3MjI2YTYxNmYwYTk0YWE5Yzk3NGNjNjRjOWJiYzg2Yjk2NGRjIn0=",
      "expire_date": "2020-05-14T17:48:48.313Z"
    }
  },
  {
    "model": "sessions.session",
    "pk": "vfbef72bg5i9yfx5d813g68bvzc2ejf1",
    "fields": {
      "session_data": "NDI5MjkyNzdjYjUyNWZkM2I2YzFjNmIxZjk1OTc4MzVmYzhhNzk3Yzp7Il9hdXRoX3VzZXJfaWQiOiIxIiwiX2F1dGhfdXNlcl9iYWNrZW5kIjoiZGphbmdvLmNvbnRyaWIuYXV0aC5iYWNrZW5kcy5Nb2RlbEJhY2tlbmQiLCJfYXV0aF91c2VyX2hhc2giOiI0ZmE3MjI2YTYxNmYwYTk0YWE5Yzk3NGNjNjRjOWJiYzg2Yjk2NGRjIn0=",
      "expire_date": "2020-05-06T08:26:32.827Z"
    }
  },
  {
    "model": "admin.logentry",
    "pk": 1,
    "fields": {
      "action_time": "2020-04-22T08:42:02.327Z",
      "user": [
        "group2"
      ],
      "content_type": [
        "service_development",
        "voiceservice"
      ],
      "object_id": "1",
      "object_repr": "Voice Service: King's truth checker",
      "action_flag": 2,
      "change_message": "[{\"changed\": {\"fields\": [\"Voice service active\"]}}]"
    }
  },
  {
    "model": "admin.logentry",
    "pk": 2,
    "fields": {
      "action_time": "2020-04-22T08:42:17.259Z",
      "user": [
        "group2"
      ],
      "content_type": [
        "service_development",
        "voiceservice"
      ],
      "object_id": "1",
      "object_repr": "Voice Service: King's truth checker",
      "action_flag": 2,
      "change_message": "[]"
    }
  },
  {
    "model": "admin.logentry",
    "pk": 3,
    "fields": {
      "action_time": "2020-04-23T07:47:27.253Z",
      "user": [
        "group2"
      ],
      "content_type": [
        "service_development",
        "voiceservice"
      ],
      "object_id": "2",
      "object_repr": "Voice Service: Foroba-Blon",
      "action_flag": 2,
      "change_message": "[]"
    }
  },
  {
    "model": "admin.logentry",
    "pk": 4,
    "fields": {
      "action_time": "2020-04-23T07:56:56.535Z",
      "user": [
        "group2"
      ],
      "content_type": [
        "service_development",
        "voicelabel"
      ],
      "object_id": "27",
      "object_repr": "Voice Label: elaborate_choice",
      "action_flag": 1,
      "change_message": "[{\"added\": {}}, {\"added\": {\"name\": \"Voice Fragment\", \"object\": \"Voice Fragment: (English) elaborate_choice\"}}]"
    }
  },
  {
    "model": "admin.logentry",
    "pk": 5,
    "fields": {
      "action_time": "2020-04-23T07:57:28.835Z",
      "user": [
        "group2"
      ],
      "content_type": [
        "service_development",
        "choice"
      ],
      "object_id": "14",
      "object_repr": "Record message",
      "action_flag": 1,
      "change_message": "[{\"added\": {}}, {\"added\": {\"name\": \"Voice Service\", \"object\": \"(Record message): Yes\"}}, {\"added\": {\"name\": \"Voice Service\", \"object\": \"(Record message): No\"}}]"
    }
  },
  {
    "model": "admin.logentry",
    "pk": 6,
    "fields": {
      "action_time": "2020-04-23T07:59:33.555Z",
      "user": [
        "group2"
      ],
      "content_type": [
        "service_development",
        "choice"
      ],
      "object_id": "14",
      "object_repr": "Record message",
      "action_flag": 2,
      "change_message": "[]"
    }
  },
  {
    "model": "admin.logentry",
    "pk": 7,
    "fields": {
      "action_time": "2020-04-23T08:00:26.267Z",
      "user": [
        "group2"
      ],
      "content_type": [
        "service_development",
        "choice"
      ],
      "object_id": "14",
      "object_repr": "Record message",
      "action_flag": 2,
      "change_message": "[{\"changed\": {\"name\": \"Voice Service\", \"object\": \"(Record message): Yes\", \"fields\": [\"Description\"]}}]"
    }
  },
  {
    "model": "admin.logentry",
    "pk": 8,
    "fields": {
      "action_time": "2020-04-23T08:03:42.404Z",
      "user": [
        "group2"
      ],
      "content_type": [
        "service_development",
        "voicelabel"
      ],
      "object_id": "28",
      "object_repr": "Voice Label: record_beep",
      "action_flag": 1,
      "change_message": "[{\"added\": {}}, {\"added\": {\"name\": \"Voice Fragment\", \"object\": \"Voice Fragment: (English) record_beep\"}}]"
    }
  },
  {
    "model": "admin.logentry",
    "pk": 9,
    "fields": {
      "action_time": "2020-04-23T08:06:16.446Z",
      "user": [
        "group2"
      ],
      "content_type": [
        "service_development",
        "voicelabel"
      ],
      "object_id": "29",
      "object_repr": "Voice Label: no voice",
      "action_flag": 1,
      "change_message": "[{\"added\": {}}, {\"added\": {\"name\": \"Voice Fragment\", \"object\": \"Voice Fragment: (English) no voice\"}}]"
    }
  },
  {
    "model": "admin.logentry",
    "pk": 10,
    "fields": {
      "action_time": "2020-04-23T08:07:43.912Z",
      "user": [
        "group2"
      ],
      "content_type": [
        "service_development",
        "voicelabel"
      ],
      "object_id": "30",
      "object_repr": "Voice Label: Your message",
      "action_flag": 1,
      "change_message": "[{\"added\": {}}, {\"added\": {\"name\": \"Voice Fragment\", \"object\": \"Voice Fragment: (English) Your message\"}}]"
    }
  },
  {
    "model": "admin.logentry",
    "pk": 11,
    "fields": {
      "action_time": "2020-04-23T08:12:01.768Z",
      "user": [
        "group2"
      ],
      "content_type": [
        "service_development",
        "voicelabel"
      ],
      "object_id": "31",
      "object_repr": "Voice Label: recording satisfaction",
      "action_flag": 1,
      "change_message": "[{\"added\": {}}, {\"added\": {\"name\": \"Voice Fragment\", \"object\": \"Voice Fragment: (English) recording satisfaction\"}}]"
    }
  },
  {
    "model": "admin.logentry",
    "pk": 12,
    "fields": {
      "action_time": "2020-04-23T08:12:36.062Z",
      "user": [
        "group2"
      ],
      "content_type": [
        "service_development",
        "userinputcategory"
      ],
      "object_id": "1",
      "object_repr": "\"messages\" (\"Foroba-Blon\")",
      "action_flag": 1,
      "change_message": "[{\"added\": {}}]"
    }
  },
  {
    "model": "admin.logentry",
    "pk": 13,
    "fields": {
      "action_time": "2020-04-23T08:12:44.907Z",
      "user": [
        "group2"
      ],
      "content_type": [
        "service_development",
        "record"
      ],
      "object_id": "17",
      "object_repr": "Record: record after beep",
      "action_flag": 1,
      "change_message": "[{\"added\": {}}]"
    }
  },
  {
    "model": "admin.logentry",
    "pk": 14,
    "fields": {
      "action_time": "2020-04-23T08:13:31.534Z",
      "user": [
        "group2"
      ],
      "content_type": [
        "service_development",
        "choice"
      ],
      "object_id": "14",
      "object_repr": "Record message",
      "action_flag": 2,
      "change_message": "[{\"changed\": {\"name\": \"Voice Service\", \"object\": \"(Record message): Yes\", \"fields\": [\"Redirect element\"]}}, {\"changed\": {\"name\": \"Voice Service\", \"object\": \"(Record message): No\", \"fields\": [\"Redirect element\"]}}]"
    }
  },
  {
    "model": "admin.logentry",
    "pk": 15,
    "fields": {
      "action_time": "2020-04-23T08:16:43.782Z",
      "user": [
        "group2"
      ],
      "content_type": [
        "service_development",
        "choice"
      ],
      "object_id": "8",
      "object_repr": "Radio Question Of The Day",
      "action_flag": 2,
      "change_message": "[{\"changed\": {\"name\": \"Voice Service\", \"object\": \"(Radio Question Of The Day): Infrastructure\", \"fields\": [\"Redirect element\"]}}, {\"changed\": {\"name\": \"Voice Service\", \"object\": \"(Radio Question Of The Day): Health services\", \"fields\": [\"Redirect element\"]}}, {\"changed\": {\"name\": \"Voice Service\", \"object\": \"(Radio Question Of The Day): Educational programmes\", \"fields\": [\"Redirect element\"]}}, {\"changed\": {\"name\": \"Voice Service\", \"object\": \"(Radio Question Of The Day): Food security\", \"fields\": [\"Redirect element\"]}}]"
    }
  },
  {
    "model": "admin.logentry",
    "pk": 16,
    "fields": {
      "action_time": "2020-04-23T08:16:56.369Z",
      "user": [
        "group2"
      ],
      "content_type": [
        "service_development",
        "choice"
      ],
      "object_id": "14",
      "object_repr": "Record message",
      "action_flag": 2,
      "change_message": "[{\"changed\": {\"name\": \"Voice Service\", \"object\": \"(Record message): Yes\", \"fields\": [\"Redirect element\"]}}]"
    }
  },
  {
    "model": "admin.logentry",
    "pk": 17,
    "fields": {
      "action_time": "2020-04-23T08:23:10.844Z",
      "user": [
        "group2"
      ],
      "content_type": [
        "service_development",
        "choice"
      ],
      "object_id": "14",
      "object_repr": "Record message",
      "action_flag": 2,
      "change_message": "[{\"changed\": {\"name\": \"Voice Service\", \"object\": \"(Record message): No\", \"fields\": [\"Description\"]}}]"
    }
  },
  {
    "model": "admin.logentry",
    "pk": 18,
    "fields": {
      "action_time": "2020-04-23T08:27:15.485Z",
      "user": [
        "group2"
      ],
      "content_type": [
        "service_development",
        "voicelabel"
      ],
      "object_id": "32",
      "object_repr": "Voice Label: thank feedback",
      "action_flag": 1,
      "change_message": "[{\"added\": {}}, {\"added\": {\"name\": \"Voice Fragment\", \"object\": \"Voice Fragment: (English) thank feedback\"}}]"
    }
  },
  {
    "model": "admin.logentry",
    "pk": 19,
    "fields": {
      "action_time": "2020-04-23T08:27:43.326Z",
      "user": [
        "group2"
      ],
      "content_type": [
        "service_development",
        "record"
      ],
      "object_id": "17",
      "object_repr": "Record: record after beep",
      "action_flag": 2,
      "change_message": "[{\"changed\": {\"fields\": [\"Final voice label\"]}}]"
    }
  },
  {
    "model": "admin.logentry",
    "pk": 20,
    "fields": {
      "action_time": "2020-04-30T17:43:45.655Z",
      "user": [
        "group2"
      ],
      "content_type": [
        "service_development",
        "choice"
      ],
      "object_id": "8",
      "object_repr": "Radio Question Of The Day",
      "action_flag": 2,
      "change_message": "[{\"changed\": {\"name\": \"Voice Service\", \"object\": \"(Radio Question Of The Day): Infrastructure\", \"fields\": [\"Voice label\"]}}]"
    }
  },
  {
    "model": "admin.logentry",
    "pk": 21,
    "fields": {
      "action_time": "2020-04-30T17:49:25.258Z",
      "user": [
        "group2"
      ],
      "content_type": [
        "service_development",
        "choice"
      ],
      "object_id": "8",
      "object_repr": "Radio Question Of The Day",
      "action_flag": 2,
      "change_message": "[{\"changed\": {\"name\": \"Voice Service\", \"object\": \"(Radio Question Of The Day): Infrastructure\", \"fields\": [\"Description\"]}}, {\"changed\": {\"name\": \"Voice Service\", \"object\": \"(Radio Question Of The Day): Health services\", \"fields\": [\"Description\"]}}, {\"changed\": {\"name\": \"Voice Service\", \"object\": \"(Radio Question Of The Day): Educational programmes\", \"fields\": [\"Description\"]}}, {\"changed\": {\"name\": \"Voice Service\", \"object\": \"(Radio Question Of The Day): Food security\", \"fields\": [\"Description\"]}}]"
    }
  },
  {
    "model": "admin.logentry",
    "pk": 22,
    "fields": {
      "action_time": "2020-04-30T17:51:33.854Z",
      "user": [
        "group2"
      ],
      "content_type": [
        "service_development",
        "voicelabel"
      ],
      "object_id": "33",
      "object_repr": "Voice Label: Infrastructure",
      "action_flag": 1,
      "change_message": "[{\"added\": {}}, {\"added\": {\"name\": \"Voice Fragment\", \"object\": \"Voice Fragment: (English) Infrastructure\"}}]"
    }
  },
  {
    "model": "admin.logentry",
    "pk": 23,
    "fields": {
      "action_time": "2020-04-30T17:51:59.755Z",
      "user": [
        "group2"
      ],
      "content_type": [
        "service_development",
        "voicelabel"
      ],
      "object_id": "33",
      "object_repr": "Voice Label: Infrastructure",
      "action_flag": 2,
      "change_message": "[]"
    }
  },
  {
    "model": "admin.logentry",
    "pk": 24,
    "fields": {
      "action_time": "2020-04-30T17:52:15.954Z",
      "user": [
        "group2"
      ],
      "content_type": [
        "service_development",
        "choice"
      ],
      "object_id": "8",
      "object_repr": "Radio Question Of The Day",
      "action_flag": 2,
      "change_message": "[{\"changed\": {\"name\": \"Voice Service\", \"object\": \"(Radio Question Of The Day): Infrastructure\", \"fields\": [\"Voice label\"]}}]"
    }
  },
  {
    "model": "admin.logentry",
    "pk": 25,
    "fields": {
      "action_time": "2020-04-30T17:59:40.193Z",
      "user": [
        "group2"
      ],
      "content_type": [
        "service_development",
        "voicelabel"
      ],
      "object_id": "26",
      "object_repr": "Voice Label: Radio Question",
      "action_flag": 2,
      "change_message": "[{\"changed\": {\"name\": \"Voice Fragment\", \"object\": \"Voice Fragment: (English) Radio Question\", \"fields\": [\"Audio\"]}}]"
    }
  },
  {
    "model": "admin.logentry",
    "pk": 26,
    "fields": {
      "action_time": "2020-04-30T17:59:51.872Z",
      "user": [
        "group2"
      ],
      "content_type": [
        "service_development",
        "voicelabel"
      ],
      "object_id": "33",
      "object_repr": "Voice Label: Infrastructure",
      "action_flag": 2,
      "change_message": "[{\"changed\": {\"name\": \"Voice Fragment\", \"object\": \"Voice Fragment: (English) Infrastructure\", \"fields\": [\"Audio\"]}}]"
    }
  },
  {
    "model": "admin.logentry",
    "pk": 27,
    "fields": {
      "action_time": "2020-04-30T18:00:12.761Z",
      "user": [
        "group2"
      ],
      "content_type": [
        "service_development",
        "voicelabel"
      ],
      "object_id": "34",
      "object_repr": "Voice Label: Health Service",
      "action_flag": 1,
      "change_message": "[{\"added\": {}}, {\"added\": {\"name\": \"Voice Fragment\", \"object\": \"Voice Fragment: (English) Health Service\"}}]"
    }
  },
  {
    "model": "admin.logentry",
    "pk": 28,
    "fields": {
      "action_time": "2020-04-30T18:00:49.948Z",
      "user": [
        "group2"
      ],
      "content_type": [
        "service_development",
        "choice"
      ],
      "object_id": "8",
      "object_repr": "Radio Question Of The Day",
      "action_flag": 2,
      "change_message": "[{\"changed\": {\"name\": \"Voice Service\", \"object\": \"(Radio Question Of The Day): Health services\", \"fields\": [\"Voice label\"]}}, {\"changed\": {\"name\": \"Voice Service\", \"object\": \"(Radio Question Of The Day): Educational programmes\", \"fields\": [\"Voice label\"]}}, {\"changed\": {\"name\": \"Voice Service\", \"object\": \"(Radio Question Of The Day): Food security\", \"fields\": [\"Voice label\"]}}]"
    }
  },
  {
    "model": "admin.logentry",
    "pk": 29,
    "fields": {
      "action_time": "2020-04-30T18:06:02.548Z",
      "user": [
        "group2"
      ],
      "content_type": [
        "service_development",
        "voicelabel"
      ],
      "object_id": "35",
      "object_repr": "Voice Label: Food Security",
      "action_flag": 1,
      "change_message": "[{\"added\": {}}, {\"added\": {\"name\": \"Voice Fragment\", \"object\": \"Voice Fragment: (English) Food Security\"}}]"
    }
  },
  {
    "model": "admin.logentry",
    "pk": 30,
    "fields": {
      "action_time": "2020-04-30T18:07:00.512Z",
      "user": [
        "group2"
      ],
      "content_type": [
        "service_development",
        "voicelabel"
      ],
      "object_id": "36",
      "object_repr": "Voice Label: Educational Program",
      "action_flag": 1,
      "change_message": "[{\"added\": {}}, {\"added\": {\"name\": \"Voice Fragment\", \"object\": \"Voice Fragment: (English) Educational Program\"}}]"
    }
  },
  {
    "model": "admin.logentry",
    "pk": 31,
    "fields": {
      "action_time": "2020-04-30T18:07:48.616Z",
      "user": [
        "group2"
      ],
      "content_type": [
        "service_development",
        "choice"
      ],
      "object_id": "8",
      "object_repr": "Radio Question Of The Day",
      "action_flag": 2,
      "change_message": "[{\"changed\": {\"name\": \"Voice Service\", \"object\": \"(Radio Question Of The Day): Educational programmes\", \"fields\": [\"Voice label\"]}}, {\"changed\": {\"name\": \"Voice Service\", \"object\": \"(Radio Question Of The Day): Food security\", \"fields\": [\"Voice label\"]}}]"
    }
  },
  {
    "model": "admin.logentry",
    "pk": 32,
    "fields": {
      "action_time": "2020-04-30T18:08:05.832Z",
      "user": [
        "group2"
      ],
      "content_type": [
        "service_development",
        "choice"
      ],
      "object_id": "14",
      "object_repr": "Record message",
      "action_flag": 2,
      "change_message": "[]"
    }
  },
  {
    "model": "admin.logentry",
    "pk": 33,
    "fields": {
      "action_time": "2020-04-30T18:12:02.829Z",
      "user": [
        "group2"
      ],
      "content_type": [
        "service_development",
        "voicelabel"
      ],
      "object_id": "27",
      "object_repr": "Voice Label: elaborate_choice",
      "action_flag": 2,
      "change_message": "[{\"changed\": {\"name\": \"Voice Fragment\", \"object\": \"Voice Fragment: (English) elaborate_choice\", \"fields\": [\"Audio\"]}}]"
    }
  },
  {
    "model": "admin.logentry",
    "pk": 66,
    "fields": {
      "action_time": "2020-05-12T12:08:17.540Z",
      "user": [
        "group2"
      ],
      "content_type": [
        "service_development",
        "choice"
      ],
      "object_id": "18",
      "object_repr": "Language picker",
      "action_flag": 1,
      "change_message": "[{\"added\": {}}, {\"added\": {\"name\": \"Voice Service\", \"object\": \"(Language picker): Dutch\"}}, {\"added\": {\"name\": \"Voice Service\", \"object\": \"(Language picker): English\"}}]"
    }
  },
  {
    "model": "admin.logentry",
    "pk": 67,
    "fields": {
      "action_time": "2020-05-12T12:10:43.327Z",
      "user": [
        "group2"
      ],
      "content_type": [
        "service_development",
        "choice"
      ],
      "object_id": "21",
      "object_repr": "Radio Question",
      "action_flag": 1,
      "change_message": "[{\"added\": {}}, {\"added\": {\"name\": \"Voice Service\", \"object\": \"(Radio Question): Yes\"}}, {\"added\": {\"name\": \"Voice Service\", \"object\": \"(Radio Question): No\"}}]"
    }
  },
  {
    "model": "admin.logentry",
    "pk": 68,
    "fields": {
      "action_time": "2020-05-12T12:11:51.823Z",
      "user": [
        "group2"
      ],
      "content_type": [
        "service_development",
        "choice"
      ],
      "object_id": "21",
      "object_repr": "Radio Question",
      "action_flag": 2,
      "change_message": "[{\"changed\": {\"fields\": [\"Voice label\"]}}, {\"changed\": {\"name\": \"Voice Service\", \"object\": \"(Radio Question): Yes\", \"fields\": [\"Redirect element\"]}}, {\"changed\": {\"name\": \"Voice Service\", \"object\": \"(Radio Question): No\", \"fields\": [\"Redirect element\"]}}]"
    }
  },
  {
    "model": "admin.logentry",
    "pk": 69,
    "fields": {
      "action_time": "2020-05-12T12:12:13.072Z",
      "user": [
        "group2"
      ],
      "content_type": [
        "service_development",
        "choice"
      ],
      "object_id": "18",
      "object_repr": "Language picker",
      "action_flag": 2,
      "change_message": "[{\"changed\": {\"name\": \"Voice Service\", \"object\": \"(Language picker): Dutch\", \"fields\": [\"Redirect element\"]}}, {\"changed\": {\"name\": \"Voice Service\", \"object\": \"(Language picker): English\", \"fields\": [\"Redirect element\"]}}]"
    }
  },
  {
    "model": "admin.logentry",
    "pk": 70,
    "fields": {
      "action_time": "2020-05-12T12:12:33.561Z",
      "user": [
        "group2"
      ],
      "content_type": [
        "service_development",
        "choice"
      ],
      "object_id": "8",
      "object_repr": "Radio Question Of The Day",
      "action_flag": 2,
      "change_message": "[]"
    }
  },
  {
    "model": "admin.logentry",
    "pk": 71,
    "fields": {
      "action_time": "2020-05-12T12:13:08.892Z",
      "user": [
        "group2"
      ],
      "content_type": [
        "service_development",
        "voiceservice"
      ],
      "object_id": "2",
      "object_repr": "Voice Service: Foroba-Blon",
      "action_flag": 2,
      "change_message": "[{\"changed\": {\"fields\": [\"Starting element\"]}}]"
    }
  },
  {
    "model": "admin.logentry",
    "pk": 72,
    "fields": {
      "action_time": "2020-05-12T12:13:45.420Z",
      "user": [
        "group2"
      ],
      "content_type": [
        "service_development",
        "choice"
      ],
      "object_id": "21",
      "object_repr": "Radio Question",
      "action_flag": 2,
      "change_message": "[{\"changed\": {\"name\": \"Voice Service\", \"object\": \"(Radio Question): Yes\", \"fields\": [\"Redirect element\"]}}, {\"changed\": {\"name\": \"Voice Service\", \"object\": \"(Radio Question): No\", \"fields\": [\"Redirect element\"]}}]"
    }
  },
  {
    "model": "admin.logentry",
    "pk": 73,
    "fields": {
      "action_time": "2020-05-12T12:31:42.520Z",
      "user": [
        "group2"
      ],
      "content_type": [
        "service_development",
        "voiceservice"
      ],
      "object_id": "2",
      "object_repr": "Voice Service: Foroba-Blon",
      "action_flag": 2,
      "change_message": "[{\"changed\": {\"fields\": [\"Starting element\"]}}]"
    }
  },
  {
    "model": "admin.logentry",
    "pk": 74,
    "fields": {
      "action_time": "2020-05-12T12:32:42.764Z",
      "user": [
        "group2"
      ],
      "content_type": [
        "service_development",
        "voiceservice"
      ],
      "object_id": "2",
      "object_repr": "Voice Service: Foroba-Blon",
      "action_flag": 2,
      "change_message": "[{\"changed\": {\"fields\": [\"Supported languages\", \"User registration\"]}}]"
    }
  },
  {
    "model": "admin.logentry",
    "pk": 75,
    "fields": {
      "action_time": "2020-05-12T12:34:16.280Z",
      "user": [
        "group2"
      ],
      "content_type": [
        "service_development",
        "voiceservice"
      ],
      "object_id": "2",
      "object_repr": "Voice Service: Foroba-Blon",
      "action_flag": 2,
      "change_message": "[{\"changed\": {\"fields\": [\"Supported languages\"]}}]"
    }
  },
  {
    "model": "admin.logentry",
    "pk": 76,
    "fields": {
      "action_time": "2020-05-12T12:35:07.383Z",
      "user": [
        "group2"
      ],
      "content_type": [
        "service_development",
        "voiceservice"
      ],
      "object_id": "2",
      "object_repr": "Voice Service: Foroba-Blon",
      "action_flag": 2,
      "change_message": "[{\"changed\": {\"fields\": [\"User registration\"]}}]"
    }
  },
  {
    "model": "admin.logentry",
    "pk": 77,
    "fields": {
      "action_time": "2020-05-12T12:36:03.377Z",
      "user": [
        "group2"
      ],
      "content_type": [
        "service_development",
        "voiceservice"
      ],
      "object_id": "2",
      "object_repr": "Voice Service: Foroba-Blon",
      "action_flag": 2,
      "change_message": "[{\"changed\": {\"fields\": [\"Supported languages\", \"User registration\", \"Starting element\"]}}]"
    }
  },
  {
    "model": "admin.logentry",
    "pk": 78,
    "fields": {
      "action_time": "2020-05-12T12:36:43.638Z",
      "user": [
        "group2"
      ],
      "content_type": [
        "service_development",
        "choice"
      ],
      "object_id": "21",
      "object_repr": "Radio Question - Yes/No",
      "action_flag": 2,
      "change_message": "[{\"changed\": {\"fields\": [\"Name\"]}}]"
    }
  },
  {
    "model": "admin.logentry",
    "pk": 79,
    "fields": {
      "action_time": "2020-05-12T12:37:33.560Z",
      "user": [
        "group2"
      ],
      "content_type": [
        "service_development",
        "messagepresentation"
      ],
      "object_id": "13",
      "object_repr": "Message: [YES] Thank you for using this service",
      "action_flag": 2,
      "change_message": "[{\"changed\": {\"fields\": [\"Name\"]}}]"
    }
  },
  {
    "model": "admin.logentry",
    "pk": 80,
    "fields": {
      "action_time": "2020-05-12T12:38:18.463Z",
      "user": [
        "group2"
      ],
      "content_type": [
        "service_development",
        "messagepresentation"
      ],
      "object_id": "24",
      "object_repr": "Message: [NO] Thank you for using this service",
      "action_flag": 1,
      "change_message": "[{\"added\": {}}]"
    }
  },
  {
    "model": "admin.logentry",
    "pk": 81,
    "fields": {
      "action_time": "2020-05-12T12:38:26.506Z",
      "user": [
        "group2"
      ],
      "content_type": [
        "service_development",
        "messagepresentation"
      ],
      "object_id": "13",
      "object_repr": "Message: [YES] Thank you for using this service",
      "action_flag": 2,
      "change_message": "[]"
    }
  },
  {
    "model": "admin.logentry",
    "pk": 82,
    "fields": {
      "action_time": "2020-05-12T12:38:41.877Z",
      "user": [
        "group2"
      ],
      "content_type": [
        "service_development",
        "choice"
      ],
      "object_id": "21",
      "object_repr": "Radio Question - Yes/No",
      "action_flag": 2,
      "change_message": "[{\"changed\": {\"name\": \"Voice Service\", \"object\": \"(Radio Question - Yes/No): No\", \"fields\": [\"Redirect element\"]}}]"
    }
  },
  {
    "model": "admin.logentry",
    "pk": 83,
    "fields": {
      "action_time": "2020-05-12T17:44:39.023Z",
      "user": [
        "group2"
      ],
      "content_type": [
        "service_development",
        "voiceservice"
      ],
      "object_id": "3",
      "object_repr": "Voice Service: Yes-No-Service",
      "action_flag": 1,
      "change_message": "[{\"added\": {}}]"
    }
  },
  {
    "model": "admin.logentry",
    "pk": 84,
    "fields": {
      "action_time": "2020-05-12T17:47:28.456Z",
      "user": [
        "group2"
      ],
      "content_type": [
        "service_development",
        "voicelabel"
      ],
      "object_id": "67",
      "object_repr": "Voice Label: Yes-No-Label-Start",
      "action_flag": 1,
      "change_message": "[{\"added\": {}}, {\"added\": {\"name\": \"Voice Fragment\", \"object\": \"Voice Fragment: (English) Yes-No-Label-Start\"}}, {\"added\": {\"name\": \"Voice Fragment\", \"object\": \"Voice Fragment: (Nederlands) Yes-No-Label-Start\"}}]"
    }
  },
  {
    "model": "admin.logentry",
    "pk": 85,
    "fields": {
      "action_time": "2020-05-12T17:48:59.998Z",
      "user": [
        "group2"
      ],
      "content_type": [
        "service_development",
        "choice"
      ],
      "object_id": "25",
      "object_repr": "Yes-No-Choice",
      "action_flag": 1,
      "change_message": "[{\"added\": {}}, {\"added\": {\"name\": \"Voice Service\", \"object\": \"(Yes-No-Choice): Yes\"}}, {\"added\": {\"name\": \"Voice Service\", \"object\": \"(Yes-No-Choice): No\"}}]"
    }
  },
  {
    "model": "admin.logentry",
    "pk": 86,
    "fields": {
      "action_time": "2020-05-12T17:50:26.036Z",
      "user": [
        "group2"
      ],
      "content_type": [
        "service_development",
        "messagepresentation"
      ],
      "object_id": "28",
      "object_repr": "Message: Yes-No-End-Presentation",
      "action_flag": 1,
      "change_message": "[{\"added\": {}}]"
    }
  },
  {
    "model": "admin.logentry",
    "pk": 87,
    "fields": {
      "action_time": "2020-05-12T17:50:47.607Z",
      "user": [
        "group2"
      ],
      "content_type": [
        "service_development",
        "choice"
      ],
      "object_id": "25",
      "object_repr": "Yes-No-Choice",
      "action_flag": 2,
      "change_message": "[{\"changed\": {\"name\": \"Voice Service\", \"object\": \"(Yes-No-Choice): Yes\", \"fields\": [\"Redirect element\"]}}, {\"changed\": {\"name\": \"Voice Service\", \"object\": \"(Yes-No-Choice): No\", \"fields\": [\"Redirect element\"]}}]"
    }
  },
  {
    "model": "admin.logentry",
    "pk": 88,
    "fields": {
      "action_time": "2020-05-12T17:54:05.670Z",
      "user": [
        "group2"
      ],
      "content_type": [
        "service_development",
        "voiceservice"
      ],
      "object_id": "3",
      "object_repr": "Voice Service: Yes-No-Service",
      "action_flag": 2,
      "change_message": "[{\"changed\": {\"fields\": [\"Starting element\"]}}]"
    }
  },
  {
    "model": "admin.logentry",
    "pk": 89,
    "fields": {
      "action_time": "2020-05-13T18:51:09.488Z",
      "user": [
        "group2"
      ],
      "content_type": [
        "service_development",
        "choice"
      ],
      "object_id": "14",
      "object_repr": "Record message",
      "action_flag": 2,
      "change_message": "[{\"changed\": {\"name\": \"Voice Service\", \"object\": \"(Record message): Record-positive\", \"fields\": [\"Name\"]}}, {\"changed\": {\"name\": \"Voice Service\", \"object\": \"(Record message): Record-negative\", \"fields\": [\"Name\", \"Redirect element\"]}}]"
    }
  },
  {
    "model": "admin.logentry",
    "pk": 90,
    "fields": {
      "action_time": "2020-05-13T18:53:24.928Z",
      "user": [
        "group2"
      ],
      "content_type": [
        "service_development",
        "choice"
      ],
      "object_id": "14",
      "object_repr": "Record message",
      "action_flag": 2,
      "change_message": "[{\"changed\": {\"fields\": [\"Service\"]}}, {\"changed\": {\"name\": \"Voice Service\", \"object\": \"(Record message): Record-negative\", \"fields\": [\"Redirect element\"]}}]"
    }
  },
  {
    "model": "admin.logentry",
    "pk": 91,
    "fields": {
      "action_time": "2020-05-13T18:54:04.436Z",
      "user": [
        "group2"
      ],
      "content_type": [
        "service_development",
        "choice"
      ],
      "object_id": "14",
      "object_repr": "Record message",
      "action_flag": 2,
      "change_message": "[{\"changed\": {\"name\": \"Voice Service\", \"object\": \"(Record message): Record-positive\", \"fields\": [\"Service\"]}}, {\"changed\": {\"name\": \"Voice Service\", \"object\": \"(Record message): Record-negative\", \"fields\": [\"Service\"]}}]"
    }
  },
  {
    "model": "admin.logentry",
    "pk": 92,
    "fields": {
      "action_time": "2020-05-13T19:04:49.747Z",
      "user": [
        "group2"
      ],
      "content_type": [
        "service_development",
        "choice"
      ],
      "object_id": "25",
      "object_repr": "Yes-No-Choice",
      "action_flag": 2,
      "change_message": "[{\"changed\": {\"name\": \"Voice Service\", \"object\": \"(Yes-No-Choice): Yes\", \"fields\": [\"Redirect element\"]}}, {\"changed\": {\"name\": \"Voice Service\", \"object\": \"(Yes-No-Choice): No\", \"fields\": [\"Redirect element\"]}}]"
    }
  },
  {
    "model": "admin.logentry",
    "pk": 93,
    "fields": {
      "action_time": "2020-05-13T19:05:32.628Z",
      "user": [
        "group2"
      ],
      "content_type": [
        "service_development",
        "choice"
      ],
      "object_id": "8",
      "object_repr": "Radio Question Of The Day",
      "action_flag": 2,
      "change_message": "[{\"changed\": {\"name\": \"Voice Service\", \"object\": \"(Radio Question Of The Day): Infrastructure\", \"fields\": [\"Redirect element\"]}}, {\"changed\": {\"name\": \"Voice Service\", \"object\": \"(Radio Question Of The Day): Health services\", \"fields\": [\"Redirect element\"]}}, {\"changed\": {\"name\": \"Voice Service\", \"object\": \"(Radio Question Of The Day): Educational programmes\", \"fields\": [\"Redirect element\"]}}, {\"changed\": {\"name\": \"Voice Service\", \"object\": \"(Radio Question Of The Day): Food security\", \"fields\": [\"Redirect element\"]}}]"
    }
  },
  {
    "model": "admin.logentry",
    "pk": 94,
    "fields": {
      "action_time": "2020-05-13T19:05:45.691Z",
      "user": [
        "group2"
      ],
      "content_type": [
        "service_development",
        "choice"
      ],
      "object_id": "25",
      "object_repr": "Yes-No-Choice",
      "action_flag": 2,
      "change_message": "[{\"changed\": {\"name\": \"Voice Service\", \"object\": \"(Yes-No-Choice): Yes\", \"fields\": [\"Redirect element\"]}}, {\"changed\": {\"name\": \"Voice Service\", \"object\": \"(Yes-No-Choice): No\", \"fields\": [\"Redirect element\"]}}]"
    }
  },
  {
    "model": "admin.logentry",
    "pk": 95,
    "fields": {
      "action_time": "2020-05-13T19:15:10.441Z",
      "user": [
        "group2"
      ],
      "content_type": [
        "service_development",
        "voicelabel"
      ],
      "object_id": "68",
      "object_repr": "Voice Label: Yes-No-Record-Beep",
      "action_flag": 1,
      "change_message": "[{\"added\": {}}, {\"added\": {\"name\": \"Voice Fragment\", \"object\": \"Voice Fragment: (English) Yes-No-Record-Beep\"}}]"
    }
  },
  {
    "model": "admin.logentry",
    "pk": 96,
    "fields": {
      "action_time": "2020-05-13T19:18:53.063Z",
      "user": [
        "group2"
      ],
      "content_type": [
        "service_development",
        "choice"
      ],
      "object_id": "14",
      "object_repr": "Record message",
      "action_flag": 2,
      "change_message": "[{\"changed\": {\"name\": \"Voice Service\", \"object\": \"(Record message): Record-positive\", \"fields\": [\"Redirect element\"]}}]"
    }
  },
  {
    "model": "admin.logentry",
    "pk": 97,
    "fields": {
      "action_time": "2020-05-13T19:19:10.671Z",
      "user": [
        "group2"
      ],
      "content_type": [
        "service_development",
        "choice"
      ],
      "object_id": "14",
      "object_repr": "Record message",
      "action_flag": 2,
      "change_message": "[]"
    }
  },
  {
    "model": "admin.logentry",
    "pk": 98,
    "fields": {
      "action_time": "2020-05-13T19:23:59.368Z",
      "user": [
        "group2"
      ],
      "content_type": [
        "service_development",
        "choice"
      ],
      "object_id": "14",
      "object_repr": "Record message",
      "action_flag": 2,
      "change_message": "[{\"changed\": {\"name\": \"Voice Service\", \"object\": \"(Record message): Record-positive\", \"fields\": [\"Redirect element\"]}}]"
    }
  },
  {
    "model": "admin.logentry",
    "pk": 99,
    "fields": {
      "action_time": "2020-05-13T19:32:48.984Z",
      "user": [
        "group2"
      ],
      "content_type": [
        "service_development",
        "userinputcategory"
      ],
      "object_id": "1",
      "object_repr": "\"messages\" (\"Yes-No-Service\")",
      "action_flag": 2,
      "change_message": "[{\"changed\": {\"fields\": [\"Voice service\"]}}]"
    }
  },
  {
    "model": "admin.logentry",
    "pk": 100,
    "fields": {
      "action_time": "2020-05-13T19:34:50.447Z",
      "user": [
        "group2"
      ],
      "content_type": [
        "service_development",
        "record"
      ],
      "object_id": "17",
      "object_repr": "Record: record after beep",
      "action_flag": 2,
      "change_message": "[{\"changed\": {\"fields\": [\"Service\", \"Final voice label\", \"Redirect element\"]}}]"
    }
  },
  {
    "model": "admin.logentry",
    "pk": 101,
    "fields": {
      "action_time": "2020-05-13T19:53:21.699Z",
      "user": [
        "group2"
      ],
      "content_type": [
        "service_development",
        "record"
      ],
      "object_id": "17",
      "object_repr": "Record: record after beep",
      "action_flag": 2,
      "change_message": "[{\"changed\": {\"fields\": [\"Final voice label\"]}}]"
    }
  }
]